eid,lengthofstay
1,2.6406556083772257
7,6.137014599363708
9,2.9780700845370003
13,2.996117975578684
25,5.614343121184265
30,1.750417945222393
34,4.661148644550667
43,5.086929867440912
51,1.7563549087468866
54,4.629125886848417
61,1.7087381565619757
67,2.6780946037955617
70,5.678136909594571
72,7.0017164223770365
82,3.9114938565881707
84,4.6275148814311065
86,4.035492406644007
87,5.2101210363754875
89,6.818258668619786
92,9.374230206909465
96,5.4829193378269565
105,2.6888232000597183
108,1.0129365686749097
115,3.8082187045248124
119,1.7101862359034956
120,4.724473988671184
129,4.802244955358738
142,1.6610251659688093
161,1.083279920396111
169,5.570821663610355
170,5.6090057524508685
172,8.531663644004535
174,1.750045578964679
184,1.7386239046725813
185,5.88234490949896
206,6.813773383374772
209,6.094217165218126
213,0.9202238622610177
222,4.801873856029322
224,1.1012305089973666
228,1.3396207677535532
237,3.0722020086354025
239,7.731945903263623
256,6.4162128531892435
264,3.8533254941368
266,5.1171616024043916
277,2.1188710091547707
278,6.021883530711008
283,2.095293430985386
295,4.18651194476938
307,1.9838076825962574
311,3.0286496078794825
313,5.854691962917336
314,2.6917128657040217
316,1.725749005368936
319,1.0615427521694514
322,2.6627353266467155
329,5.5611205153736165
342,5.456580222224053
355,0.9132877643739414
360,7.7155737800946
362,3.428087094822345
363,6.078981738707402
366,2.792034987195988
403,6.971041471750715
412,6.712101396880506
414,4.672851308007697
425,2.6558914841424954
426,3.8802191865689335
439,2.5629992976182066
441,7.793325641587113
442,5.925348083466924
443,2.8190306383358887
449,1.691747414853622
462,0.8857490376518933
467,2.1256384473714682
473,2.116937834470037
474,1.6689752438949719
476,6.818549213300873
485,2.6008049814834586
490,5.882106086505208
497,2.1561139271876826
501,5.854516445358108
502,3.9232235402329043
503,7.124046774853266
506,7.149836311934555
508,6.704446310595994
513,3.8258240274803232
514,1.62873243197715
517,3.62891737863144
518,5.29733620291294
527,3.7647872174492227
531,4.71275013504473
537,6.7892238333484585
542,1.955714583560444
548,1.1424464531615017
550,2.8700108105188553
558,2.839605722866682
559,4.935342681608529
570,6.65680223602593
576,0.8930421822444874
594,3.06578092023637
597,9.876814285591296
599,4.120304149636304
601,3.407332499287937
602,6.923899234902556
604,8.030745861092472
609,3.070365335561453
615,3.932652612645455
616,8.720708594898102
619,4.081484548684549
627,1.9303912200627371
636,1.0945829038319506
637,2.1045685552612947
642,6.095972346110246
644,1.1211313233000988
645,4.610490526229055
647,0.8971888371631027
649,7.912963854053858
652,3.710165575115906
653,4.949521200285758
666,1.0268962345835977
669,1.7075037950890302
672,1.7510209644897805
678,2.1841375469825457
683,3.9096825657679006
695,2.758058092134278
697,1.7267120825953017
699,2.7401471375178668
712,6.7161041727046085
717,2.7828589935910664
730,3.0227984013093123
737,5.9668972859682
741,5.116499675277103
749,1.118518315816373
752,3.3268040136655657
754,0.8829242069372563
759,3.04038072871674
760,1.088431167246843
761,6.045859545027223
767,7.91032166714782
775,3.1542885412380577
781,9.431390096649874
792,2.6614909817510846
802,2.7209867397183527
805,1.9340188213869576
808,4.7395690327107785
809,8.378640696268832
810,4.611967506647839
815,4.0678105419274635
817,1.2320730871430907
819,2.538866463579904
830,3.8620058023605788
831,1.0959091321039796
834,6.439220915671332
836,3.097251577426011
837,5.818094812040025
847,1.7231845125148113
848,2.2329756916031682
862,2.0720202569194566
890,1.7263665830045287
898,1.695300229685532
906,4.740335344097917
910,3.765064002028452
911,2.8207307671867934
914,4.091404112909938
924,1.1045172932332674
928,8.697253175593243
930,6.705114335463173
936,1.0858386320310678
941,9.072699118995892
946,9.292745798684027
947,1.7678390542580975
950,2.713738381817296
951,4.942503488890919
953,5.09212109703299
958,1.0669643737038603
960,1.7438664999450193
963,7.7332505338017965
964,3.9743833073648327
985,5.180139691720089
987,1.7529839854437723
999,3.109845932028791
1000,3.6218240898983423
1006,8.744821748885485
1018,5.9429586365093785
1020,7.58372220713165
1023,5.739249540303038
1031,6.950864567628027
1045,4.040417983688679
1047,9.65132451081563
1049,1.0970992446968046
1054,1.7032723835430081
1056,1.7492505591127476
1063,3.5702459589765305
1064,1.0318167131384373
1070,3.319381840367
1079,3.008207191878003
1083,3.1931402024474815
1084,8.054894280048376
1086,1.8354790733042559
1088,1.0997609688597239
1091,0.9117656333594657
1095,1.7692440294352823
1099,2.670300166229014
1103,6.116276203912898
1110,3.740008018547528
1111,0.9048076339832352
1113,5.584808836919505
1116,4.398166997369105
1118,5.675505602951823
1125,6.757648517537595
1129,6.61600193621857
1130,2.7856562013962822
1131,7.660518320956809
1134,2.8270965372404744
1138,3.8854955582532638
1142,1.8307014531405756
1143,1.1050104723241456
1145,7.61720678749522
1157,1.0874258619792072
1159,2.4520445295096187
1176,4.630542124476521
1179,6.515729565067172
1192,7.785667935489476
1196,4.708917237471602
1204,1.0571848869923803
1218,6.106024080966728
1220,2.1924510981802654
1226,3.790719912950058
1228,4.635327116131714
1229,3.876925536014438
1233,1.0979833348480041
1235,2.995893401155404
1244,7.064183656585774
1246,2.111135718164349
1251,1.0705206092045643
1253,6.924722074732388
1255,6.6204909744005445
1257,7.202163865348954
1258,4.898332948220354
1261,2.7704058912042377
1263,3.8743305791479465
1275,6.027651086409812
1281,7.162007327893416
1284,3.162701625154545
1286,1.793632810736673
1288,4.918841031867523
1291,1.857158339712957
1296,7.817587603177458
1302,1.1978150554827867
1309,3.0910393701588377
1310,2.7176198872792963
1312,8.734569131821846
1313,1.774029768838742
1320,5.771024927312779
1322,1.079580326078005
1323,3.860159357153581
1327,3.6378241200005665
1329,2.660221043158441
1336,2.256698257310136
1344,4.576274353812259
1348,6.777564622738309
1350,5.098282450271691
1351,4.031722876010072
1352,4.0244841479775975
1356,7.0723462118042
1358,3.1608150519442586
1363,1.9542506628772918
1370,8.725982388422306
1372,2.421916807137643
1380,3.9288138935756987
1382,2.924784363505913
1386,0.9129344126237902
1388,7.9010126504246525
1395,0.8959658198049749
1398,11.705003614754965
1400,3.6483003345748926
1412,8.68945657505056
1422,2.099272265125717
1426,6.137439784897666
1435,3.7349755731257814
1437,5.918381647765371
1439,2.6982970657339953
1442,3.9985014241332095
1446,2.9204245748176936
1449,2.5170984407221413
1454,0.915994178463797
1462,1.1265342533613905
1467,2.064349590212914
1468,3.20488801255096
1470,5.420845059714639
1475,2.401214599117149
1480,6.081586527677109
1481,6.818588727611591
1483,6.4992312615733905
1491,1.7341483640172526
1493,3.762691395677373
1503,2.8414739758162773
1506,2.084659932748978
1520,7.278846403797172
1525,1.9469962040600537
1533,1.5158075027563944
1534,4.879626229504823
1537,3.904761477846985
1542,1.301912892794776
1548,5.547025737494865
1549,4.9015167998697065
1556,9.269059442199824
1560,8.168767396568704
1563,6.7112323045700455
1564,5.90238582720324
1571,1.0890954442679206
1583,7.103168140076024
1605,9.706563683699594
1606,6.922411988970769
1611,3.6078844976848363
1612,6.048374185715499
1615,0.9041284756925503
1620,1.0750594405477725
1623,3.0624651341707056
1625,2.616846774160193
1636,3.7365614048625013
1638,6.703093537170023
1640,3.7029913375214782
1641,4.125493672805711
1642,3.133420409805691
1644,2.7130452565420615
1646,0.9186023572672131
1650,2.682647060309198
1651,5.0895279736944445
1652,1.126289756058259
1663,8.644286631300455
1666,1.7095168161578385
1673,3.86769335204133
1688,6.124567953664483
1695,4.66421480469118
1697,1.0761495197699897
1701,3.7867497924787754
1709,6.155709143716131
1713,4.090759836927631
1715,4.573044908809693
1723,1.862133571990185
1735,3.9254684853906934
1744,2.650406624969412
1746,6.87358981718123
1750,7.785822090728171
1751,1.7298700421132849
1752,5.1838447049909675
1753,0.8642385328641482
1755,4.010716206542517
1757,4.6400607926452695
1760,3.686053665120527
1761,5.185802007613295
1764,1.690996827729177
1769,7.641977401207837
1772,6.144652799768046
1776,3.614589495608376
1784,0.8677567277259395
1788,2.6476047710797816
1791,4.547485670946226
1793,3.8595678524853243
1799,6.6833810388524535
1802,0.923878354410629
1804,11.980714501241014
1808,5.158589482245667
1809,1.1863649113600334
1815,6.687647224069998
1817,2.7946938754391573
1820,7.109602641406687
1825,4.642198825752593
1826,1.9081583083614566
1828,9.096772988138582
1830,2.1377469183710343
1837,2.170596901162689
1840,1.0826568018244513
1843,4.1548097798215
1844,4.016593363581056
1849,1.056624200226815
1850,1.1142326995521419
1853,1.6671025004207323
1855,4.2967652963336525
1867,8.19812097193616
1868,5.916470453294038
1869,2.1137600111953985
1871,5.643781606548915
1874,3.0338684428082807
1876,0.8728580296759216
1877,0.8780052105778564
1882,4.932363681413731
1884,6.096286809173927
1895,2.9010952194493553
1902,1.0507080041643597
1920,3.5622369541544336
1922,5.664474218228858
1926,4.053076521458092
1930,3.864606923775969
1935,4.824358050956987
1936,1.1263325081565174
1947,6.917955176438124
1953,3.6551290197810298
1967,4.578460708983428
1970,2.1043919762173373
1980,4.046816501546408
1981,5.412153481251985
1982,4.110370729369146
1985,4.055230127512501
1989,1.074643695439415
1993,7.147388720290607
1999,7.561147867439128
2004,4.070280352421625
2018,6.1000208735879555
2019,7.938031867131545
2024,2.738347143893562
2026,4.127362441005033
2027,1.1953733083107334
2028,6.268142142331368
2031,1.6134323290281851
2033,1.1105990002699961
2034,2.6742769125209556
2042,1.6707603135269076
2043,0.9218486078034198
2045,7.524020762975017
2048,5.929856753805675
2053,6.179424943053581
2054,5.913569034952381
2059,5.784716403748065
2060,1.9275434625226033
2068,1.784669269956225
2077,6.085210346998887
2078,5.061102714498631
2079,2.727934292509474
2083,7.097025453551868
2091,4.531291513229195
2092,1.7441569319988104
2096,6.769001306613859
2097,5.086620925637927
2103,1.0623404763527113
2105,4.646657082637761
2108,0.8986464736244062
2109,2.726319409416671
2116,2.7774095360229514
2118,5.1094532087134805
2120,3.7454650272690238
2126,0.8958054452631812
2141,5.766676415605233
2144,6.456611555671612
2146,4.010719544184172
2148,7.561645722369742
2150,4.50600589582968
2158,9.156411927509845
2160,2.7509918534428897
2165,1.092002072197093
2167,9.843254188208014
2180,0.9034856686713066
2184,3.9313466586665635
2186,3.5294393397359505
2188,1.1523729927878898
2189,5.930113370766843
2193,3.1318821216642183
2195,1.7653683774563746
2201,3.9533150080767263
2202,5.121656154093918
2205,5.857814677725447
2207,3.0255337393027935
2215,7.32131679739493
2219,4.163719633240902
2228,5.579650761599249
2234,6.607008001959992
2238,3.8293600431736396
2239,2.714500997133425
2243,5.505252959808944
2244,2.7579738236530065
2246,8.730037607620538
2253,6.56270476050906
2255,3.451722259640664
2257,8.016450016446905
2266,4.054432979281399
2270,3.6869448176435897
2271,3.006558739187349
2275,5.664967443012348
2278,1.7220198433558993
2286,1.055628480211535
2290,3.6905257787487606
2291,4.051926980064095
2296,0.9013568869353539
2302,3.1804428089078556
2303,3.60958012313633
2304,2.1839696343970827
2311,4.038007351682578
2313,7.700845896076247
2314,7.854867627403081
2315,8.982039830299657
2316,6.198364713268525
2319,5.827779391293202
2323,5.213606068447013
2330,7.847913288812039
2336,2.7939849543391944
2339,3.1216295998018886
2340,4.097514297424621
2354,5.084180895355807
2358,6.790403039268424
2362,2.500915365517958
2364,2.1550855401410254
2384,5.904488711786071
2385,1.1013874054890938
2395,1.1187979277486235
2397,5.097487841640308
2398,4.888101314534309
2400,0.9544265344575531
2404,2.6494668826771584
2406,2.692367599980887
2409,4.0865688627796155
2417,1.080537270816368
2423,7.659823684591978
2425,1.1091740885186052
2429,2.3389819227302153
2430,3.7604070946163213
2432,2.1090742409818466
2438,5.384138350955264
2441,3.4054897268360778
2442,2.9489078723952797
2443,2.073904565540874
2454,0.9229533516511368
2459,0.9239527157531646
2464,4.643611867008
2467,4.734239742708012
2468,5.3664752359013015
2473,1.0764647332258792
2474,1.9078992824237178
2478,3.4358808301957895
2479,4.106150169267486
2482,1.6668754044398377
2485,8.673925086261367
2486,6.929947627040471
2490,2.234525439695517
2499,4.726519906305054
2502,4.65311344992029
2503,6.700395905231721
2506,2.045346074708033
2509,3.916637222914032
2517,1.6973569408261238
2518,1.6774216565462736
2521,1.0813523377157774
2523,1.9370101227822167
2524,1.814262127728853
2533,5.679565267545425
2534,2.7571870558446037
2536,7.674749406109024
2544,5.110870490783093
2545,8.749695176270812
2552,3.68367586212523
2554,6.5508607752475125
2555,8.876194683336047
2559,2.9360855027121917
2564,4.62533903601938
2570,3.0991218470687807
2572,4.6563887174466645
2574,5.842543132068778
2575,1.66522276384732
2594,1.8203965294860383
2600,1.7413221622312176
2603,7.7224089030592165
2604,5.168897028932804
2606,1.6918382772546892
2610,3.303018030227621
2611,4.814638942022014
2613,5.175488742090042
2617,5.71986805192398
2624,3.849330609278985
2627,0.9287163308174722
2628,4.104811934869127
2631,4.04750508725136
2635,0.8770692133965996
2649,4.061795877691494
2653,3.982827765255113
2655,6.7282932855762
2670,7.092826695482932
2678,7.938965229395592
2694,5.919233930503764
2697,1.0941600783108214
2707,1.1932839130344846
2708,4.668733553495161
2713,0.9395619196728338
2714,4.067099423170108
2732,4.643204650853116
2739,5.090497223722977
2740,5.845712073496307
2750,3.87542519780735
2751,1.0667862146857585
2752,1.2187535150835442
2759,8.339830852983331
2761,3.7483909848163095
2769,1.957438622144271
2775,1.100021143703528
2782,4.651381772885492
2785,1.2214678806797545
2794,1.077160141281424
2795,11.353597406322262
2801,2.1952253152895667
2802,0.8936322027429813
2814,6.007585988460027
2822,4.9196176719556135
2830,7.6882458876525535
2835,2.6757963435986305
2836,8.164798094198598
2840,5.922351321278933
2841,4.1113928633463885
2842,2.6719678730365573
2845,2.659807950833218
2847,1.040540073798677
2849,1.7008091818948436
2863,5.948358008863848
2865,11.270153243552166
2873,1.6981208552169158
2874,5.107233620079427
2877,1.066103570942046
2880,1.9359994663421465
2892,5.871742052366605
2897,3.7110328834682194
2900,0.9022429046266813
2908,4.424702681920221
2909,3.549348465895456
2914,1.6751474915008249
2915,6.444371180632848
2918,0.887493836651537
2920,5.837781479489043
2924,3.761984429098514
2927,4.409703406730031
2938,4.656906568140851
2944,1.7346026226349531
2946,3.8299231461361205
2960,4.679399009591959
2973,0.9291206949693396
2977,1.1364759580024733
2990,6.11581692380663
2999,0.8900596171131352
3006,9.85319790490816
3007,2.6074662481028255
3010,2.8504337668364728
3015,1.0607009823154279
3016,4.716441483637955
3024,1.6907456373318426
3025,2.9849978764490945
3027,4.111202348946201
3039,6.6473958913259885
3045,3.7047591990301303
3046,3.846160633590376
3059,4.701191336276141
3064,1.650902412201217
3070,4.119382286180439
3077,8.653369307352136
3080,1.7685947391497825
3089,3.7370431884208215
3095,4.023634987167862
3096,4.690165807273809
3099,3.1992931411554375
3109,6.551787859545655
3111,1.7297441089195549
3112,4.34190880905177
3113,6.687660681967863
3118,1.1599440727359753
3124,3.2926007347290547
3126,8.048205418807182
3128,3.6572203623163904
3129,1.0627219422547074
3133,5.766883659051244
3134,6.082161516478397
3136,8.60829773300642
3141,6.318934463909016
3142,4.903739616640271
3145,1.131470438169774
3147,8.130882967513749
3155,0.9664283802234817
3156,2.713281001077633
3157,4.650405172325469
3172,6.888419474548522
3181,8.758859368055465
3182,5.449629259001959
3189,4.061036323942577
3190,7.788248615370085
3192,1.72552293770199
3193,1.0944218362195035
3200,4.0783292498026675
3204,4.888516378728234
3206,2.9944266835733826
3211,5.792529543974241
3212,3.637848292557763
3214,7.005001500416032
3223,8.025332204506658
3226,2.7833447559985074
3237,1.0649669083032172
3238,3.712515694521988
3242,10.985012898697997
3243,1.0820531049879833
3245,0.9113946331768283
3246,1.672940508888682
3255,2.1560899362029895
3263,5.246396979805841
3268,7.019939052358604
3270,2.5972876131052924
3273,4.742437766620695
3274,6.0220117722984075
3275,9.610673468781808
3278,1.6386899398444337
3281,4.109613351267882
3284,4.060312848281107
3286,6.761594069125584
3287,2.728225862838153
3293,2.79432982273655
3302,5.576004127608355
3305,4.598737767567442
3307,5.321557739259122
3310,3.7665308097855505
3316,5.693110578907867
3320,3.8990768139497995
3327,4.566703722615589
3328,0.8863705083529179
3330,4.613060555648027
3334,5.723973383356041
3337,1.8494577974056674
3340,1.8029077995178278
3346,7.394964437084509
3350,4.6589089766040415
3368,1.6837803866680692
3371,4.162982742830459
3375,3.501986640594224
3388,3.601376191414513
3393,5.08623093542011
3394,2.1948224494209545
3397,1.012716507985758
3404,6.113138377952443
3416,2.1239039945257105
3434,4.102595808089398
3436,3.114537124036592
3437,1.881038396759409
3446,2.713108267690729
3447,5.723855372441047
3452,5.676284420064167
3453,6.794259379894132
3464,7.019891267819691
3472,1.6647318178042272
3485,3.780790632336813
3486,3.8233567792077925
3488,6.8109613013200345
3492,3.1733483628874235
3494,3.873656673984246
3497,3.970308328686061
3503,1.206824306285113
3509,6.040935803416531
3515,5.8065659296420975
3529,1.0661639574389121
3536,6.611686135941037
3541,3.057294590531336
3553,2.9912520977102464
3555,2.8846522035653104
3556,1.1056498570080193
3560,1.18287013006054
3565,1.7106969183210605
3571,1.6561533794556316
3573,4.834754327952
3586,5.768880321873175
3590,1.735422915283591
3592,6.1370543768923245
3593,7.071754465550921
3595,1.786782751806375
3601,1.1283606965461948
3602,3.758372768132255
3604,3.235726741993826
3605,10.887371485922422
3606,4.956136900270903
3610,2.479432047720831
3612,5.310743045847722
3617,3.1424535716433866
3619,1.6798679766053457
3620,2.0653143714332822
3622,1.1343004418352032
3629,1.7964772303522292
3633,7.6428541116271145
3649,3.651537992075985
3655,4.5907678252244555
3657,2.999990380076974
3661,1.1100242860111194
3666,3.8885342056519048
3671,7.680232898989315
3672,0.890195659173564
3675,1.056775140734239
3688,3.1516870864913837
3689,6.842387378142048
3703,1.623359250020787
3707,3.7566666174747265
3713,2.815766516246623
3719,5.315772411037
3720,5.125365504823741
3723,0.8603331837114014
3727,1.7349977947297561
3730,4.865336750618683
3732,5.662046819901942
3734,3.6650826862290637
3741,1.647982467427057
3742,2.176058735805736
3745,8.794316757987808
3746,6.080743389256476
3759,4.4985624254952015
3763,6.631879790816322
3764,5.716696245266503
3771,5.761420778686511
3779,3.2036229862905183
3784,0.930367906115595
3786,5.148089453983564
3787,1.079347259080206
3790,5.101512465569561
3811,1.8863743421734962
3814,3.163093923395497
3818,0.886389473207327
3821,3.7797881574501533
3835,2.5251337307341677
3842,5.096184782016495
3855,0.8657183151651431
3857,4.109899716781216
3860,1.6964483760972286
3862,1.8304065663856095
3865,6.702309855431315
3870,1.137596668679294
3881,5.128125327957195
3883,2.1217429118968285
3884,6.708113715712954
3885,2.664148399478157
3890,5.014950172970106
3894,6.7431935193068675
3898,3.1758328483834664
3899,3.093339804636744
3913,1.0949475464457414
3914,7.299745371584981
3916,1.113604082394935
3917,3.054236724682367
3919,1.1135278042063228
3927,0.909843289274221
3936,1.0937194572020048
3948,3.741659183900568
3949,5.344782310673284
3952,6.885013612606294
3961,1.0333185305690824
3966,5.338053459213594
3971,5.606212115413512
3984,5.118418267273521
3993,7.68438059511722
4007,4.819315388036738
4008,4.004994904013228
4017,6.915239946201433
4019,4.014032645780821
4024,1.6743456354490802
4032,2.9658529421034907
4037,6.710137278065853
4040,6.444665734597232
4055,2.098297029947155
4057,1.1329703430335027
4061,4.669499848538656
4082,0.913777966387435
4091,6.0137278385163615
4096,1.1983228323635018
4097,2.1853993826234435
4106,4.0597504902070245
4116,2.844313052969748
4122,1.1673744933081243
4124,5.526442412851044
4126,8.716408051480741
4127,7.543606446503878
4139,1.1697548568976743
4140,6.6572453178231035
4142,6.941520723828159
4144,2.1899914195316708
4147,1.9734693799450245
4149,0.9102464175053382
4152,1.6665665214820984
4153,2.923317458148402
4157,1.709862303467145
4166,7.532437998312464
4170,6.0276684105471325
4181,3.8190289535975777
4190,1.0944413813314302
4192,3.9071882220132528
4196,4.031512727937685
4199,1.087624372922431
4201,4.934227667673193
4206,0.9438071951688469
4212,6.660721945224115
4227,4.677835579150221
4228,1.9258612180366552
4230,1.132163635137704
4234,6.754352466252113
4239,6.1370406994154
4240,2.6588801885433906
4242,4.980022422652429
4252,4.683752294014882
4253,1.2647681907544062
4257,2.8671732750300176
4268,1.0129026889672037
4277,6.933608672117401
4280,6.702272928591157
4289,2.884112408308531
4293,1.6701959423266914
4294,1.3581166013560138
4306,6.784066081007577
4310,2.941688528265468
4315,2.6777805815284452
4323,3.6618838801487907
4324,2.639031855860828
4327,6.053446058011599
4331,4.669114965003535
4332,4.8203401936282
4340,5.900382371808374
4351,1.1016181728946104
4353,4.963573421746614
4358,2.5977712856532102
4359,1.6756004626256984
4361,4.133778341938133
4364,6.688520089332002
4370,0.8472354060037315
4374,3.872574899918565
4381,4.551455917448868
4390,5.803524024353209
4396,3.6920066728471364
4397,3.6043017642435715
4401,6.1497626570355965
4402,2.1583817395208342
4405,5.092666794512208
4413,4.951257892551918
4419,0.9111655324942523
4422,8.136681329180998
4425,3.016018409077622
4426,7.605172921742191
4432,1.1325357104211173
4441,1.934802762850055
4447,6.696844043058531
4448,1.1289432160961113
4450,1.0535358450055479
4452,5.483365038383408
4454,2.7240484174468
4462,8.307497934636583
4463,3.735585437629173
4470,7.669944046990628
4474,7.674674588425756
4479,1.7327511858776279
4481,2.7145577244831314
4483,5.055353860172831
4484,3.7356779351490434
4492,4.671792781555139
4493,4.622619444049276
4498,4.62241528437009
4499,3.1338264889067493
4501,0.9190377804759775
4510,1.0900140516025782
4517,1.7237285045350013
4518,7.797957390477626
4522,3.8817481771406794
4541,1.0592445219673197
4544,5.112147597601281
4545,4.042647212434036
4550,2.8832434616983225
4557,2.5666090797739676
4572,4.682303437640791
4573,2.5232122665735015
4576,2.1246701033504682
4579,7.750133561100904
4582,5.61752535342083
4589,6.699243224452093
4597,4.058467080348246
4601,2.696512221834994
4606,5.870049036921337
4607,2.085700517404381
4612,3.8035730736395545
4617,4.604439036434391
4621,1.6885128973531782
4627,6.691778112884618
4628,1.0866940797857718
4632,7.657102137932734
4633,0.8976398570794939
4640,3.8578730952625984
4644,3.6623020490814007
4653,6.091848850496297
4657,1.093278893478327
4658,1.60979898262556
4667,5.676573766698096
4670,7.722065938256376
4671,2.8229769040573895
4673,1.0865557870494253
4683,2.124020869413666
4688,2.08935114350576
4689,4.087065238834541
4690,2.9065363883963498
4698,5.348066581223424
4706,1.221082757821042
4708,4.15408422086369
4712,0.908059219068714
4715,1.7490317451141415
4729,6.968159270786277
4734,2.860665574891681
4738,3.0595282015855614
4742,6.068024975656851
4743,3.6440434367239463
4744,1.751921636257927
4747,1.0799770311237342
4760,8.842650682347085
4770,3.324225317442315
4773,5.651581392091031
4789,2.047260881181193
4800,3.671957019872923
4806,0.9144570482835497
4809,4.712729239044445
4814,7.0836454290676425
4820,1.1454354547270098
4827,3.6497807999066936
4841,3.6868594630698626
4844,2.4857788290408607
4857,1.6512005206383726
4859,2.7994850777000866
4862,4.676808039498635
4867,2.7992228915772053
4877,6.677558987474726
4880,6.964704317913303
4898,8.161703707806254
4900,3.792130379622485
4906,3.0089481143073686
4909,5.070388557095194
4912,0.8902062166471545
4915,3.0162901941916793
4928,5.737208930252567
4930,4.91839158557004
4932,1.100928159182875
4933,1.9035856464094634
4936,2.7956735012069776
4937,1.099318717035768
4938,0.8956552729108522
4944,3.1537344816922235
4951,6.123649336279163
4960,3.815837342074896
4965,1.0764873668227892
4974,0.9171059211401835
4979,5.9908113970311305
4982,1.6930609034928574
4991,0.917625982394676
5000,1.8140314469396719
5008,2.8127350724026954
5012,2.772827355770497
5013,4.459736944150239
5018,3.0207343692562505
5019,6.694304751800843
5029,4.633857523610603
5038,6.846017990201009
5041,1.106188991477965
5042,8.940704248303584
5045,5.644706568313044
5047,3.996588489224601
5052,1.147669678344812
5059,4.677455721560808
5062,4.812375529403356
5067,8.548146253502999
5071,4.718668549739462
5081,5.692139530308957
5083,2.532935478083272
5087,5.171431332588836
5090,1.6516628336276278
5101,1.1844968766545594
5107,4.713531731709273
5111,1.7148326094840463
5113,0.9219629298511043
5114,3.656373516633784
5119,7.735396198099133
5122,2.6480548559748343
5130,5.112597895614389
5134,4.7299578592965394
5135,7.610096572076206
5136,5.9151601754874665
5139,7.940545652128236
5141,5.747265808467166
5144,1.2454995070550403
5145,1.1496662529445483
5147,4.818946722345993
5152,5.012461689823465
5156,2.623661607825356
5158,1.7802672552787682
5160,8.810525494253302
5161,4.5995077582655455
5166,1.7229117361117519
5169,3.7447851768914595
5172,3.575564627032495
5188,12.29147271932641
5190,1.0442842814018145
5195,1.6868221198237405
5199,1.068706952128248
5200,6.815775312522428
5205,5.896871515600254
5206,4.922113505260203
5208,1.0648913210513702
5210,0.8670066858452858
5220,0.9150881817417966
5228,1.0686922692885816
5237,0.8927857957482632
5241,1.090402129516972
5243,2.6138939436459263
5257,3.179181759750078
5261,4.662783223443179
5267,1.0777423626725335
5268,0.8621692941487367
5269,0.9144282834788204
5275,1.674880912992894
5290,7.733998941781163
5302,3.647710341094051
5305,4.676638735537163
5313,6.127350689822941
5321,2.4197418057951676
5323,3.100968665153482
5324,3.751648518174613
5328,2.683023688702621
5329,1.911704637996055
5331,3.5757513575353057
5340,1.926071684423972
5354,4.6264699159327405
5359,4.099114387066977
5364,4.588758085069553
5365,7.174310006940177
5369,5.711947989626432
5370,5.606636232962325
5372,7.56879328819683
5373,4.498028831374314
5378,4.335122115013621
5380,4.481196700489155
5383,0.8940256933072628
5391,1.1089342606352046
5394,4.758356612440025
5409,6.167819516009958
5412,1.085702260360398
5417,7.266534952086525
5418,0.9131214139532831
5425,8.154713884977824
5428,6.637484158721579
5435,5.06276276353808
5444,4.077072718735085
5447,2.6930708747575505
5461,8.873393590789032
5462,6.661298352945465
5467,7.3976443277826425
5468,2.0688159061034144
5469,7.156044009724677
5470,4.120581458912854
5476,3.440388213657688
5477,0.9104019643020007
5478,5.092028353697042
5487,1.0566678815529058
5493,1.9150837013761013
5494,1.1061892093130155
5495,0.8845759646729601
5504,3.671497543734283
5514,1.0970122316320698
5516,1.1676730143770064
5519,3.8946194621999837
5531,5.0842711929615145
5532,6.728120688436201
5539,2.113750664139309
5561,5.369820710167902
5575,1.1023635734574575
5576,7.763500941468318
5589,0.8913965391945755
5593,5.338776895828055
5599,9.073661054922383
5601,2.261849668963754
5605,2.105788863082901
5608,1.0766131352612844
5610,1.4041741544057058
5611,4.603223751637571
5620,7.760776275696674
5633,2.115394657067407
5639,8.66712782648263
5653,7.652452195446965
5659,3.7312098169642276
5664,2.026370047196165
5667,3.800431387583338
5669,2.0972469562908875
5670,1.6053920608771728
5674,1.9361039408713894
5675,5.186017549921838
5680,8.751284557281345
5681,2.1314529393211465
5686,6.644547599814674
5687,6.120787740046904
5688,1.6918566418388807
5690,1.6907197981237339
5692,7.208936403018361
5697,1.13392322554619
5702,7.757692656750752
5710,3.1707566669759544
5721,1.7420429619207716
5731,2.0753195911925237
5736,6.141133666346934
5739,6.6976553045295635
5750,5.742109372311786
5753,5.10320872940674
5754,1.1354560734737476
5765,2.1055032433631036
5776,4.826358044193217
5779,2.0365972865604167
5788,4.839868271332185
5794,4.446349804421053
5797,3.867629391521546
5798,2.9991764611142493
5805,4.063609285217804
5806,1.462978629063993
5807,3.0147775162314527
5820,1.089191859504104
5821,3.6488171563966536
5829,4.702104139337942
5830,7.061610361675632
5832,4.110875593262829
5842,1.7071124020458868
5849,6.9314921314235765
5870,1.6759657467763924
5877,3.785310525561255
5885,1.055486357748253
5887,1.9379113222083642
5889,6.074636503328575
5894,3.890382749851218
5896,7.727005516894678
5905,2.363603562655599
5909,8.774062418156774
5916,5.884943230744062
5918,5.175735637568683
5923,3.177641191201843
5925,7.755162095807393
5937,6.654051505055822
5939,5.022686384784453
5941,6.024192914713376
5946,1.7520301461022574
5947,3.165506239202242
5949,0.9366204732715482
5957,1.929029628506302
5958,5.829621885580193
5960,7.650710107413202
5974,4.4608614888877645
5975,7.703445300410252
5979,3.8520342474585356
5980,0.9238165956619064
5981,0.8888664680456047
5982,1.0599252805683985
5984,3.7499861545325732
5986,5.791672816059885
5992,3.1792351497473477
5994,4.117844652913705
5995,1.8948331014238287
6003,8.892815263008245
6008,8.58989118994705
6010,1.1644428582410047
6013,2.8668056181390114
6015,2.9830377176515346
6023,1.9629088972198834
6025,5.8749066667819685
6027,4.679569411202832
6031,4.002911508832823
6032,1.9911791915458368
6036,1.7619545429307175
6056,2.8542739929717635
6061,0.9127797738279626
6070,7.087595039802762
6073,4.0291667151734885
6078,3.1654106090478558
6081,3.7597567716108395
6082,1.070466960846506
6084,1.0894876856112012
6085,7.728653437100842
6091,3.929028052103504
6092,2.849958966527725
6093,2.5630138939595812
6102,5.81345811316411
6112,1.6543706718434348
6116,2.6490763468590806
6118,3.145560472607385
6126,7.615855252131514
6128,5.761113584587298
6130,3.0689172501887323
6147,1.7472085461122173
6151,6.785514890624883
6159,8.740218984052081
6165,2.100138994570095
6182,2.8071633478840927
6183,8.243088299148361
6188,2.902975516382737
6190,4.932354528926761
6201,5.156086017084479
6204,1.0634255589088295
6211,7.006688932519924
6221,4.439036833678741
6225,5.179983593048833
6235,8.567636046195304
6242,2.7974459304037516
6244,6.93660234287616
6247,4.680421415663332
6249,0.9274048180834797
6264,4.620488485297861
6277,5.088866450058434
6282,1.065680355409575
6284,8.753818507811479
6287,0.8896420860257934
6288,3.5937855364232063
6302,2.6948824960134137
6304,3.606918802557615
6305,4.140992699688937
6307,1.7334990396229775
6313,2.9761719078650004
6316,4.591321579172131
6321,4.849725860090071
6329,6.061197985894493
6334,0.9741043852077675
6342,4.858485984706679
6347,1.7505202447913222
6353,3.7016647895774715
6357,4.071653668397902
6359,2.3707238702500666
6366,8.712246784568887
6371,3.28723389496276
6377,1.168381330211918
6378,0.9101918153150623
6379,1.9448911709816685
6383,6.774461807595837
6391,2.9216890100056108
6396,2.724625668894709
6398,3.855817494075365
6400,6.513597962994481
6412,1.0082093479173517
6413,7.844354823756088
6420,6.852658142240582
6433,6.431944033896023
6434,7.657874355222118
6441,0.9338658560929178
6444,4.192178354402575
6446,6.70793710989685
6447,1.0684136914861644
6459,5.611925382143746
6462,1.990972142303773
6477,3.685691200658991
6480,5.99116834534901
6489,5.112031162779288
6490,4.111112796750704
6494,5.723796884833917
6514,1.276145434940493
6516,4.613684629782419
6517,4.217560406776431
6523,9.217991744503447
6532,1.6085947499399356
6535,8.073270339517032
6544,3.490623908038571
6546,1.0661868746187437
6547,6.1235813156312835
6551,1.08416725848174
6553,6.962828279382361
6555,1.793482013580527
6558,1.5900210412011582
6572,4.66067516925371
6594,5.818976901691675
6601,1.134800525431761
6605,2.655028558426593
6609,0.9665092499571593
6610,6.709988964465589
6619,3.6346073085568387
6623,2.708519245812302
6624,3.1271500949132394
6635,2.610013549700552
6638,4.681227245477248
6642,1.2348367587971496
6646,3.828546704916733
6651,2.5094870937050455
6653,1.0628517927222831
6660,7.645963210946663
6669,3.396320081143602
6678,3.7124343248046294
6679,8.805455415202534
6682,12.414439941345387
6689,2.1030275876686053
6690,3.66772565255177
6700,3.3498534058916163
6704,1.0826446895150545
6708,5.9127568812053655
6710,5.535150541231332
6715,3.0835518937339463
6720,8.838884910577015
6721,2.7032817225034522
6722,2.595937674879112
6726,3.7253890400792415
6727,7.742729275943103
6732,3.7433210725007053
6740,3.5828543208231456
6743,2.6139679133521403
6747,4.763589083823243
6748,3.588921191362811
6749,1.7177866071974792
6750,7.769824125823627
6752,8.39434010799051
6755,0.8783584854431505
6761,4.614004118875734
6763,5.750061431164646
6765,2.721357912402233
6771,2.131746591442937
6774,5.048238012586439
6783,1.8410926576735829
6784,1.6637801776085634
6790,2.9888975182961794
6796,5.881723077107394
6798,8.910856547679145
6804,4.659718180674833
6809,3.6292938000707933
6826,1.722608650287781
6830,2.959768195105604
6834,4.664595174785568
6835,3.7466098282798774
6838,11.823165807464086
6848,8.88915592975003
6863,3.1307567799229368
6869,1.151432453444249
6877,6.545818972722952
6878,1.7985974997101715
6881,8.717640133822627
6887,4.8273718879554135
6888,5.794720984295695
6899,4.03668973629447
6902,3.100042458238071
6906,3.790869768262939
6907,3.8177651607968808
6914,4.351948046322675
6933,2.7594597700509125
6945,1.7502472295471607
6951,6.746293043206975
6954,6.664030202248627
6961,1.5858904965802112
6968,3.6781036328303864
6969,4.745042068880713
6970,4.61097508942479
6987,1.174220673902818
6990,2.2370192598800527
6999,4.050893690434194
7001,3.977022359542213
7002,6.085304681499177
7004,5.9047476619778925
7007,4.456506100060882
7011,8.56993776510779
7015,3.072628581894291
7018,7.143719344689073
7019,3.7122657217533646
7029,3.1148883080773055
7031,0.8821248557221106
7034,3.722330385433687
7040,4.884242590835233
7048,3.8604522690300116
7051,4.810029237741549
7054,4.098345237199928
7058,10.594713695897525
7059,4.5360798526841934
7064,1.5034209221198114
7070,3.6148023804165925
7072,2.462359032136706
7075,3.6620750108859075
7091,5.79382528479986
7098,3.3385242749553794
7099,6.835536620751262
7109,4.033140950813801
7123,4.773951092116409
7127,5.271951031689047
7128,0.974640339110111
7139,8.629675343989355
7143,2.6407830554181704
7144,3.7107192710959076
7152,1.107652809945089
7153,3.847137119703882
7163,4.818392379450703
7167,1.0785216483582754
7172,2.3038621907569574
7173,2.8634165728369503
7183,2.9958301927733206
7187,9.018674332381241
7189,5.504698366685044
7195,6.113559211276128
7198,3.386616373225765
7201,7.043475784691761
7210,4.581218979641733
7213,2.8185148717715416
7218,7.851725853960036
7219,3.1257282937845003
7221,1.6927541615510187
7222,1.7337606431904269
7226,2.9655194143624417
7228,1.6765152353309065
7230,2.6715773364037774
7233,6.1511344374685635
7235,2.1686337791044705
7242,4.069447037995441
7248,3.034350153853358
7259,2.8036341510984757
7269,5.673339361099562
7270,4.721923950812287
7272,2.6195583011567756
7275,6.722096034573093
7276,5.739225633586437
7279,3.9806564136498466
7286,5.152481364935607
7294,3.5922741431231633
7297,1.1905034582717158
7303,8.593099525975376
7304,4.655125561983819
7307,4.013161484323218
7309,1.0754871249182951
7329,2.8476198023004216
7330,6.652826492334826
7345,3.0545421246035724
7347,6.7912466621464755
7351,6.900797607518001
7356,2.7401786915539876
7357,5.473935210779747
7368,3.0240636582936435
7369,3.5018793481503776
7371,5.182146183360264
7374,1.7082434923308059
7376,3.8757027202469336
7377,1.0475380696204422
7380,1.7262999275189643
7389,1.0634408449744548
7391,5.909361727241254
7398,1.0887582968545888
7405,3.1240123832310935
7412,4.505208576284596
7417,7.40747518790202
7418,2.127519757902503
7419,6.077209742987081
7421,10.457901766069767
7423,5.713001383290828
7424,1.0741638111129843
7427,6.083495633488063
7439,7.058378447987126
7442,1.6989548399866075
7454,7.837484254280844
7459,1.0650188503291989
7460,3.4490048038364733
7464,1.1252159277909257
7466,6.191180508382287
7471,4.789991521962598
7477,2.780720343881975
7478,4.655802943231231
7479,5.599170986610364
7487,5.804456088041811
7492,5.756036341104438
7503,5.080671871869123
7506,6.364883400166953
7509,1.0641273898054946
7510,3.763903964850704
7513,2.9857635639729425
7536,6.811075856370968
7537,7.111762415055599
7546,4.612215496168054
7552,5.301196580306522
7556,1.662264012991158
7563,3.495297319691079
7565,5.695425060141337
7570,4.024642882942494
7581,1.133934784840057
7584,1.7150216734018722
7588,7.868682055733547
7598,3.2777794085007583
7599,9.697633150573338
7605,1.763136034719048
7619,4.633268803779952
7627,1.7802533906927605
7629,5.6805040555387
7631,3.1417030513526676
7635,2.1289406483409223
7637,2.9063118454208197
7639,5.567487755280991
7642,7.614655696116293
7652,6.795547285312691
7655,5.964098867736299
7668,6.140137287559162
7675,6.999469007601878
7679,4.616030263168815
7684,1.935560584234575
7686,4.815284099100075
7693,5.0183155943156805
7698,2.0775426768029326
7702,4.017039596729185
7706,4.725476207306147
7708,1.7348514773076382
7711,1.8847365675065468
7714,0.8966814678547355
7722,4.065904155672923
7732,5.113439399168084
7736,1.1574392335042512
7738,4.7567691033342125
7739,7.5443526540394
7740,1.1421012821671495
7741,4.08179206346481
7743,5.939030959804041
7748,1.7051812689535044
7756,3.080345906576634
7760,3.645609935477985
7768,4.916481517308068
7771,6.719910258548614
7773,5.183962840025522
7776,4.477507783060345
7779,4.689651065316582
7783,6.723230814673807
7784,6.487144616219484
7786,5.340164677501423
7789,1.4177159864640814
7795,1.0994439667049338
7796,7.06806270513024
7801,6.104098728087222
7802,2.6955907079011223
7805,9.226201021162291
7806,2.6579016971514138
7828,4.039787610709332
7834,2.720777555536464
7854,5.409813119901145
7866,2.8468959099263165
7869,5.331726781751714
7879,2.1722075209539726
7890,1.0661009413341493
7899,5.068291283356556
7901,6.078352573840362
7902,5.643615482458041
7903,8.06888934110243
7910,8.275044678646893
7914,5.874264843211359
7916,0.8968034602476811
7917,3.8365642880071995
7922,4.645605999249324
7928,1.1157583092436072
7931,7.63652258915866
7933,9.272616146107687
7942,7.712583278823663
7953,6.07030746163899
7954,3.6554311127050294
7958,3.8438837651377233
7965,1.1628659775819856
7969,3.1521499036532328
7975,0.9065411913659673
7978,8.372256815511488
7981,4.958691350450821
7992,6.608421271959115
8000,6.219116384894597
8003,1.7423564808583731
8015,2.2131492580866627
8017,4.53441025319269
8019,4.751866204163325
8021,9.609864567620583
8022,7.5151274150188385
8026,1.0729895486863184
8027,1.7402614216053056
8028,1.922448237303172
8033,3.7462182381774767
8036,6.019748425840859
8049,1.8988394526641232
8053,4.629213451209215
8056,1.1605371336052217
8060,5.123345971120727
8061,4.612238105963437
8063,1.0537465579872887
8076,2.7278127424819676
8077,4.714620651904633
8078,7.48061113206103
8080,4.4871590391576435
8084,1.6171622617946486
8090,3.3768707882175724
8096,2.771520712109903
8099,3.764711548567336
8105,4.731004164470586
8106,4.547542999826785
8117,10.396614471836322
8120,5.409989616768006
8122,0.9193527968922104
8128,3.6052912141431714
8131,3.719580827577853
8132,4.394292471557835
8143,7.096406012980782
8149,1.9406425564537448
8150,3.9000137544379117
8162,4.403517376608448
8169,5.092165685333574
8175,3.732267803741136
8177,9.74686114464188
8191,0.888788577294521
8195,4.015515701253797
8200,3.848959209607262
8203,1.696712320830101
8208,7.065165246997978
8215,1.7859486968741773
8221,4.506828872996892
8222,1.6141347879702304
8236,7.040182063151892
8242,0.8971775490878788
8248,4.736821413680222
8250,4.101842388933502
8252,3.553436108156868
8253,5.868189519742349
8255,4.815917080405745
8262,1.0612174623466308
8263,7.750449602832294
8264,7.143403093787997
8269,2.783200574284959
8281,1.8381398912955071
8286,4.928066973473817
8295,4.380028489811486
8301,3.1122754810227473
8327,4.205606433341624
8328,6.6847976897061585
8330,6.594260081836303
8339,3.7314178059966885
8352,3.060337187972095
8353,1.1698156272111806
8355,3.76365632338358
8358,2.897535172508373
8380,1.1251730437725285
8385,4.661778978554113
8391,4.104430063402911
8401,4.939662536578965
8404,4.07064090847585
8409,1.6396414982441043
8420,6.793620545851022
8421,1.0732621544261707
8425,4.082024019463515
8428,4.142413753879765
8438,4.07168304876525
8441,2.1063476590435126
8442,5.635457908716839
8446,2.1649675161743236
8456,4.255952754132063
8461,3.7881776956945745
8462,4.860167366307441
8473,1.0957514291721036
8477,1.9185117361563795
8478,6.43671462913677
8480,7.169095216545189
8482,3.9134351840228216
8489,0.937340661250258
8494,9.11554040735501
8497,8.74356854003198
8507,5.859365639319902
8508,1.0884158996970563
8510,3.2125546707539394
8522,1.663494842035877
8525,2.079974833085166
8530,3.7280075307305798
8531,4.00175748893734
8534,7.08951910963121
8536,3.8601516942170013
8538,3.7373919974435394
8541,7.206427445486968
8556,5.090112056482015
8559,9.314134782403272
8564,4.7005477697528955
8571,4.352635139882677
8582,3.828395367790266
8595,3.223056896445524
8600,5.1065489379141935
8613,2.587705012536973
8616,7.052328001421088
8617,2.7576376964402263
8620,2.1063234820400263
8623,6.23633326576098
8632,1.1355801424648035
8636,1.1249807704176669
8639,2.8759646346656287
8640,2.9286642222966552
8646,2.66597016685953
8663,3.7614653341127706
8665,1.7363073246327976
8668,3.09673258230643
8671,6.676365868452654
8674,7.698126960567723
8683,7.760854351713955
8687,5.130654208676772
8689,6.123855642859744
8692,0.876895694921076
8693,4.890746962754246
8700,1.199584945537941
8706,4.504614303273162
8724,3.8604469924765095
8725,3.7087399889770585
8736,4.674062245076713
8739,6.7063185926890645
8740,2.7293437741502427
8748,2.1666089215720024
8749,5.702562809907914
8758,2.7869014125629263
8760,0.9225333579521653
8772,4.042941766696453
8777,3.1148540077684137
8779,9.325094248848558
8780,4.427571854101938
8794,1.0487387183373502
8796,2.090825135264449
8797,3.1161266017770624
8799,2.7639357885346953
8801,6.642506532066284
8804,4.907051886057027
8805,5.279363010834854
8806,3.923850862431649
8811,0.9088101453085597
8835,8.934272443048183
8844,6.208736000430088
8846,1.7337977168068672
8847,0.8704584596869855
8862,3.7041394646677706
8871,1.0944224817541386
8878,5.385829345513375
8887,5.627182064189723
8888,2.519890906253125
8896,3.7040636718169266
8905,3.8751162340840515
8910,2.808485895207035
8914,5.694333857195156
8916,7.1357009119986845
8925,4.644275838094849
8927,2.95807392541958
8930,2.7715137315212273
8936,4.630411178862545
8940,0.9005582081525301
8948,1.0716725265018465
8950,6.312971323863856
8951,1.1109954373322353
8952,6.572141933225165
8965,1.7295626849499706
8972,1.784326034187349
8976,1.1558863934239718
8978,4.655390228289409
8990,4.6915443422407
9003,1.6799872836019767
9005,1.6739699277949005
9018,2.6433712445821085
9019,8.475620006933745
9023,3.1613020959488187
9027,3.078513314985874
9033,3.7926393216103067
9034,2.8603579780383255
9036,4.4100227317789
9037,1.6743467870370683
9042,1.1368478993541022
9046,6.26519896153701
9050,8.403188249804739
9052,1.6446835321244562
9054,4.695598836276606
9071,8.013404914827692
9072,1.110019507888914
9074,1.042440882598394
9080,4.597495059697958
9084,2.7335469023271246
9087,1.6953000230605757
9089,2.0932945252944783
9092,7.036784496789942
9096,3.4663708024044015
9099,3.9922415316534856
9102,3.622682969374432
9103,5.4048234930718415
9107,1.7273115624754567
9118,3.860439843261966
9119,3.0083212066801086
9124,2.947819803082967
9125,4.435491270529424
9126,3.9994728227517107
9135,2.885548934931109
9136,3.9524273503398075
9141,9.9634328146019
9155,3.611359788049048
9160,9.310932524561512
9161,1.7044248142856984
9164,0.9362931773077254
9166,5.600288159724205
9178,4.671205373822059
9183,5.169143863764768
9184,3.9105577602349184
9185,5.830972771295421
9188,6.04072168274793
9193,1.0727731737477084
9198,5.121892416180902
9201,3.8670288019587202
9203,3.5951285902598937
9205,7.711733729943207
9210,2.1766425285119073
9212,3.972106085048721
9216,1.1008138756621784
9219,2.7630494871086047
9222,5.728669806578844
9230,2.780990808285424
9237,5.117141847224927
9242,3.7148125685180635
9256,0.9180719682466831
9258,5.02171698324376
9265,4.663697849241975
9267,2.6891053196631476
9270,1.9524567101759716
9273,3.965585047429364
9274,2.992325527848335
9277,7.9928139951845
9298,7.634979559282012
9300,6.580271079835275
9302,6.957985514726361
9310,3.168321005862075
9314,1.796035682962955
9316,3.574681386833789
9321,3.818765698437678
9324,4.076367580100265
9325,3.0592499938852176
9331,1.1449367215844704
9335,4.123330270643395
9345,4.6669396139563855
9347,2.9816528454312183
9357,1.075928751285553
9360,8.8326446461102
9361,1.8020344659930587
9366,4.126136656834238
9373,4.028368332820003
9393,1.7110007236655669
9398,5.64319296235994
9400,1.7621901516728884
9403,4.6506684059490455
9407,5.6884644625496765
9408,3.1753790859089595
9409,3.0888839592821653
9413,1.0743797793532357
9416,3.8325416460473742
9425,2.9475153489492154
9434,1.6897434707233048
9438,1.7925111809668919
9440,3.7887102097966414
9446,3.814801145783755
9451,4.722458075088886
9455,3.792381566252241
9457,2.668588449215166
9458,2.704580848966824
9465,3.385442261513103
9467,6.210754834422632
9469,5.913236331912462
9471,6.893097052431464
9474,3.847297822916112
9475,1.693874032210938
9479,0.9082749912367931
9482,5.85912629200762
9492,0.868454223725835
9493,1.0817262262223015
9500,7.097557870180207
9504,7.707341671008908
9505,7.665173194989209
9509,1.687148863931168
9513,2.9390660677829876
9514,5.6858761304492536
9518,1.8787750578692308
9520,9.265083409439729
9532,3.076254967092166
9534,2.2960069298183985
9536,2.8123402422740997
9550,5.394496508920493
9554,1.6965070993683127
9562,7.103714274389311
9565,5.795454568134674
9569,2.025825126996811
9571,0.8897586717929986
9572,1.0765438720651996
9574,6.827693516222092
9576,6.875949343532555
9579,3.0908405033839985
9583,5.60124405269067
9591,5.398659494079661
9600,3.892150101861895
9602,6.684732696194369
9611,1.070301747965586
9615,0.9642590236217536
9619,2.3831838715864553
9620,6.247010557444771
9622,5.62751436853533
9626,0.9481904725303654
9632,0.8825561654173688
9638,5.7057549017546965
9640,2.7343598369903264
9647,1.728111104214387
9655,4.566693492006342
9656,4.782293448227717
9661,1.7038732563657453
9667,6.152475272604832
9674,2.659305830565841
9676,1.1187371722997872
9682,4.943995230525349
9685,5.619957724494785
9688,7.830712052887907
9695,1.166872275615979
9702,6.123618761359118
9704,4.555693767618254
9709,2.902687034759782
9717,6.760498105965018
9720,0.8828309491088762
9755,8.829729834728244
9759,3.7146815851511703
9767,8.095807293611001
9773,0.901154613357972
9777,4.581087523521363
9778,5.937460684982664
9780,5.465000330197517
9781,3.651508142062267
9786,1.9307169041348216
9790,2.620891611029137
9807,2.802882653650471
9811,4.0558851718990905
9820,0.9254384468994221
9823,1.184925481690989
9827,1.0670374094189028
9845,2.0690802309025758
9852,1.098901446767779
9854,2.955819358139136
9860,3.407368922072563
9877,5.756429085026209
9878,3.8125581706840497
9879,5.176126774796193
9881,1.8880907996937029
9891,2.0075417999075835
9892,4.490058222302663
9902,2.7182334297965256
9903,0.8962315293866445
9905,2.3653529621436853
9908,5.782356330306927
9911,1.5443119748939669
9919,6.60539625888563
9926,6.276094934083803
9931,5.731459149076914
9940,5.509145990550759
9955,6.575135463108874
9958,3.8211506963964275
9967,3.1572287959016423
9982,6.685347076966429
9984,7.9046555797710605
9991,4.6517198421803245
9992,2.8939852488414672
9996,3.752449590369308
9999,7.122716615318838
10007,1.8589235928921197
10017,3.1045559381404084
10024,2.1413996831600253
10026,4.1192788139590455
10035,4.735392691512357
10037,1.6867853726825537
10039,5.794487532084771
10043,1.9476222384706858
10045,1.801112511715313
10047,2.0875739947670553
10054,2.4504420692911544
10057,3.1985020503589117
10067,6.142411784239641
10082,4.831309457821433
10086,2.8760404322211404
10088,2.6391125557378556
10104,1.1356793608116558
10125,1.6805278885326387
10127,1.0893451822572322
10134,5.136126767837896
10136,6.646339473530923
10144,9.070005357181689
10145,2.984490221926462
10151,4.1689387831554345
10153,1.036193358703835
10160,1.7103179799270807
10161,3.8884373960255916
10164,4.052783244909112
10167,4.6971964061115425
10175,3.855398300656294
10179,1.7009496426855546
10182,7.498617992189265
10185,3.754232971435216
10194,3.0983657599527734
10216,5.787058840935028
10220,3.709398991562307
10248,7.826402268470165
10252,5.018487730231728
10257,2.8871967952049298
10259,3.638778878954826
10261,4.905917400173452
10267,7.581824638636073
10272,6.647185612217704
10291,5.846211405042186
10296,2.8752213569770038
10301,5.651540122600169
10304,6.593329126106024
10305,2.768313037258082
10311,4.717405014737034
10314,2.658494014489924
10320,1.7366126343159798
10321,3.8827806101367304
10322,1.1090722564745898
10323,1.9708557352451406
10329,3.7585377347991518
10332,4.342932927333397
10334,8.743706948569287
10335,1.68547516342821
10337,1.7722491390550874
10338,1.6828805457914902
10340,5.527754442788056
10341,4.643490915322861
10342,1.0813356497389077
10346,3.6655885894062243
10347,4.8541858907264075
10350,3.0554694535641906
10352,7.470950161622665
10353,2.012908973917429
10354,2.5990182426660566
10365,3.049400728751732
10367,7.064212549176958
10373,4.182325589415413
10380,3.091917941274014
10383,3.8412128562668566
10387,1.702007987685875
10388,1.8078510046022145
10394,6.109820728580083
10406,3.901151127593961
10425,3.859733585319202
10430,4.042846732653698
10433,7.7037236518271275
10435,2.193875410819186
10437,2.895138502299883
10448,3.0609827842227415
10451,6.379710544372093
10458,2.800370366069581
10459,1.0417409646551765
10461,7.743200391920706
10467,7.950736376004238
10471,1.8401587718234729
10472,5.061693569318662
10473,1.833105500294372
10477,2.468761455369484
10483,5.288248410356239
10488,2.115072877278307
10492,8.276435275658255
10508,2.8229226695105556
10510,2.1310632615538045
10519,3.523526945132721
10524,1.110264836361555
10526,2.9914033581922306
10530,4.661392252720141
10532,7.35328934077083
10533,3.6480823125682176
10537,1.756085413319453
10542,1.6500208468884936
10543,7.801797763898769
10547,4.438053621096222
10548,1.0784631328337033
10549,1.1465886389457354
10559,1.1997839483026596
10563,6.6982730006144315
10571,2.100713318729767
10582,1.1025982380352493
10586,6.035241781912617
10587,6.549145742021178
10601,3.3001129512852527
10606,8.732449376045071
10608,6.751117005396038
10615,1.7487503007093785
10616,3.885232806051492
10626,2.8142109324972435
10629,4.425218924861821
10631,8.784765758437937
10648,5.677226680769867
10649,7.857313123690815
10652,1.0614207206901982
10658,7.467082567420176
10667,4.539661849923948
10669,5.514626460044788
10671,5.876532676842443
10674,1.669264758999724
10690,2.7017793980362623
10709,3.202885370817736
10711,1.8403055830013781
10714,1.1124742583922873
10727,4.840402359621261
10737,1.6688705130631067
10739,2.472270905970528
10742,5.068903825614465
10749,4.069380292290504
10750,3.6557901754750466
10754,1.6546648630186773
10757,2.060000913879647
10758,5.890675654350267
10760,1.0822416216630382
10767,2.4600856790820425
10770,1.8127589138421958
10779,1.8566755472808825
10784,1.1077973223545161
10785,4.090934957899987
10796,6.651102808183156
10803,2.7221000472220327
10804,5.910438058441443
10807,5.0980575203129845
10809,4.3378346930711205
10811,5.082409243306602
10814,6.680742069094643
10816,1.0720412794678955
10818,7.451929348567052
10823,2.2074922523653284
10828,5.164157060592986
10830,1.1090984096271042
10843,1.0745913850121656
10844,5.853319453477658
10851,6.906642315632634
10852,0.9330776558900582
10855,3.731340543192765
10857,1.0478509409100925
10861,3.7355304680648143
10864,10.234567055677397
10869,1.045522387896637
10872,1.8362759058089035
10873,4.676730642370046
10874,1.656423132917725
10875,3.744437519107103
10876,1.0694410087596373
10877,2.1703786879547495
10880,0.8978347005635579
10883,5.624236068535431
10895,1.1055450132483524
10899,8.630476153929276
10903,2.3620010770966013
10906,6.783864508533883
10925,7.711076810226859
10928,0.9056225555064366
10946,3.735134021717334
10948,2.584963909927242
10950,4.908059200026018
10959,3.1367982090905744
10970,0.9089252307687423
10982,2.0975289385881712
10984,2.9824539184629852
10989,0.858369294565263
11001,1.6935781787697346
11008,5.07206231658775
11013,4.066365599599123
11017,6.806027750954232
11021,3.5779107026461237
11025,1.7514386545325666
11030,1.042117514667476
11033,6.099885401233257
11039,1.7230819059773483
11040,2.7028878291334215
11048,4.050059444150082
11049,7.842783394044976
11060,5.9495349239402735
11063,5.567404569099512
11064,6.8777427316819
11068,2.753775666721179
11086,7.05724852008985
11094,0.9080207273024494
11095,10.034906749356452
11098,1.683163813332833
11099,6.046350207462911
11101,1.0671426292058275
11108,3.8822639824661813
11112,4.496750023915101
11118,4.0611923684525575
11120,3.9788296315222693
11124,0.9592974855498579
11134,2.1437023558385446
11136,4.842027067301629
11140,1.7576243969462189
11146,7.873129500229874
11147,1.131797214182694
11151,5.514018271230385
11156,2.7161467635859986
11157,4.024048234257057
11160,3.701107515873062
11161,1.9241893990044727
11163,1.5891670185063482
11170,1.811426550263863
11172,6.780485316566895
11187,3.776185504142986
11190,3.0555268776012703
11191,4.691111802511509
11193,3.8836874759519007
11197,5.839648932367009
11201,6.919070911839853
11219,2.8331231207188523
11234,3.7291118453714818
11242,6.170557392453041
11246,6.811308275889774
11257,2.740244104644571
11265,1.203805618918809
11272,2.8372887335674237
11277,9.803598521580437
11278,1.6712234199806644
11279,2.1369012195025756
11284,1.702179382509406
11285,6.899369840981383
11286,7.705817484572077
11290,3.6635508110648036
11291,5.536239687789035
11296,7.435731905089323
11301,5.643428677452853
11304,2.1220453159599035
11308,1.7244483127019037
11335,4.624780936709502
11336,6.800425569050633
11338,3.5879685197115196
11342,5.6796939170086205
11348,1.7357593130444622
11351,0.9400119413385708
11360,3.1892351759709334
11366,2.946737108601645
11371,5.884868827569826
11377,1.7083051539987326
11392,7.537505008190041
11395,1.0423326764745897
11397,6.779816773538568
11405,7.766499655203381
11406,3.483755010159593
11408,1.0845749298577267
11411,0.8527764031699667
11414,8.743422575513888
11415,2.782929260150433
11417,1.0708394571530695
11421,2.12345222044612
11433,2.6410495705207477
11440,3.2542596859862645
11443,2.9660475132055444
11445,3.766612015252997
11447,1.8838355370421072
11454,1.9639093089732276
11456,1.6975398562630026
11466,2.9650292992486738
11478,2.7209018067863022
11484,1.949949137241553
11489,5.106656544106125
11491,0.9055567270438085
11499,5.24228760415931
11501,0.9051493987210404
11504,3.116841949558254
11508,2.633558339494983
11509,3.938257473122081
11514,2.7014131530062517
11522,1.1037372013404108
11532,2.7544201766769345
11542,5.345156665154737
11548,3.107233629001951
11549,2.561822279170242
11551,4.013764605770961
11552,3.735095295633059
11554,7.686621423611335
11559,6.089506836682043
11565,2.724891629931117
11568,1.0888265150892442
11571,4.485864524212493
11573,2.858551111035916
11576,4.083478546394146
11577,4.6877775300501385
11586,10.572801338224128
11589,1.1157014117297859
11591,5.648555974769763
11597,1.0357108529702725
11599,3.83996757278354
11602,6.772421184875048
11609,1.2084879202450916
11610,3.445448431199588
11612,5.061777727785809
11621,4.892277801906985
11630,2.890742540171715
11633,7.313722162530954
11634,4.1188722040289125
11636,2.7386235822036697
11641,0.9159760510366093
11654,3.316295047696238
11655,4.838840491464031
11656,3.1582534522805585
11660,3.1773612891833953
11662,4.741936507323541
11674,6.911723437011435
11695,10.182204882481802
11699,7.173983439775217
11700,3.7683632725944674
11701,6.100495433058978
11711,1.1530329344093015
11717,9.06736228453066
11735,12.099567135146406
11739,1.6884189778095817
11742,1.1381848540938035
11743,1.1536977913546753
11750,1.7706108067167103
11751,2.1104831489402667
11754,1.096086971509087
11757,0.8581266792443314
11786,3.888656978943729
11791,2.1903200257701414
11796,3.6989344534463147
11799,1.7403103592205493
11801,3.8267633969195423
11811,3.113522322263694
11812,6.4551523437599965
11814,6.062637638963485
11816,3.1536809001622825
11817,4.0400221243522
11818,5.072122715290299
11820,8.707139320020392
11824,1.6403484664063863
11830,8.523689827760904
11832,8.321895796457325
11834,3.0614478051535077
11853,4.943111772765781
11858,4.629542448086397
11865,1.5547842883071565
11872,9.422941330543548
11873,6.64226738855368
11874,2.9594994959414773
11877,8.66516643155822
11879,1.9379566839503521
11880,6.7393112137319715
11881,4.642369190297092
11906,0.9154798017322774
11907,0.9274359468908058
11908,5.692647650348476
11913,5.64347512784649
11914,3.0334422460830512
11915,1.159756723715787
11917,1.9688127486073057
11918,4.55183910306649
11927,6.847927128859977
11936,4.043167352023026
11939,3.094722738709965
11941,3.640072104766405
11946,4.630432866391788
11947,5.652109053957372
11950,1.1691427015463263
11954,3.1332682505619642
11963,3.020679606521792
11964,1.1210829061902885
11967,4.6335327521105905
11970,2.067854995658251
11984,4.173733306424886
11989,5.756291638890068
11990,1.1168444686477912
11995,2.51952124426838
12002,2.1316652083932617
12024,3.128051080604269
12025,0.9038993208553165
12037,1.6814332949370985
12041,2.6966907303384238
12044,4.650255666367959
12045,0.8871364385142955
12049,4.851773808327282
12061,6.565257466404082
12064,3.795895902998132
12066,2.690769680679783
12075,4.071526722722088
12078,7.386491645657113
12081,2.566246277067591
12084,3.0381392900444397
12086,2.9024324028216295
12088,7.920513996580397
12092,6.313165275683454
12096,0.9014599603506714
12098,7.952027691996712
12102,3.397814791965767
12105,4.063173852491698
12111,5.7651787282491815
12115,2.6916530256723954
12119,5.735679396618126
12125,1.8635350863056575
12128,4.965290914173115
12130,8.843043758887806
12132,2.948982728120229
12137,5.120391461118858
12144,2.5245610322262264
12149,7.641241335480778
12151,1.7131683764801569
12155,4.6183678788928475
12159,1.684477338608728
12163,4.983787810117839
12183,4.70158040031939
12185,8.726627384658544
12196,4.0259311406016165
12197,3.783998064603008
12200,8.403698994299445
12201,1.743227603281552
12204,0.8647175130974647
12207,6.764404518868884
12218,5.620928673087986
12221,5.875873613443631
12238,3.777667521179699
12239,3.493957619338084
12245,2.7306084831101476
12259,7.489660394849904
12268,5.081128535041526
12271,3.7703798681759384
12287,2.7326776905357493
12290,1.2520515151312668
12300,3.206333175880034
12301,10.128049759693397
12303,5.6626406731774
12304,4.076062009856109
12317,7.6075384125736605
12319,3.67428426315797
12327,3.8021750354190185
12333,3.67290701043415
12335,2.879589475369105
12336,1.0716665677150283
12338,1.0569323815523703
12341,3.7363252647769003
12343,1.1096614239988805
12344,1.1180985971525494
12346,6.853394693679142
12350,3.0819503349227206
12357,1.0753669410863833
12359,1.7073755870621894
12361,5.386266135294364
12382,4.622371899550021
12383,4.685434234345502
12385,1.7795785337370411
12388,7.626670944469911
12394,4.905988754223785
12402,7.23202480707663
12403,7.721175232461755
12407,1.1161959589986568
12408,2.6074268423818587
12411,3.742887598714848
12419,7.8512940345631215
12422,0.8972815319499192
12423,2.874731074205676
12429,4.1749022088995185
12445,2.7015289636198476
12448,4.466904074052263
12456,6.782280587617091
12460,8.796963428045906
12461,5.044419375991826
12464,1.1018638848115367
12468,5.683550837989187
12478,7.096226953884636
12481,7.703817083276623
12482,4.006103509149921
12483,1.066115151865199
12484,3.5870115306347454
12494,2.7991635813515834
12503,10.350952750128394
12504,4.4489195960810735
12520,5.414678072241234
12537,1.096971656941331
12538,4.033199343325676
12555,3.0596367673850833
12558,7.664963422320532
12560,5.862661423783903
12569,3.959346556669227
12577,7.620548294018491
12578,6.103616412979928
12584,6.498529058885967
12590,3.7816013476250765
12595,2.5641938597459735
12596,1.182953477473859
12600,7.0999165831613755
12603,6.621054998406913
12609,5.082496206195269
12620,2.079309632953949
12621,5.54375228017443
12626,5.635541305232993
12632,6.669874501207001
12635,4.683827154961273
12636,3.113002503063664
12641,3.1423540782224038
12644,1.1158630302229948
12647,6.737932123052712
12655,7.154072019668654
12673,4.710307536601101
12675,1.926456817671503
12680,4.6556259366424095
12688,4.038542917658729
12694,9.48540938591796
12698,4.639565660162021
12703,4.674547852062409
12708,2.781905670728171
12710,3.721538926625425
12717,10.425248476822015
12719,7.08768968008617
12721,4.895922668255855
12723,5.870721742981182
12725,3.126104699996425
12726,6.883507127951793
12727,1.7424464592647984
12733,0.8944099044107521
12735,1.7522264089935904
12736,1.7462157283779973
12738,5.185668141670518
12740,4.685897161949308
12744,5.577157330262322
12757,2.826721728218169
12766,1.7207049203009008
12778,3.4394030657559815
12782,0.9024529672699186
12783,3.1336206183639232
12785,1.6880060054938237
12789,0.8789398981805889
12799,1.1485448327862415
12801,4.253170845976213
12806,5.533275515723483
12808,4.089029327868966
12812,1.6540981651622428
12826,1.1376379876624547
12830,2.294394243879017
12834,2.814506357857799
12839,1.0512816548832524
12845,2.6007492886954644
12846,1.6459502264711974
12847,3.6500416611566986
12852,1.6827867737934783
12853,1.7726607983960596
12854,1.5756178551374282
12865,3.641424109977284
12867,5.808328705519013
12871,1.652277658153222
12878,2.1180317622354927
12881,5.537717406860707
12889,1.067679516710255
12892,4.031532928245502
12895,7.348333754439373
12896,5.731032429412436
12897,0.8869960210377137
12910,2.8990082212194785
12922,5.960655599280135
12924,1.0739435500080923
12927,3.984865421473215
12928,2.885886993219099
12929,3.506446190647628
12944,5.72143549404961
12945,3.81913461387693
12948,1.689697894746803
12952,2.1046884679412936
12955,1.724575959555274
12970,1.6641972394462679
12977,5.7178490881154085
12978,0.9148933384516535
12980,3.229769673065554
12982,1.8883995863216354
12985,4.847410760891809
12992,1.4721572267935232
12993,2.747068876167142
12997,0.9066720438519154
13002,4.06040981795439
13003,3.0888018600614022
13009,5.06820658191383
13016,1.7044108758185326
13017,5.542809611556381
13023,2.110794645934115
13024,4.625393933300683
13026,9.503752476998415
13030,1.1039698820910915
13035,6.693182293922875
13037,5.253238268896878
13044,9.157754380503214
13046,7.775224811200946
13047,1.1017275606066184
13051,4.639789891350255
13053,1.9240955021727828
13076,4.823211235761112
13077,4.7352637409107965
13078,5.173675518558484
13079,7.723465942573467
13081,2.991323244809836
13082,5.043689212804567
13084,6.749961044867915
13085,1.0637193961296973
13088,5.590840973497497
13093,5.579779849719442
13094,9.680932038683036
13097,2.1837074368880875
13103,1.1368346693961011
13115,10.12315564070879
13122,5.734317794051026
13123,2.8814001006460392
13124,2.6102555562859155
13131,8.687667290328173
13139,3.084413720837924
13145,1.189601797938618
13148,6.813821905596541
13151,5.08881854698052
13169,2.835445188410975
13174,1.1279894624270859
13178,5.766389820946186
13179,5.8968734001461245
13184,5.892985134023156
13193,5.412282506452502
13196,2.951359496500804
13202,2.7171584818623193
13204,2.1020308564524814
13205,4.723182486363747
13207,4.053413362693948
13216,5.744942883962138
13218,3.9110671669488455
13225,1.074489264679006
13226,2.718613803629588
13234,2.3138700277933824
13236,2.6381387920404014
13239,2.9675571102176876
13240,2.38654158841588
13251,3.8834556139583754
13254,6.666909059175963
13255,6.09181984919315
13262,3.0342134320023053
13264,5.88626835662606
13270,6.138859396946875
13271,7.6134772844819665
13272,5.592403820272745
13276,2.6649921025299665
13277,1.1846466613156799
13281,4.547027232828958
13282,5.883029987437328
13305,2.6662641291045546
13306,4.824614842804324
13307,5.540752378662642
13308,2.1286105881308144
13310,5.269638619171612
13312,5.7550228370084024
13324,0.9394413453371646
13325,5.1893632560108935
13335,1.967160164183535
13338,8.74472647584457
13355,0.9517376488554752
13359,1.63186378128689
13360,2.7049563196975663
13362,5.409351928060095
13363,6.696547834719761
13364,6.741481444837406
13386,1.6955488568272052
13390,5.80888127226568
13391,8.766952657974823
13395,5.987057573664633
13399,5.969897748926096
13401,2.2147530300300016
13407,7.1096306348143905
13408,1.0987049065107595
13413,1.1593075923017913
13419,6.523479913966073
13422,1.098816479371739
13428,5.063038866606095
13437,1.3501560738020482
13440,2.7915040582468054
13441,2.778715117584829
13447,10.67429927837289
13454,1.0724614028036448
13455,7.103216266807264
13462,5.569112993158672
13464,8.727401785579083
13467,4.669731127112158
13473,3.3746255744208606
13479,5.908075366410062
13493,1.1269678061408124
13495,0.8911439341121747
13496,6.194335445178309
13498,6.699953644006249
13500,5.638351037945962
13501,3.5762339172897195
13502,4.559540835453913
13521,5.734196267438735
13524,3.7154534939217627
13525,5.027225687007471
13530,2.7423752409364606
13531,6.035795030738762
13534,3.083462928156086
13537,3.82521655828338
13538,7.584748416374627
13549,4.829541840742573
13554,2.0955282610614185
13558,2.6522423867530374
13565,3.8502233351247046
13569,4.4450671826585815
13574,2.8760890033764985
13577,5.676558433694548
13586,5.0853849358471495
13591,5.217574391557027
13592,8.906334982988728
13598,0.8284304387348231
13599,6.287699793339453
13608,4.78612212154917
13614,3.808779402344067
13617,2.6428419735896225
13622,2.771326185788381
13623,1.8026460862924476
13628,8.731822559226764
13636,6.943955107296067
13640,5.872526223210798
13641,0.8791619574899787
13647,1.1227605303332053
13662,3.5926650048737465
13670,1.1225011851049786
13689,9.345726336405978
13700,2.706272474985451
13710,3.834774328352385
13717,1.1238710122242481
13719,0.8400410576259647
13720,0.9231158264413204
13723,1.0914345109516503
13741,2.9555610406811486
13745,4.063589559384318
13752,7.764370683592392
13753,5.44807898010953
13755,8.093973279021668
13768,5.696402897274799
13770,2.1260420241539917
13776,2.939905402351968
13789,7.126402225662401
13797,4.963314199691287
13798,1.930384707380448
13805,2.2754504862824034
13808,2.5494431810856333
13812,9.593242690712911
13813,5.150295962324581
13815,3.9984072678187452
13817,3.095432203741839
13823,1.0954652906035274
13827,3.0180805122763448
13828,9.487575890489524
13829,4.876566023773197
13836,3.926020787996778
13845,0.9136563298832265
13855,7.141043334926197
13858,0.9114140133641224
13861,0.8787493216571449
13862,2.098835785544768
13864,7.686270805439001
13877,1.0916312192564828
13889,1.1042317472581042
13890,5.698272652197443
13897,2.1381268058318734
13899,1.7133248066670115
13900,5.069788578744415
13904,1.8301590632192646
13910,6.695945853815649
13911,6.816480576339915
13917,6.7931090178613545
13920,2.829140446928526
13924,6.7613886415865725
13926,3.878995110332168
13929,1.7119349207166112
13950,7.778960068451227
13970,3.926481877623567
13974,4.04975647899739
13981,4.454453539827155
13983,1.067473859886257
13985,6.855523877576408
13986,4.711789524107265
14001,1.1044600432197034
14004,4.693171623047786
14008,2.7153992150723267
14012,8.10238736289626
14016,3.6741056226403677
14020,1.9468917603803706
14022,0.8982720159058082
14023,3.225099400856605
14034,2.877763537187416
14041,3.811744244097108
14054,1.702247548956075
14058,0.890047846971683
14059,7.369695402220384
14062,5.049788549301796
14067,3.878277393714196
14069,8.593198693971896
14073,4.042152633622662
14086,4.73033285467682
14087,2.14676294406782
14101,3.082654375642273
14106,5.754935176531977
14111,7.1298948627304535
14120,1.891915819777358
14132,3.879854561966126
14137,2.1151620835304135
14152,9.80401040255998
14163,2.8825008368153027
14166,1.0805346563995792
14171,6.64184526848654
14179,1.0598622798102952
14180,6.926831282079769
14188,0.8981929125403694
14194,0.8837413338995139
14199,7.686094888845741
14202,3.6442787843638884
14209,6.948606537639421
14213,9.845949135714989
14218,1.1338120863801953
14220,5.895029384001114
14222,8.897114309548869
14226,6.792196070496265
14233,5.940609359164053
14235,6.999725766738738
14247,2.1846602863762152
14252,1.8995519999621626
14254,6.1142497814787715
14258,5.16409601977497
14266,3.8606839274345046
14278,6.096971023227761
14282,1.0932483784395788
14287,3.5626569368806544
14290,6.621032846544015
14297,6.076540168770945
14298,4.121625335398071
14302,6.802273236247244
14309,1.9028562144352348
14310,3.7703325111730455
14311,3.144737112544667
14314,2.5293640732702505
14317,1.688346010683274
14322,1.70477796831958
14323,4.965428228918898
14325,1.104393513510448
14327,3.1055977217530484
14330,9.242463490830977
14331,3.0033192303919174
14350,3.6929249808538946
14354,5.794407765415128
14358,0.9115235601545857
14360,5.6233607584942265
14367,1.9213949069772251
14369,2.969031961281492
14391,1.450766131098173
14393,3.6759771276150026
14398,3.7356994559468544
14405,4.1137801038210915
14406,2.110562204685256
14407,4.6990832963165765
14412,5.589519822789634
14413,4.038005842341407
14414,2.65196249360216
14417,1.7770854498896669
14419,1.0563992376320934
14421,11.802500826964668
14425,5.673454323375555
14428,1.0748222099664524
14429,1.1806125119274542
14433,2.517967888602197
14443,4.019949830369189
14446,2.536969651750211
14449,1.9336300987083228
14458,1.7198327976012404
14464,3.4769160138872692
14468,6.736706889176725
14472,5.5943357029977125
14474,3.077830664351126
14478,6.9557036946767905
14480,1.7443234076732184
14483,4.273127567504456
14491,7.92098516881072
14498,0.9702154714931837
14499,2.7250654342461367
14500,3.734595495298456
14506,6.549901273669164
14513,1.6830977328508534
14521,4.028785170955258
14531,3.589822653189681
14532,4.676790588803675
14536,1.1321998316576773
14537,3.837746529585454
14551,11.171493148458138
14563,2.8017483753451775
14575,5.613725305353166
14576,0.9059878282329321
14578,7.605669508423196
14583,3.7478293304771935
14588,7.633414580902615
14589,3.7673485821364365
14591,3.7701773480028797
14596,1.712402451170969
14597,1.0681507199300109
14617,4.754272912094203
14630,3.9368377560520402
14631,2.156047256615045
14633,10.681638095661139
14636,1.105097619834864
14639,7.995300037782487
14642,8.637169529943591
14656,5.166488268096054
14660,8.882772069828867
14664,3.9791213333256534
14667,1.1057782497722117
14668,7.079258501002448
14674,5.670512159940167
14681,8.664834631968034
14688,6.593793925982209
14700,1.9192474432846027
14703,0.9126034189085841
14712,1.2152820421069022
14713,4.811132101332222
14724,3.927914330977583
14725,6.846631806667393
14727,2.6365634013383703
14738,3.1836376726769946
14740,7.462368203235116
14755,2.5360471732629972
14761,7.050359963885203
14774,6.545228735267917
14787,2.9322739086450174
14793,1.0913896051719298
14794,4.7277376226213566
14796,4.212834240694397
14797,3.085850224426493
14798,0.9111891364820983
14800,3.998106919892548
14803,5.69512298923944
14804,5.901358689955644
14809,4.2129165778912965
14816,3.321532613623127
14818,2.7933512360482795
14819,8.391587813411018
14840,4.447024518950558
14855,1.1111722774402017
14859,3.883404576901772
14860,3.867697315442732
14863,5.673648542204074
14864,6.079713662714655
14865,3.863585665452298
14867,0.886443832525003
14871,3.6017515859499647
14876,7.769108739556263
14878,1.0931567979078056
14880,5.894031438933795
14889,1.094571216543636
14892,5.968959169279517
14898,2.4845996209419736
14910,4.445050881783532
14913,9.644724643874813
14914,3.1147118710043378
14916,1.0985016655061806
14920,4.91639942871664
14921,7.469683440479762
14926,1.076873921170057
14928,2.146059015841865
14931,2.6948151462350958
14940,6.552912743531113
14948,2.792307026626358
14957,0.9104177228565771
14972,0.8772925869778585
14974,8.899654464748943
14978,1.7681731791228126
14985,7.702125779453005
15002,1.8711316380196399
15003,3.103479896569487
15006,6.725522064183854
15018,2.7670298596717533
15023,4.796548175725443
15032,7.096721527029972
15038,11.476819175842714
15039,3.0759547750298166
15044,2.712345340106636
15049,1.1733886487915437
15053,2.8431892789493656
15059,3.7609318415131483
15063,7.908996179666008
15066,6.01475020122721
15082,6.11925359851622
15084,4.6311442297958525
15095,4.177689757727065
15108,5.099406339731038
15114,6.446574200328886
15116,2.5716531711274753
15119,4.548169054463442
15121,3.3089391921141083
15136,5.1292059560228775
15148,3.424447018900484
15149,3.767705988372569
15153,6.517128902363909
15158,3.6895346834365457
15159,6.283628988270524
15164,5.139082215768043
15165,6.103446392081576
15179,3.0806145435959973
15200,1.6956941515871486
15201,2.791017812457212
15210,7.680226073915467
15214,1.7719606966828496
15216,1.1007370519445248
15217,2.7633732037611614
15220,1.1004610372194947
15230,6.243188439629891
15232,8.742624501427066
15240,1.6961845318343198
15258,0.8979251627848885
15265,1.0312423514590745
15266,3.846102419712665
15267,4.848655676052737
15272,4.7331029007069905
15274,0.9076662858248756
15275,6.643955777954988
15276,4.589937302011116
15285,6.1581959041339704
15288,5.112290285594749
15290,3.745615902446899
15314,1.049656568527391
15318,1.7213438902076983
15336,11.189611862413212
15343,4.293525063199442
15348,3.8837387368124663
15350,6.164150806853592
15355,7.783616855009633
15357,8.820402673872696
15361,2.6947705153530874
15365,3.711762955093903
15370,3.0865861280404365
15372,2.112930457932217
15373,0.9035572158235117
15374,8.783745685457689
15377,2.716586610099357
15388,0.9385928343925558
15394,2.670951538237726
15395,2.579289720049159
15409,2.746637640832308
15413,3.6375674452284517
15417,3.915057106939008
15419,9.411455081176992
15420,2.0851889927677334
15422,1.0568861603450537
15423,6.456733543634895
15427,1.9584124534523197
15438,8.67735386724235
15439,8.781517065482857
15442,7.8698984742655185
15444,5.3530587855241
15446,4.526987155802129
15452,1.1110353779448037
15455,3.8574509846879135
15459,4.064337998511587
15471,7.386685077297938
15487,4.772633533279119
15500,1.0763565382876101
15512,0.9151308690229869
15514,6.785909650011012
15517,6.096312321729624
15521,4.669158792916448
15522,2.9819026326230804
15533,3.8199316454945227
15535,6.749994345092359
15545,8.363053210597739
15546,1.176765243454704
15554,2.578241536633545
15557,1.1497964258097824
15565,3.608391095873384
15570,1.7687530456017
15580,3.8561268832232716
15581,2.7355460331429216
15583,6.126426297685429
15585,0.9063887934724688
15591,0.9202055801727012
15594,1.8529004764921986
15602,2.8030274972212608
15606,4.964191854713016
15638,5.235872520813077
15640,1.6846066466136502
15643,5.369930785841599
15657,5.229013815129676
15659,9.315607184715851
15660,6.704750790429465
15666,2.684697739012201
15667,9.18350677454835
15671,9.565003622480166
15676,6.962627992188962
15677,8.622022597384312
15683,2.2050544235312652
15687,8.682021078079073
15694,7.769574446436989
15696,0.8802268165972227
15702,3.9375573160922355
15705,4.753933056110825
15711,3.1755798320196242
15712,6.117274228222174
15722,4.678334670672211
15728,0.8776121902548084
15732,2.7797458066655207
15745,3.0934586368358055
15751,0.9177911552155975
15752,3.1454061141824727
15754,4.130377034661711
15755,6.914378443996187
15767,1.2051715625064983
15768,2.797811698263941
15779,5.089958107054306
15788,1.7674508453957731
15807,4.067840039642585
15815,0.8714778985495935
15822,6.4428795387212485
15832,2.8969526808136186
15834,3.914004386989142
15837,7.733052033946101
15840,3.703918340822217
15843,3.7091080697992793
15845,6.812128304394538
15850,5.727064919633142
15867,0.8924256700857116
15875,3.01548355589441
15884,3.6219024228599435
15887,4.332213353291068
15888,4.151246933677643
15897,8.246836916790077
15899,5.80642583625453
15916,0.9169991980174097
15920,1.0905328819756912
15921,6.669848729037638
15924,4.062257173661687
15925,3.861010126843558
15936,0.9494985874600297
15937,10.002847562174889
15938,5.2051996434239225
15939,2.1711804041841836
15954,8.124470442468517
15957,1.7485330690375172
15959,7.832201608049391
15960,0.8855525793155503
15968,2.8466921757345185
15969,3.675417103410864
15982,5.612171581028152
15983,3.302782297776572
15984,10.53564652623212
15997,6.91158193689944
16007,1.813067046200926
16016,4.785302895965304
16030,2.6094554469807525
16045,1.0597162192970235
16056,4.286944945312351
16065,5.03639150288775
16066,7.654531563970178
16069,1.1011438377907243
16081,5.362067747688258
16083,1.6882999636953424
16087,1.0817946181209765
16088,10.781684984635524
16095,4.317141632751459
16096,1.899555993529042
16102,0.8807802265783597
16103,3.4156153202530235
16104,5.772533936464265
16111,1.6751416151311238
16113,5.048641600902465
16117,0.9076870036160947
16118,0.9104101528480584
16120,4.695890935457501
16123,7.0348763347680086
16124,4.703894866683331
16133,3.0866876039585494
16140,3.7642576748367915
16155,2.1832233222865947
16156,1.089639529461822
16160,2.131591838069554
16161,4.636295428562001
16163,4.592625269590701
16192,8.902752777534555
16194,0.9276299426225654
16197,0.8960453506767201
16198,1.7151483259186606
16204,6.890340614684025
16214,3.7913723489617692
16218,6.1309594973591155
16223,1.0986963071050027
16228,5.632252792762581
16235,1.6405288046856787
16244,3.670678992974115
16245,3.7438706700482483
16255,3.289385613462918
16260,7.547016850139984
16263,1.0633659939669529
16268,1.7981687734948109
16270,1.7175154743088168
16274,3.744598417192258
16282,4.566792162438059
16286,1.715002228184281
16290,0.9093233906220699
16293,1.6554886184613298
16294,1.6488153176360814
16295,5.073731383507182
16302,6.140901298524139
16305,3.781805207020368
16307,3.1519514052605917
16309,1.0903518346821448
16312,1.0922762757961464
16314,1.09524958129456
16315,7.7487126598023535
16318,1.921973774214146
16321,4.977142556255156
16325,1.1967777117620644
16330,5.590002525680746
16348,1.8943038875674465
16350,4.71393191773916
16354,2.674512584530068
16355,4.6587014568641
16367,3.147511562615634
16374,5.518949816869588
16383,0.9383370805922717
16387,1.063068909484847
16389,4.547525978632522
16391,6.919873825406318
16395,2.8884330067652835
16398,3.302431572839079
16402,1.7145507254760215
16404,4.589053176709498
16406,7.376890598550542
16407,5.649581386076777
16410,3.0247245490229906
16412,3.6794684961589645
16413,2.2509119084478844
16414,1.7636528075659896
16418,6.746870028773905
16431,1.4257299383124287
16455,0.8792011901230348
16461,0.8831080314851576
16474,6.64800420577928
16476,0.9094339224771
16482,8.253778660046974
16486,4.904429633997613
16499,7.628642419564847
16501,5.7746156439400265
16502,2.6712903387690385
16503,2.7407523535358944
16510,3.9422795261127046
16515,6.509682665337902
16523,2.753639169910769
16527,1.0411524734918274
16536,2.837041640429172
16541,7.050399024750526
16547,4.7218856657075445
16549,1.0774622374165128
16561,7.231744328605193
16564,3.8418150407502942
16573,4.190591356476213
16591,2.8627022728196247
16618,1.83087932556323
16631,6.927136268631071
16633,2.5878157510557003
16636,2.4544623704267963
16637,1.1315030283678853
16638,3.6806193829183593
16653,4.404187592998244
16665,2.4631800386107585
16673,2.6908299358394965
16678,2.766207264928642
16680,5.0910754703281995
16685,6.7012423056724035
16688,1.0947068145813188
16698,5.550408728113935
16716,2.193665891525433
16722,0.8859466088534775
16723,4.231583098814673
16731,3.805958967673082
16732,0.9060759229491162
16739,4.062716335759159
16740,2.971721866071105
16752,7.878652106040631
16756,3.20193798312237
16768,5.556838328320923
16771,2.6950562557309716
16778,6.967014712389846
16785,0.9037149346869064
16801,6.831425275956192
16813,1.113075583381745
16817,4.616829351761694
16827,4.732095895858058
16836,4.663949760918021
16841,5.692140773985503
16846,2.6581097504228746
16847,6.788451072495983
16850,0.8971207090624009
16851,10.413130540898047
16852,5.104647128129851
16862,1.6487712392699714
16863,2.761707235234872
16869,4.384064121842236
16874,2.703091516155614
16895,2.9607184744082033
16897,1.0849820561617753
16900,5.9587901656894555
16904,2.6964216488789496
16908,3.615437078182622
16909,4.506995599746604
16920,5.175477600616052
16924,4.423146536798442
16927,3.0349049870085754
16929,3.681893877222037
16952,2.6056929714571577
16960,4.068918853157412
16971,0.92460220995113
16979,1.0789770643796168
16993,6.931877999337013
16994,1.74065919967423
17003,3.8441239303245864
17021,4.252878205126458
17022,6.0506817700374835
17023,2.656657618435516
17026,8.768250064228454
17027,2.08214077737117
17032,3.264568903534947
17039,2.7545039361430295
17043,0.8597464918114994
17044,5.875353381866603
17054,3.0182046083261893
17056,3.139809972838373
17062,3.9078495289003565
17063,1.9598152893307934
17066,3.1005281405816403
17067,4.2691844835693855
17068,3.4353528308493972
17073,1.6606347376454198
17075,4.073228227940409
17078,8.712670244586876
17079,4.895522418247458
17083,1.6987867861795052
17085,0.9045376311176163
17096,2.9971651777078856
17097,3.158108979795523
17098,7.219136709351912
17099,7.083070905116399
17101,7.730465135450864
17112,1.1218286356256457
17113,1.7761382459499626
17120,3.1364929674918525
17137,1.189073276148731
17159,4.011180733323587
17164,2.1026141132807004
17172,7.929616309731993
17174,4.386100047930376
17180,6.063104617813462
17183,3.2894819861461992
17186,3.710003629498044
17187,2.6022325214430286
17191,4.236799723561937
17194,3.0428965199356957
17198,5.86904623726522
17199,7.028385713596034
17202,2.609206771388143
17208,2.707036832984846
17211,5.879444937744065
17225,2.1423578277339344
17233,1.149147469263291
17235,1.9482282682429095
17239,1.843826037569667
17247,5.851135329308838
17248,4.06458338083089
17259,4.947564523396201
17263,7.484662078496319
17264,6.891854563519136
17267,4.077796504688455
17272,1.9273107582812647
17277,6.495149363854911
17289,3.7771274526838057
17290,5.6424671511482085
17291,5.525777630577855
17296,5.206231811989122
17303,1.7129449234651806
17304,2.2376788784823876
17308,0.8719564360888681
17309,3.4045265034648886
17314,6.6228117025187
17318,1.141144714925404
17321,7.609375559973916
17334,5.636886482614303
17339,6.785306312220405
17340,0.8950258533178004
17343,7.050248824097833
17348,4.300181719116501
17349,1.6611226484401422
17352,1.6756861755887535
17358,3.6372069004805048
17361,2.651901261019903
17364,3.54576009390006
17369,5.171917523065922
17373,5.977748566111291
17388,0.8980594708855363
17390,2.783364633033181
17392,4.327995393295428
17401,3.9554378988487073
17407,3.8756862517980726
17408,1.9140637420346134
17409,5.85884217802456
17420,2.8929238823330956
17427,2.5261375711414997
17429,2.635380583634865
17430,6.732761778194135
17432,5.607738242634353
17437,1.041778687730691
17440,5.597558452276698
17452,7.049243173720491
17454,7.600313861331598
17461,4.264064272705685
17467,4.78148513031004
17470,3.0194272695220143
17473,4.087001496577059
17478,3.8707256539801063
17504,3.174957105863357
17511,1.7758869159131017
17514,1.0671140419158074
17519,2.293232504198284
17521,1.1441940511285384
17522,2.714409577611085
17528,5.087922029038415
17529,7.055935768638404
17532,2.1091973119295853
17564,1.2098580557337515
17573,4.716454669294317
17579,5.658284410397201
17585,9.491252890540812
17586,3.529918059676307
17599,11.000356976881928
17605,2.1907324215556443
17608,5.473274845538537
17615,8.110529259253193
17617,7.5934941690779905
17619,1.1201943261967036
17623,1.0525938897693088
17625,3.2586342392258043
17629,1.3059449171596338
17637,4.862766999955238
17639,5.3401866833661735
17640,4.819678269949296
17643,1.765497210499824
17645,3.687721290881315
17646,3.974557572875352
17648,7.7150257652546586
17650,4.919522507520988
17652,3.873762765052203
17653,0.9263373750158581
17658,2.8470944304873127
17660,4.813475590674871
17664,4.7741232492307
17676,1.2063091917943276
17683,2.5887680542457048
17697,6.124143179315155
17701,1.108977249709378
17702,5.761064722874445
17723,3.8426007555147725
17728,1.1210932990358287
17732,3.5135864009228266
17733,11.267481972811538
17744,3.1040987454950812
17750,0.8189333187657928
17753,1.6464109803698816
17754,6.603282006814507
17767,1.0841024974124327
17774,3.0812147003440518
17776,7.846244522182353
17779,2.7649519142501244
17784,6.8282366192878134
17785,6.851958112777469
17786,1.156363529395343
17789,0.8844652657539376
17790,0.9108994773724204
17793,3.8472240120162255
17800,0.8759932417703671
17803,3.697919597766956
17804,5.814788683506343
17815,4.541282112776319
17830,1.744435311718176
17835,7.764222486004435
17836,2.88252118087796
17843,4.087890869900194
17851,2.8296268078328084
17852,3.099475836510939
17855,1.754398784686229
17862,2.963620921665333
17863,5.97567165136961
17866,1.0892030205342502
17867,4.737293259360383
17878,2.649187153344164
17882,6.146551365890506
17884,3.7365667414563988
17885,5.794035917789225
17887,6.361600051766181
17897,5.135198726064383
17898,1.755104014818289
17900,1.9014728656674138
17909,2.642493868450959
17912,2.672019769098665
17917,5.044977847791578
17919,1.1289421424175443
17926,5.152165556500472
17930,6.708443100976551
17931,2.615815672033391
17932,3.789711065343793
17936,4.147482283033205
17937,2.196043408514158
17938,8.649026540526947
17950,2.915584003791749
17951,4.751980629403333
17955,1.1569759795672612
17957,1.080667778327049
17980,7.1040525781776385
17983,7.930292522020908
17986,9.571873636236427
17988,4.116092844889658
17989,3.709244713402501
17990,1.767687267831057
17995,12.446896204849763
17998,0.8888763426117334
18004,0.9893566578838429
18005,9.26423488082293
18012,3.9245013325632674
18013,5.0723729936330955
18020,1.063172721489821
18025,4.789066420319891
18032,7.150931431707333
18046,1.0695854689253284
18063,3.0421502924474186
18064,3.898558859866664
18067,3.835280882137486
18075,8.666482486324245
18084,1.936911817589496
18085,4.777581117088689
18089,4.0839592949529
18092,5.216970683978946
18093,6.883799004659066
18096,6.052392211775837
18098,5.393609780435408
18099,4.844856241215155
18101,9.941651854357623
18104,1.0549685996282636
18107,7.11635157027579
18109,4.72461180234986
18120,7.105043152283102
18123,2.953732237493064
18128,1.9476205777620375
18131,6.791957846014622
18143,4.080028227349191
18159,3.03582843585595
18161,1.066685487693643
18166,5.9337602499910345
18168,3.2502832485408626
18171,3.863190508442365
18178,2.6130349058847973
18182,1.755919262202335
18185,1.119046478081493
18187,4.7645812065912905
18206,3.709504760051427
18207,1.682684587878859
18209,7.530107113447615
18210,2.964363555205744
18225,2.7633557999145824
18227,1.9173565364730747
18235,7.6262187609043774
18236,7.145079869788438
18239,1.0706304188985674
18240,6.861516063896665
18244,0.8995030118133229
18249,2.4572397478276358
18254,2.6082919997318266
18259,10.436919513673447
18260,5.745490694830589
18269,5.671506596165471
18272,0.9204571115943505
18298,3.573342047846541
18309,2.664838743485479
18310,5.829821339223644
18314,8.571454858696143
18316,1.0642824342106363
18317,5.3385359814670235
18320,4.6548565653603315
18322,2.765714432798518
18328,4.670344977548379
18333,2.4515303415993115
18335,5.903618169027449
18336,4.46396741277281
18343,3.32920320869267
18351,8.093097411226172
18355,3.688466130162308
18365,3.1622930404321647
18368,6.089632759342754
18369,4.523209497630094
18378,7.08517981566504
18380,6.854424992930414
18386,5.094234525335832
18388,7.619525970959593
18392,8.095624839255159
18395,9.409604457710778
18400,2.0482407876066926
18401,1.2133926541624875
18416,5.5597755124805825
18420,2.737461887743346
18425,2.688212079590394
18429,1.7453142924061682
18438,1.0912838282834345
18440,3.777278687845213
18442,6.105910132817559
18450,4.666601174252264
18454,4.824874770393526
18456,7.445521610887543
18458,5.6584876568167255
18466,3.050397461262027
18471,2.267278468973038
18480,3.503074599373553
18486,0.9204743377429163
18487,6.6361490150884475
18496,6.079706034268231
18506,2.7833470149210964
18509,2.4471425352008946
18516,7.631609278386171
18520,1.081241090478727
18522,1.5852463764457179
18525,1.1273992773617159
18540,7.759744084035528
18541,4.746157269628634
18542,2.675147113104792
18544,1.1754100311432087
18545,1.1769944401082393
18556,0.843435273442108
18564,1.7034607951607263
18567,2.62109574474205
18570,4.044256435880711
18572,4.72659462226553
18573,7.609495408206982
18584,1.7515833157370722
18590,2.771642117437947
18597,4.357555875232329
18598,7.10185828366295
18602,5.165486176058184
18605,2.80532794557267
18612,4.053949636719901
18616,7.08115913127142
18617,1.0538346350106473
18627,0.8699286359666374
18637,4.573297266717874
18641,2.735478085489805
18648,7.128629189827935
18669,1.8188082475899212
18670,0.9219762794225081
18689,6.229702398393885
18695,7.026869669906336
18703,5.645734584107949
18705,0.9223442934707249
18719,3.8808636918552657
18727,4.115335787012972
18731,8.015141700659106
18737,4.0881418291701515
18740,6.592707963519671
18741,2.9643518114830645
18747,5.2467148359377
18763,0.9006944348070434
18769,2.548380086834724
18770,3.5205766517787125
18772,3.7333124293541786
18775,4.017591621092021
18779,2.80570144541342
18780,4.7258117812571365
18784,5.323404924518737
18787,5.32978080517361
18791,5.760604832527689
18798,1.1278385596234632
18804,5.90844813035745
18806,5.704150475162431
18811,6.686560174749848
18817,3.4707970489455713
18818,4.672105887651852
18825,1.099649754149603
18826,1.0850499696809068
18829,5.749370131349268
18831,2.6231796753818957
18832,2.1928746662872456
18833,1.7081719904549129
18834,6.026599734656757
18844,6.956032702664347
18850,3.9234031033284364
18854,4.040150584992081
18861,4.0437920577181865
18867,1.6695110705193597
18869,1.6878264228262343
18871,5.08870797376764
18876,5.887763309934304
18879,2.365373921988591
18882,2.1104521975392014
18884,4.818519575467738
18894,3.6235946074642835
18906,4.838210606499549
18915,6.656786204108794
18919,6.658906972158963
18928,8.748079626246566
18933,1.7214528830610356
18934,5.043966583791545
18935,2.078333716951454
18937,2.6727495543593296
18944,7.65440005723571
18946,7.043141148491188
18948,2.9497242627626905
18949,5.4464805529951
18952,6.6903784348918665
18960,1.9084444943154555
18971,4.494979482937493
18976,3.718209385355865
18977,3.9973357512948975
18981,1.6735853919342687
18982,5.6260837263734285
18990,3.096893741877729
18996,4.711512049473627
18999,4.709310067729328
19001,2.6503226142316363
19008,2.518462000878862
19009,4.910671572690031
19011,2.0622607893029423
19024,1.6550366437479433
19036,5.73904586650832
19045,1.082855382773685
19049,4.331710942986172
19050,2.8793833266079605
19057,0.9137635078898811
19058,4.1941100784866565
19072,6.713828864712303
19075,3.663322877404532
19077,5.778022908896661
19083,3.125848170129407
19086,1.0916731551176704
19091,1.6014777076417648
19094,2.1475495297847864
19098,4.263479951298306
19110,2.861151177244146
19113,6.826033285642351
19115,2.478740568606117
19116,0.9168560500923584
19127,0.9252441109429013
19131,8.643882591650998
19132,3.500301456978169
19137,1.4829415355797493
19141,0.9091358497848643
19149,6.016462497804971
19159,3.102292499601213
19163,5.260009503995222
19175,6.042139757772718
19176,1.638431243798709
19183,3.0383818422410154
19184,6.068479104831443
19185,4.823828092305206
19198,10.09979864128848
19206,3.2040992767937784
19210,1.1398896847224704
19211,3.6461875629843084
19220,4.516510101823801
19240,3.010984561693614
19243,3.089873327424902
19250,4.794251667952594
19256,4.246165510974891
19271,1.8430548358739451
19272,3.9142026544738813
19274,5.047647205842486
19281,8.683555689329504
19287,1.0635372167124433
19290,0.9030034444050412
19291,3.265332625948271
19295,6.781245074719208
19298,3.5267294008210097
19299,5.96563223435433
19302,1.1334770973043797
19307,3.7009065377318393
19316,1.0635937061377074
19320,6.032829266761553
19321,1.0026660299161665
19323,6.734325516220468
19328,6.718695328462004
19329,1.716460992249862
19332,5.0530675352986965
19333,5.846452060115759
19336,6.094235974898289
19337,3.0629471686389294
19341,3.5502722017460235
19344,2.6028711067964574
19356,5.846844917575807
19358,4.499723503871541
19360,1.1196476676572553
19362,7.630946997821976
19384,5.095199022395012
19386,4.464884937394967
19403,1.6974493136087423
19405,5.349000173577783
19409,5.891711914740958
19411,6.524691537748134
19414,7.487837453728359
19416,2.733132784572361
19426,7.901104476524558
19427,5.1648421057577645
19428,5.422878131610126
19435,5.370001772347413
19448,3.0754251937699264
19454,1.0847676535592736
19458,4.22000253077273
19462,5.908942822624357
19468,3.0993594393621144
19469,1.7835014499773485
19472,3.0962334112309113
19474,2.1511451151226333
19476,3.095631174166793
19478,2.136478886483235
19480,4.050255655067141
19489,6.443408249155903
19490,2.795675740863353
19492,6.95219007104669
19504,3.5795120559136517
19509,5.373269317526409
19511,1.8161055862667097
19518,4.7696031152157286
19527,6.075821630531928
19530,0.9204099500620031
19532,6.5623028795131
19533,7.670508082675516
19534,4.604633434830552
19538,5.5472352198637065
19541,2.5805913420099538
19542,1.9169350372157075
19543,1.9778865811409823
19547,4.79618812612983
19567,4.998361314641194
19584,6.4828433824595315
19587,5.689339636219419
19591,10.436681060636085
19597,3.879812269595647
19600,3.880670875822384
19611,6.303145580580555
19612,1.7214522065351097
19618,8.262228554932218
19624,4.632172261357718
19625,6.757421468103523
19639,1.6915138387480666
19640,0.8934951860276792
19644,4.834625496178365
19648,2.9076870339126772
19651,2.0756597052456214
19652,5.847612527160859
19654,6.747174386539508
19655,1.629692818072792
19661,1.131211480753132
19662,3.0965904845725314
19665,3.8758879245624915
19670,4.715877918032254
19677,8.510601471838513
19680,2.876714099877026
19683,5.37370620467206
19684,1.0617346410312192
19685,8.732496690967753
19694,1.040903168027529
19695,2.729839075073484
19697,8.481704888454662
19702,3.8235880363930765
19708,7.278173947648025
19719,3.039656284802072
19722,0.9306804698064322
19727,5.607873333568618
19728,7.409416731268005
19730,0.9219736632436799
19731,6.504867936809319
19745,6.100779125040619
19747,2.8768304009906815
19753,2.8780993902719345
19758,3.9732184364291836
19773,3.495646270713903
19776,7.760411534676435
19777,4.851635140647826
19779,4.6508917485674734
19780,6.758265826571394
19781,7.745773494577794
19788,8.237119426515209
19796,2.6927569258523105
19797,4.799794132750333
19802,6.7702792675659955
19812,4.647421311719206
19815,5.191183670208142
19822,3.02512326568383
19831,5.952121693402791
19840,6.611894672831678
19850,6.866964266766709
19856,3.4149087146012684
19857,7.705184207481394
19862,1.1428390846220289
19863,6.4563765352902855
19864,3.7297630819439833
19871,6.048304494974262
19876,0.8892049757760576
19878,4.72710652192451
19881,6.361446709439268
19883,7.728288189668815
19886,1.6547533288569523
19888,5.8895795583261314
19891,5.715814722698014
19892,1.106840593284383
19894,7.105271298202718
19903,4.029299431920928
19905,0.9036363927760687
19913,6.536934464882219
19919,4.609714916246537
19931,7.945713484208441
19937,0.947893444781307
19939,2.6815209381484966
19940,2.797512214766396
19943,4.908515431742811
19949,1.074533374069758
19951,6.8783681363584215
19952,6.722111881781425
19975,0.9052685404262184
19978,3.4154125031286267
19980,5.348089583504242
19981,3.782665654173164
19983,2.077608379451431
19987,4.6715572009703275
19999,0.897826299720121
20001,4.600493800723322
20002,1.7606724331337835
20012,2.828423125616649
20018,6.789323096811621
20021,1.2476069998863002
20023,3.859113942202014
20025,7.190135667405118
20030,2.167037495787638
20035,5.063835892173128
20037,2.4422856898209724
20047,1.0473404491835474
20052,3.166112556921102
20059,1.761417169095104
20065,1.3767147014099606
20070,7.733175019971085
20072,2.6942736371509346
20075,1.0800194291969176
20077,5.237848664254852
20079,1.0724213989495395
20081,1.0906200110920103
20082,1.1069741859580131
20085,6.721725546855054
20091,0.8675056604919757
20094,6.576348893697707
20098,1.8616171174394642
20103,7.34921879196548
20109,7.710873308535309
20113,5.872869199312244
20121,4.555977950160139
20122,2.5984205868882757
20132,6.329006291733123
20138,2.6860118538818565
20147,1.0640838210840151
20148,3.4780363142634503
20153,1.6082833112646964
20157,5.725567196072177
20169,3.0982480062818967
20172,4.874027766082284
20179,7.014982046786332
20182,6.6683110546359075
20185,0.8756832121099003
20186,5.507710166129045
20191,4.844085403047096
20193,1.0537813964524254
20205,3.8492972273292407
20208,3.11973575679227
20213,7.902805111389687
20222,1.804351765555508
20238,6.182601716930632
20240,3.343813553026144
20244,1.9187555241333265
20247,7.142049336915255
20249,2.6408164728369714
20253,1.606721948208666
20254,5.798758382341308
20260,1.9351724480847015
20263,5.032540416376653
20268,5.983328458361075
20277,4.1253827763991024
20278,5.8849910588326395
20281,2.961470350906824
20282,7.697668456686953
20289,6.953578777945063
20290,4.61118710766079
20291,4.906313813291018
20300,7.159486589571824
20304,3.0155980046462223
20311,1.1042983999352587
20317,7.623121814415412
20321,2.1246823068117875
20324,4.056690862225036
20338,4.656666769941178
20347,7.111732438786784
20349,5.6299828046681055
20350,1.1408385681619198
20351,1.1215301004274578
20356,1.1856173951127573
20363,1.7118923717350087
20368,4.702776912984905
20377,5.894054236984148
20379,3.550545471635345
20380,4.9691440600977055
20388,4.79282490050821
20397,7.692655736393354
20399,1.0547604012274046
20406,0.9144154523149552
20408,3.007638257397671
20412,5.195036307885841
20415,1.1298386561359801
20420,5.772900529649216
20421,1.0994623889795072
20427,5.529949375293824
20429,0.8827732734056024
20432,1.0714493247991168
20446,5.99783754653008
20450,7.766443813013019
20451,5.218953564226369
20452,1.0887434926177044
20453,7.6680327162283675
20460,1.4007761837036905
20470,1.1233162939091224
20474,0.9428488327417934
20487,3.2847495525041013
20492,2.1886631430009102
20493,2.7194697053948342
20494,2.054921244703239
20495,4.780219042305573
20498,2.710239456549155
20499,10.840186025577337
20500,1.1625205446070632
20503,1.1160434889551007
20504,7.308550924351277
20509,1.8474611223328732
20518,6.69038378849884
20519,4.975247393604356
20541,5.894506727991939
20558,7.029987670530331
20568,3.5012164354858646
20569,1.2158287923944315
20572,7.02727193751997
20584,0.9482144278424061
20595,2.728858255765059
20601,1.6961019188473432
20605,7.898239217067653
20610,5.777881963221212
20616,2.556888274924182
20618,4.6126484045798986
20620,3.5291263032432596
20633,3.1064932921602972
20634,1.075476886052893
20638,0.9114583226332282
20640,3.72694083821555
20646,6.011497106633466
20648,2.191741812105205
20651,4.646213819041433
20652,0.8902095687925282
20653,2.926593519097697
20657,6.635448779396468
20659,3.992214718668562
20674,7.446640537930854
20681,1.1019448298004422
20682,5.112677427505492
20685,2.130289611471807
20689,7.706770414066301
20692,1.147289530030525
20695,3.380108121066628
20702,3.498338209520962
20703,1.0724783285379123
20710,1.7431619762472073
20716,6.052258838566676
20721,1.7219225985798743
20734,3.319541083763099
20736,6.422311771475943
20738,3.747604185607368
20749,4.678912383516941
20751,7.736824862218114
20756,1.1368722806114508
20758,3.6153883546414285
20763,9.549406004011864
20773,4.35449447032382
20777,3.6949847443293615
20779,4.306130613401728
20790,3.6059949588635845
20791,0.904574003727971
20792,6.71682457630588
20795,2.666977935118564
20810,5.116938054307594
20813,2.5845302785413935
20815,2.082899234323225
20822,1.273005398936439
20823,2.5913308178884913
20824,4.057952763041211
20825,4.802017628861426
20828,1.0895437185637453
20835,4.162573342334577
20850,5.1788065716947385
20855,2.6670952296326345
20859,7.632489346735632
20862,3.8700333534566593
20865,3.5300093588100765
20878,6.341384221345326
20879,3.7022650271634383
20885,3.197316198907291
20891,5.8751062075454445
20894,3.109005943225731
20896,3.9160862799509704
20897,1.920305980625559
20906,0.9310886798327047
20914,4.025416668392393
20919,3.103908634613323
20927,6.697784935474209
20929,12.327348195276304
20932,6.0995230364130055
20933,0.9080141313326977
20939,3.761741088362896
20947,5.143541318441256
20967,3.898052654084457
20978,5.745723317712473
20983,5.060492425647207
20984,2.75178511549489
20994,4.90080152100062
20996,0.8842702633265591
21002,3.5667538971116706
21015,1.6645987045575854
21035,1.1465531865904985
21038,3.0980209325940735
21041,1.934381098892283
21046,7.825393344527113
21048,4.676390841683266
21049,0.8635963397899333
21058,1.6608170882223203
21065,8.857715168746964
21068,2.1424987488315654
21070,0.9100587435793059
21072,2.9645844425002768
21074,2.5931718670020265
21081,2.7868106963976746
21085,0.8663055098196528
21096,5.114719137212769
21098,2.2000796756869345
21106,6.293087791267013
21110,7.465780543465129
21113,7.593071418725517
21115,4.096328629508266
21121,1.7625741812688576
21122,2.7273581992459706
21126,4.9247457814467195
21131,1.7353620862387582
21134,3.200246671755374
21145,8.401999686776403
21151,1.6208901264183435
21155,8.822903698068878
21160,6.145546716095214
21162,0.891820431690042
21164,1.0768584666063412
21178,1.3866941029878954
21185,4.1249041329309994
21190,4.629072674224769
21192,5.811742024237935
21199,5.841675746683122
21200,1.682989102371626
21201,2.5893498987254286
21207,1.0578026201163686
21214,6.167087597152188
21215,1.7530127730819864
21217,1.6403712676956492
21225,2.8081148015776
21227,1.732503260839378
21230,3.6434523441324727
21232,1.627142855670665
21236,1.7335744154517534
21238,5.752632974986728
21243,5.63318707011862
21247,1.6633349170297391
21254,3.7680819443172275
21255,1.7987526624413772
21259,1.9629029121603376
21267,5.061102229357864
21268,0.8955332211954898
21274,1.7857555081458827
21275,5.375867545041203
21277,1.1067931469204066
21279,5.231320732047151
21289,9.874644623322085
21308,2.620670873879784
21313,3.3563272522331267
21321,4.149192051329071
21325,5.014865991223821
21328,1.67610707886862
21346,8.732408598158148
21352,6.892141902055195
21358,6.100474615084828
21360,2.702988561052667
21361,3.911195949588462
21370,10.823906328672319
21371,1.078884781520935
21376,2.131869181614479
21379,2.8746223725549696
21381,1.0862542386239555
21385,5.69577977756889
21387,6.9132683438777285
21388,1.1178033169410182
21389,6.058641413153225
21395,7.711755166580895
21399,6.916330745387192
21400,4.064256403371502
21401,1.6851586189836434
21405,4.302243997715321
21411,4.109947703866964
21418,4.025233490467831
21419,6.527935237107307
21421,1.052391226328122
21423,2.8431317695278095
21427,1.0534891460113611
21436,0.8647269925801706
21437,6.775196794843634
21440,1.6433220340694956
21442,1.7336509062818357
21449,2.1199082419898483
21458,7.843136511751004
21462,1.7085092615597652
21463,6.92325276804068
21470,1.129585790069799
21482,3.874354778239067
21491,1.684202054007117
21492,7.002769984185395
21496,1.9180619539102275
21499,2.537635227885472
21506,7.688685319201095
21509,7.628259195977989
21515,11.53301939799827
21519,3.1303700114766153
21521,4.166561307908576
21532,2.148456409155641
21535,2.0740007203985042
21536,7.721336923992613
21540,7.19141216665534
21544,1.2666284502282616
21548,5.4496525578604
21552,1.0658555016238336
21558,8.832064508663748
21562,5.704942517782211
21564,7.862382112201771
21568,1.1419013896284418
21569,6.661736130964658
21571,5.406400383765131
21580,3.088237915685186
21582,2.050869900971552
21584,4.961752819252112
21587,4.705140660218799
21588,2.9865785466275017
21599,6.060777214917229
21620,7.034541437066634
21625,4.635822888873035
21626,3.900348920685983
21632,7.739304986848774
21635,5.920182530217357
21636,1.4051135686931016
21639,3.8898819151505846
21652,2.1863461035859117
21659,4.487256802565284
21661,1.0111644329301268
21662,3.1682770216091534
21667,2.966073049677275
21675,1.0880641556491297
21684,5.609100446927267
21692,5.968886402178556
21700,4.601620978002234
21701,3.886808591508641
21702,7.461905343086896
21703,3.581329297945025
21704,3.926831068180165
21710,4.82220090853592
21712,2.746035563222627
21713,1.1373662382349767
21724,0.9278463846461573
21725,2.8988512234311328
21732,1.6657007313264112
21736,1.7234247831039062
21739,1.8926650454625147
21743,4.891447622996719
21745,6.1426916432123875
21746,1.698583108727524
21748,1.0998866687467617
21751,5.854014236314907
21753,6.701169274753019
21759,1.4143149547134564
21760,4.0876475543271855
21767,8.717807563099417
21774,1.7919418925561201
21785,2.579353132876522
21787,4.7287518316805235
21796,4.622655543507093
21799,3.649145816247485
21804,3.49162184282296
21810,6.528006300510926
21816,1.7408087396535707
21818,5.276191205276519
21822,5.713349243618069
21824,3.0609554501602148
21825,6.048073942644363
21826,3.7791800541138736
21827,3.3154829019917424
21837,3.3892963570641026
21840,4.372391297176073
21841,5.1536561852981215
21847,3.696474996769562
21850,7.912131718043403
21851,8.47652822518939
21856,2.7153226886258244
21861,4.849775785198221
21863,4.860495324404852
21867,3.7119820789570617
21868,7.111330780537172
21870,9.549833650722388
21874,1.6876344827602598
21878,2.823884998421404
21887,6.133187176866089
21890,7.679069336080604
21891,5.083853673881128
21899,6.522845611900459
21911,7.115865095966248
21925,6.064612564058404
21930,3.806465281578714
21934,2.757820610780982
21943,4.389710188231006
21944,5.13116652685992
21946,1.6664491219103001
21953,6.490268958589381
21955,1.2017241492304302
21972,0.9089854211571593
21973,3.4666946224295483
21982,4.647119023137717
21994,1.7790413266522362
22002,4.814691238681703
22003,1.7623908687501646
22016,4.6769373913643495
22031,1.8264263973698958
22037,1.687932950937996
22044,8.342626193922701
22050,2.867576615280802
22056,1.7828965347864334
22062,1.8851975376481427
22068,2.3422569778284004
22069,5.634644441801573
22070,9.857972909985763
22080,5.983045678477645
22081,5.964293675066303
22098,1.7207488027763085
22102,5.191874714435988
22104,6.662262203928922
22108,3.78065807631038
22111,1.7258549975211577
22114,3.975516741891809
22129,2.576686705857585
22130,7.662185219519402
22133,2.826396113712428
22138,4.81169514801419
22139,1.0742326629817391
22144,1.088873369926978
22146,3.825274332319781
22155,3.299141499153116
22167,0.9274032670051686
22168,2.9631446859183423
22169,1.7419892648286575
22170,2.100175862614359
22172,7.748587948560871
22181,7.057767216509076
22193,4.074589480059999
22196,7.122590139255657
22206,4.553027594858815
22214,5.878395310224798
22216,4.584183665521997
22218,2.891758885756208
22219,1.898786627119252
22222,5.469903628256808
22225,2.804708840128759
22230,7.277492636669809
22232,5.644403418810448
22235,1.914456039785033
22244,3.297908970293354
22246,2.1834902549240613
22248,3.0656481449810045
22265,8.676193824785576
22266,1.2053512974942975
22279,0.8823292907020073
22281,2.310171239341214
22291,3.0385417808978246
22292,2.764724801655111
22297,1.675723329773116
22304,2.1241186836830757
22305,4.653103759976887
22312,3.7610748807862424
22314,1.0716499626183023
22317,3.936028061074334
22323,1.8326713370625463
22331,3.998275185102097
22335,6.613425802936598
22338,3.845346355989385
22341,1.6229218105646948
22351,2.1998534204832634
22352,5.1444415813140525
22357,2.83137678127129
22367,3.718565596157604
22372,7.131968184507403
22378,6.034207846653721
22379,5.873925265866135
22398,6.951907790817998
22402,4.11530311420725
22405,2.11811144144004
22407,2.963046408773092
22409,6.93982177716552
22410,1.7382269646799133
22412,2.767976971075358
22418,0.9444014369242728
22427,5.183790922165285
22436,1.8609741594881273
22437,1.730655869387928
22449,2.6254982906893014
22457,1.0761856507014342
22470,0.9147922010173755
22474,7.4715494048578925
22482,6.169351930641388
22486,2.5589855106902304
22487,1.1442750376373483
22493,3.3525260175775062
22506,7.033856362203839
22509,1.901352157146576
22516,6.06390435912753
22520,1.7276713952585925
22522,0.9182267023848381
22524,6.7950228132109345
22527,3.9370408830291894
22537,2.1277982471263965
22549,2.571918162503943
22558,4.065490532680048
22560,3.4892961472779023
22566,7.1103543387531385
22577,5.351453057643821
22584,4.81368258785616
22594,5.433603448414317
22605,1.1281480814135212
22606,4.689593233416773
22622,3.4310680345720277
22626,3.0846742845815505
22629,6.73980637187634
22636,1.1559725200430213
22638,3.737169975337844
22642,3.6072765215493314
22645,4.790707760426752
22648,4.216975995906887
22652,1.8793858400862296
22659,2.896252502033709
22665,1.778805160645347
22668,10.582950457667412
22672,7.202144481894155
22686,5.900384004454779
22688,3.8866609040435693
22689,7.1122284237517235
22701,1.947893241696312
22719,2.562015160075129
22726,4.008340064087867
22727,4.736908061879731
22736,4.408754127474808
22737,5.6379340764797465
22738,3.0526518914872973
22742,7.744090534332695
22744,8.50550465028908
22746,3.872656218798793
22749,7.694850191272129
22760,6.541479883058626
22770,7.521192154278071
22778,5.463901460076812
22794,3.9778716815640123
22796,5.924392825476266
22797,2.909243512622087
22799,5.032425940992132
22811,1.0049581142990118
22821,4.697616995464127
22825,4.0614502780134405
22826,11.006848723411137
22830,4.058190366465264
22839,1.2136491340477464
22845,5.5904120739524075
22848,1.6899195625121783
22857,0.9426670431776989
22858,4.743428255983984
22862,1.7628064025098382
22864,1.0807325243859136
22869,4.093111382292898
22871,8.613298939755618
22878,3.0465532435116627
22879,5.674281090424961
22882,4.816161604806098
22907,2.6272720223925066
22915,2.689750873587985
22929,2.249723861393986
22942,3.9705126772776893
22944,3.5585021941139288
22945,0.9164921102041177
22948,2.4918629802111596
22950,4.834122459664332
22951,3.3098946502954347
22958,1.1870126577945586
22970,0.9212606128259417
22975,2.7528605310467325
22981,1.5315910508597432
22983,1.1129399700799412
22986,3.9914208918488625
23001,0.8471721336057008
23002,3.808321951164507
23007,7.440040206299736
23010,4.7607522555574615
23022,6.1942776487359845
23031,7.440146221606282
23032,1.0622589243856635
23034,4.657949416654918
23042,1.1800214166374077
23045,4.732708703929399
23050,1.0992472899741235
23061,2.8423380681573356
23065,1.028292660362239
23097,6.9279335378873075
23098,8.17753971203594
23103,7.757038336364094
23111,3.753828853462274
23125,4.137989416220028
23128,1.1036209190684345
23129,6.851319083943379
23132,5.1397054438906915
23141,2.9146920544417103
23143,6.143505108466064
23152,8.098126243751278
23153,1.6788380085213528
23154,3.5164203702333507
23164,6.89970259598193
23175,3.5909701951331003
23193,1.6464254227032464
23195,3.29035732811959
23201,7.689343583060753
23206,4.633547008851903
23207,6.655093125604187
23209,4.9828087270440005
23215,3.243498254912227
23219,6.0590112136211065
23226,6.807745831402022
23233,3.2387001555647483
23234,1.6613032135182135
23240,1.1122289580852684
23242,1.0741907507264656
23255,2.859298833554814
23261,3.01871362787121
23263,2.111444839461811
23264,1.722181660805659
23269,1.6973335896654094
23279,3.5696983372552884
23289,0.9079080072179315
23292,4.7358681344004125
23295,6.266206881237843
23296,4.072583598941085
23297,3.548674605940342
23310,3.8528545225498774
23315,1.7098843848728356
23316,8.204232219654134
23319,4.943677988269661
23324,5.8248372328422455
23327,5.834893208282769
23328,4.668318237723469
23337,6.163943399464237
23340,0.9052339807895389
23341,7.620435565975583
23348,6.120729287838986
23349,7.119800775543827
23352,6.653239861834864
23353,3.831004299407083
23357,4.850333164341341
23360,8.533575998649697
23365,4.637852393094573
23367,5.7332581775421545
23368,7.722548983316393
23369,5.755563570178381
23374,1.2542114598057714
23375,3.6970634995880842
23377,1.7781853856482428
23381,3.7677254973013903
23384,5.038346257018063
23389,5.364717025035938
23391,6.599264960642552
23394,11.477781484154159
23396,4.60122505002981
23399,3.9713390726156135
23403,3.3569742841752124
23404,1.9449554955867971
23405,5.620638775384891
23411,6.8068685368787545
23413,4.721270103240482
23420,1.1013604947939717
23422,6.070160038080672
23429,2.0929599010070916
23430,6.359077784714108
23433,2.876526385422917
23434,3.082400052124618
23442,1.1181885102205564
23456,3.7622028553244955
23460,4.720646172905313
23464,1.7483137319583406
23475,7.304794497530487
23479,3.040249381371644
23483,2.1274292772952355
23484,1.7654164504542993
23494,1.7133135227791327
23495,2.1401121978599322
23501,1.9285187158552044
23504,2.212964692468878
23505,4.039561011872107
23511,5.443474099186745
23517,5.5094708727638855
23520,0.9171354759748103
23527,3.0893337074566976
23529,3.8081780737462827
23531,2.534933874296157
23533,2.633112741564833
23535,4.369435010051469
23537,5.506487705024934
23550,6.063573040525901
23552,0.8670862951880216
23555,5.7384514072613655
23560,7.134659442702617
23577,2.097553870135272
23584,3.8502954695120106
23588,2.7700987544925293
23589,4.867661389460419
23596,6.643282736738028
23600,2.964829561398515
23603,3.6749337158047406
23617,2.7130322777872604
23618,7.114815201884822
23620,1.092953693856046
23621,5.157306458372668
23622,2.626234769129783
23623,1.631679308126532
23624,1.124941525204512
23626,6.9457659558408915
23629,5.719619705368402
23632,7.668256039631291
23639,7.779090450038931
23643,1.6224564531091743
23644,3.6597629207905005
23653,6.894623436948046
23656,1.7613109837198389
23665,5.3905815700993855
23670,6.728164994250067
23684,1.6367879189093726
23685,1.7001800683120059
23696,6.121168571396003
23702,1.155397066153526
23709,3.6553345315148222
23716,8.712718365341695
23722,7.840477155765768
23732,10.988200017311208
23737,4.938355269690441
23740,4.779840020658575
23744,4.997115244281176
23747,4.736574845046695
23751,2.954410397344539
23761,6.622677570397515
23762,3.7399053069156762
23764,10.010739257338841
23765,4.704358133166011
23771,1.704059607529583
23772,6.740110254832777
23773,2.428718162087133
23778,5.186836599913735
23782,5.953863920427599
23783,6.978618973209443
23791,3.688292537162693
23795,0.8424067203932224
23798,1.0798721410883165
23801,2.515628962571369
23806,7.386346888455007
23814,9.642962008718442
23820,5.66835489472879
23825,0.886834522704925
23826,1.7552677933369751
23830,0.948085984134865
23837,6.803484781834985
23838,4.470383452260067
23844,1.099523633960188
23845,5.065503724520079
23846,5.631681058548452
23847,6.90861631634036
23850,2.8905051830477304
23859,3.8794475373867376
23861,7.679059901519761
23862,3.0761673439621853
23863,2.7576448176859074
23873,5.658987084715218
23877,1.0495422051558179
23879,3.941761066745507
23880,4.749263505754446
23882,7.004135849777748
23883,5.886788553203798
23885,3.927264373838372
23887,6.849540068687302
23893,4.1790091665888145
23895,1.072333680215332
23897,2.1719016246610128
23903,1.0348078812796553
23908,1.6900129457885673
23909,1.1039786086568273
23930,3.136837713477453
23934,5.033475048392017
23940,5.711831693500687
23942,0.920732183054962
23946,1.684089461830688
23950,4.127355235667043
23958,1.0612289646549282
23964,5.0674919685902005
23971,4.67812256203157
23978,4.172642503141145
23983,2.073708094789813
23986,1.1879249304623394
23987,3.562973513010906
23990,2.842066531912349
23994,0.8890044542767224
23998,3.6746348428382953
24001,7.791296392536789
24010,7.962241292655657
24016,4.213153993211257
24018,7.088561329928266
24019,1.7114459539817086
24022,1.7043788196337175
24028,2.9598343776522493
24031,3.762499081455565
24036,0.9057395062072207
24041,3.647980088186923
24043,2.6700004511736215
24050,1.650306249474724
24054,3.1269323673081653
24059,2.570251193260648
24065,3.8235719761075853
24074,2.873165479107242
24075,3.6585845829353625
24085,3.745020840924403
24089,5.678345495697061
24097,6.696359032960478
24099,7.610254588360378
24105,1.664548082213567
24108,1.6929943781686636
24109,8.682043728490566
24110,5.6488478323294125
24112,5.807529440081351
24116,7.656487106502749
24117,1.6779721984078098
24145,10.370874143565354
24152,5.148609833458952
24154,3.2879290450188186
24155,3.10558001669383
24160,8.874983839651065
24170,4.860402829520861
24173,1.0959147500732151
24179,3.7761521711906427
24180,4.554483890118231
24185,3.6537961343664014
24191,4.722200687761811
24200,6.131396312764282
24205,7.638645346247943
24211,2.9004187836263755
24214,3.7838864429366064
24218,4.082367330844665
24222,3.602460760927028
24228,1.9389083047282516
24229,10.533910981209864
24239,2.878772942800132
24241,3.9653034640610745
24242,1.0710233850905944
24247,2.3833835780177686
24253,4.6319392649818685
24254,3.1809481054667135
24261,1.085160169539499
24262,6.085655594313934
24266,3.5962699962841755
24269,4.978275337653847
24271,7.64613966916523
24278,2.866287485473704
24280,7.635798584237946
24289,1.6408082177490688
24301,8.651895574361497
24312,1.093897950772719
24319,3.9694080119288597
24323,1.134845990233274
24326,6.6838430767717085
24328,6.541427666435197
24335,3.6267697490149913
24341,6.792688832191235
24347,1.9302958343294647
24348,1.1053712223600138
24352,4.297128866023446
24355,7.602358360719427
24356,6.3184821564948574
24359,8.786020475495322
24360,6.331576712446097
24362,5.627419066355318
24363,2.1180037928977726
24366,2.907005083504491
24368,2.7365016853759867
24378,2.1398024636226713
24382,2.790723336624446
24386,2.974084729486335
24400,3.069956677700282
24412,1.0956572827596291
24426,8.43465020864991
24428,7.712786298087401
24431,2.1804316754250994
24445,6.5456494212580285
24448,6.912151607597686
24453,1.1191847934285049
24455,4.758013142718711
24456,5.0578620197667465
24462,1.7847731397690794
24468,2.1011053984289023
24477,6.637849030398636
24483,2.9240043685259716
24487,4.107707748881941
24492,1.1341114830813508
24494,1.0620025504032728
24495,5.90678551691708
24496,5.636527592848171
24506,7.056373697238744
24507,3.5840442889153032
24517,7.73941863853584
24527,2.7017498831914484
24528,0.8706437860965774
24538,5.882314465158
24539,1.7135081440980544
24541,5.12402538311771
24542,5.798933946757025
24544,7.984216232085435
24545,5.297285391940767
24550,1.0923663237186148
24551,1.9414669775845583
24556,0.9158472781955109
24558,6.573661471747844
24566,2.879544605828375
24573,2.63463748189805
24575,1.1244337644464086
24596,2.7411844734397666
24597,3.8561168113711646
24602,3.938614158317676
24606,1.752419902185225
24610,1.6970257913674143
24619,2.159535666930619
24622,1.4700026148231675
24623,11.399985826988228
24629,0.8751487161262292
24633,2.6460333138445975
24634,1.6077416540722766
24639,2.6260396878923613
24640,1.1887909753655794
24660,1.063668314855704
24667,5.357389667077683
24676,3.8604201097786897
24694,5.716442765115621
24701,3.617552837776184
24706,3.1600549739008494
24711,2.1933806764180415
24716,1.7726143425740877
24720,3.1308355847025293
24724,0.8907988792611317
24731,4.996575905425346
24733,2.622972796468448
24736,1.0439811113662678
24737,3.621356085186067
24739,5.583858525235456
24740,6.211828166138451
24744,5.61823793691482
24752,1.814053814263695
24756,2.708369549522847
24767,3.1377694981436837
24769,4.661242812525675
24771,5.939416782926775
24776,3.197391059810687
24783,3.658303743474802
24792,2.9044652369141097
24794,8.387629360553682
24796,7.6971098763145065
24797,5.0025501454240855
24803,3.939781598773965
24806,5.156572171192785
24809,8.955416107331494
24816,3.6122302561303785
24821,9.869965779658877
24824,6.705300576572891
24835,2.107369481567874
24840,3.7297325094922535
24843,1.7297811634931177
24846,6.660316136240444
24848,5.9087965733795835
24849,6.6910144916575005
24852,4.633055280985799
24864,5.088902620772196
24870,4.529263244662327
24874,2.9212696625818273
24875,2.862218403448872
24877,1.2430957832216758
24880,3.0993875381241835
24883,10.787933802306927
24887,7.735433017965148
24891,0.8903517274057919
24892,5.594283334160831
24894,4.524232787858168
24895,8.89101736593635
24899,3.3562079840017156
24902,6.5917892558923565
24906,3.221378860784878
24918,7.861163741378435
24919,2.9737902915001886
24925,8.70677879326067
24935,2.1731770206665972
24937,4.0784639048277755
24940,5.631463494457533
24942,10.594389064252994
24950,7.655640625299556
24970,1.749593429805676
24974,3.7532155669339042
24976,3.0543320909440936
24983,6.056660281602544
24988,3.808573609740593
24995,3.8039648916070785
24996,3.7798744058626155
25020,7.665408391510583
25023,1.0652994249205934
25027,3.8572342904358696
25034,8.41772051061604
25041,5.23704290809345
25047,5.5310711036669975
25058,7.74710608745116
25064,2.6147206073682967
25068,1.73450648340711
25071,5.720018976181334
25072,7.78167442900497
25073,2.7338885181922645
25075,5.457924915568782
25077,0.9033962493244769
25078,5.943741720360484
25080,7.068404377511743
25090,2.109337026133411
25094,1.2000146704845815
25095,8.264602572490546
25103,4.0308773986849875
25107,0.8344316692849545
25110,2.9303117653673607
25116,4.925099622083321
25119,4.91104847745779
25123,3.550609399137418
25125,1.674824949260187
25127,3.1938188488880765
25128,4.025276261858045
25139,1.1559875422390662
25141,3.6608241919212587
25144,5.382811467081339
25145,2.5569123354447987
25148,0.9054107539309943
25153,1.089336250021519
25154,8.495769355288125
25161,6.9058997792579415
25167,6.535321716576961
25168,5.798251274300682
25180,5.842359630561737
25185,0.9186659366513967
25186,2.610176637672925
25188,2.6668657072186237
25190,5.81621842722236
25191,4.713473566437659
25196,3.4159571828683
25202,6.078050964194021
25207,7.980557095808766
25208,6.807484789070481
25213,4.742615903498881
25214,4.068985775025803
25215,0.9043890954868972
25216,9.751659329375322
25227,5.9392057512334375
25228,7.90128752309821
25229,3.3659796796257524
25233,1.70265200816864
25240,5.810782960815871
25260,5.762859101998145
25262,4.0383053689611454
25264,2.1224769948666444
25267,6.056602760694244
25272,3.324358785055636
25289,1.261934941382112
25293,1.951115281555197
25295,10.579650248175305
25301,3.0977391349836307
25302,4.08360787280936
25306,5.692098851371932
25310,4.045120847691456
25311,2.1635726666646304
25320,2.9753427712866243
25321,1.0848237410009594
25332,1.120043095401396
25334,3.204202844785809
25336,0.8885321712219918
25340,4.260700292318937
25343,1.0722642572101302
25352,8.574061995235507
25354,4.062271714407756
25381,5.106901875919634
25384,3.212481762370611
25385,2.657471240543989
25395,5.032660528934995
25396,3.0902706774718167
25410,3.1285018479784457
25411,5.915394231535383
25412,2.0947008689702464
25421,4.072020603947342
25425,3.6017043853717037
25436,4.883051095132008
25442,6.863727865342998
25446,0.9125455550826715
25447,1.038520025925128
25450,1.135325065077042
25460,3.7924043739666
25469,4.681201691244692
25471,0.9222001529050226
25472,4.616989530866322
25496,4.829239851314949
25501,4.686625961974755
25507,3.002549764786524
25508,6.616755250631654
25511,8.027153604171291
25515,4.575461542019891
25518,5.85183314559306
25524,2.6208484874875677
25531,5.922537777990964
25534,1.0834848106094555
25535,1.69115853011699
25539,4.744059888323374
25543,0.8625751687232301
25546,5.663856981055545
25550,5.033035157854778
25552,5.91859463389375
25556,1.6530760123742714
25559,3.5070649346425045
25560,4.66480070109982
25565,1.1159439491506697
25567,2.6372869458344574
25568,2.178519911250377
25570,4.685691371795755
25577,3.148555693646847
25580,3.0921537392286984
25583,1.8759483981002076
25585,1.9685892502084101
25587,7.7222802043496115
25592,4.844819828834843
25596,3.894947634044719
25604,1.0471110857583685
25605,1.2280571529879323
25607,4.9479296981537155
25608,1.681483506159676
25611,6.393050116653979
25613,5.642340513455124
25625,3.678196032062842
25626,1.1498291837824688
25629,3.950774888812954
25638,4.105948066226661
25639,7.070738379218052
25643,7.329649092499394
25647,4.594716907644433
25658,3.668841156411732
25663,3.978959644048497
25665,3.893427435384462
25667,1.3767815613442735
25670,3.7237008455399665
25674,3.718066674989027
25676,1.0984559929705204
25678,4.704322628652823
25682,2.8318163207811025
25685,3.7059210802381113
25689,3.0454760343915623
25692,0.9064738854755627
25703,3.184307528196307
25706,1.1131677197852343
25707,3.1452957159363004
25729,3.730158723197194
25732,3.8828987289061687
25739,1.2278980658213134
25742,3.830064105860982
25746,1.6505863842507789
25768,6.055824651014179
25769,3.672791338838735
25786,1.1016429215732284
25788,11.3209250534017
25789,2.847209275425447
25791,5.21796661541266
25802,6.646413787468667
25810,4.862256722877711
25819,3.887109146679033
25820,9.122019989033054
25826,1.0469292284083216
25834,7.616032807034774
25851,4.725783043466864
25852,1.8083704125578213
25853,4.044675270585958
25868,6.062718103362922
25884,2.2250257943990266
25886,3.416280403964493
25887,5.729040990092142
25897,1.6717332679177694
25901,0.9179516754043937
25915,3.582681874070647
25920,2.3849745688554136
25926,1.6890035900192295
25928,7.734362993924947
25931,3.549208858393726
25943,5.7528412744371344
25944,4.793039470265166
25945,5.7279438530979325
25950,5.236706686066607
25957,1.7415989052814984
25958,1.061783023932291
25959,9.744200914322935
25966,7.689714073809875
25968,0.8924586994940285
25970,4.646193229649681
25978,7.1654088657877
25979,6.562798813649552
25986,1.1591738222195493
25987,1.0623474093937944
25988,1.0604515177433855
25991,1.1441497250366548
26003,4.9086709871773815
26005,5.8058962008728265
26007,1.124880223436374
26014,5.890661763636897
26017,2.9734513718240834
26018,1.0975785328489107
26032,4.839628996215513
26043,1.743336102948382
26064,4.048418582664427
26066,3.1116057884221218
26067,2.331400056846636
26071,1.1236202127932717
26079,3.158410721758979
26083,3.0337060065100165
26085,2.792927798052638
26088,1.0784504509198571
26090,2.340323599449799
26094,5.1494558618010196
26109,1.101326006625885
26113,4.62669413426741
26114,6.647715618654369
26123,2.432349919150633
26125,1.6823149243445856
26130,3.73681594130233
26131,6.147826807825951
26134,1.723583340589065
26135,2.6490063886713653
26140,4.5618010474927235
26148,4.919191109865383
26154,3.0640388208990927
26158,4.008710492677879
26161,3.1698336603442008
26162,2.0693389869086487
26163,8.72337159427288
26173,5.770623797073403
26174,2.245760096477701
26180,2.8213602086536933
26186,3.634146769392014
26192,3.094954410524111
26201,3.7524810590931295
26211,2.754150555564517
26213,6.69961170469152
26215,4.088787718773267
26227,2.5734762385971823
26231,6.3307488997557115
26235,1.7853831164452179
26244,6.816731514006875
26246,1.9323657999508694
26255,2.6938967399920433
26261,2.692949042780038
26262,6.879545192329013
26265,1.7256233643785932
26271,3.331965435418373
26275,4.131777006599762
26282,2.1230691020318204
26288,1.065960584883904
26291,4.734535030529373
26294,4.2737948630312514
26298,11.387922694326237
26304,3.8810172969344072
26308,10.695730822349802
26311,8.740618291479473
26312,5.526705529317274
26314,0.919234177997966
26315,3.8471728757843744
26319,2.960408030997068
26328,5.637209634480547
26342,1.7161507657023924
26343,1.0573516966459486
26357,3.0897987915680765
26374,3.896341827322155
26385,2.9255145173711417
26387,4.607235346515268
26393,4.065016682622188
26394,1.047130376820248
26396,6.095304352500362
26419,6.7393536462312875
26422,2.714695822389137
26428,1.8953680088271518
26435,4.212439038785022
26439,5.532661327880343
26442,0.8963089190383706
26446,2.110363558307413
26452,2.7415423166215023
26453,1.6824867896881712
26454,3.642211557433666
26456,3.8718829529690795
26458,3.858412748126607
26460,1.8064564214696057
26464,4.087006035539006
26475,2.048674989595174
26478,5.651496669052268
26480,7.354978875205553
26483,0.9118126045256143
26484,4.51249869237837
26493,6.02755741764534
26497,1.8103476241680108
26498,1.8366554202116854
26515,2.199469600177108
26516,1.1920642633398613
26521,7.124651095903205
26528,6.654257680781121
26537,1.9477844880014001
26543,2.204185130122963
26551,8.029967441109282
26554,7.127178968338565
26556,1.137966456909917
26563,4.095817774209677
26572,1.7161412975468036
26573,4.0871659475567155
26575,10.059734179534797
26576,1.6441830980338121
26585,6.178760121286386
26592,2.8124223781603233
26597,1.1222262090378972
26604,1.7552742514056376
26613,1.1547473784591324
26614,1.7120268462115398
26627,7.790500946841016
26635,0.890408435321536
26637,3.999087852510647
26639,8.646894424610618
26654,5.631087143197867
26657,6.1145079604037464
26660,6.033703356492783
26662,2.714324987293937
26666,5.604996630005535
26669,1.8168684902513577
26675,6.764927263606805
26676,2.5778906059805995
26677,6.1414695196857485
26683,6.765798082698552
26685,1.9577025468081497
26688,1.7326213548427067
26689,5.660799204873469
26690,7.0715339392044285
26691,2.811129278229493
26693,6.871662930940032
26696,3.1724047172494103
26705,5.740848524519029
26709,2.2319034088945555
26713,5.896300910790238
26714,4.4788280054464975
26715,5.607747881197871
26720,2.0887899572939297
26728,7.499740696508509
26736,6.721631539842472
26737,2.735273922893619
26741,2.420337782853774
26749,3.0948956687572777
26751,7.855630239905326
26753,2.986900635150682
26767,3.8365704222638
26768,0.9130001016659399
26772,1.1971903705771507
26774,3.447486877943093
26776,8.624666452745814
26781,1.094268753978017
26783,5.746688615053114
26784,1.0678266181353577
26794,3.6961843768839953
26795,0.8902290998376161
26810,4.43779302359749
26816,2.61907712829699
26822,6.662719631322304
26824,1.7062601469622898
26829,2.148007218650402
26835,2.60956803487282
26846,7.659417622967522
26847,1.0983513390508883
26851,4.523680249540387
26861,4.641796150181562
26881,5.841017887191372
26882,5.1278249719266595
26883,5.064986791583342
26884,4.707628211320305
26887,4.959255792608888
26894,9.81025044597856
26898,1.672617730466917
26899,5.934415032710013
26906,1.6844889559156933
26907,3.5743974360311466
26909,3.652066332777372
26911,5.603465640503609
26913,6.67351098166089
26931,1.7111740984544093
26933,4.4024989342719145
26942,8.583472310043025
26945,0.9050645147253156
26946,7.786907336295451
26948,1.101121714018003
26950,4.724067264265864
26960,4.8173302562335865
26965,2.921256825180585
26971,5.484221619781863
26976,5.082569166113266
26984,1.6199188078666946
26990,3.898166975099901
26991,5.616081620956017
26994,4.899985309934746
26996,1.8176683264481204
27006,2.1199988997915202
27020,4.145024376431261
27030,3.629085882913912
27031,0.9095780172089896
27032,6.725824659344992
27035,1.9322868000221605
27036,7.1026105388304925
27042,5.044079864932848
27050,3.125184179232269
27058,1.0992341353896031
27064,7.070619431569451
27069,3.851910536059108
27070,2.825756506071782
27072,4.698983043105456
27078,5.78890871185202
27080,1.1025852058022414
27085,4.608988422721735
27093,9.404537773483087
27095,10.480050160714821
27097,7.581711028881132
27117,1.0667163541983289
27119,3.5478547547667167
27124,2.808157958335599
27139,3.164364460272271
27144,1.895162207259606
27147,2.115316445371775
27152,6.678771034722425
27156,3.578550694322111
27164,1.710273628900954
27166,2.5760254669785327
27170,1.0348709072317819
27171,1.803506267051592
27173,5.691042740817366
27182,1.1299735248041163
27187,3.9374429027568043
27191,1.2312226040223186
27193,3.209755248039339
27200,0.9109611931599866
27205,3.6032026284940617
27209,9.763267245801078
27212,8.054986866756453
27234,6.526350096764696
27236,1.1208117173825842
27242,2.555601595121808
27244,4.818068473959232
27248,4.966454644617441
27249,4.0804365138869105
27251,8.721265970076377
27253,4.359681283496801
27272,3.8680222693114716
27276,4.117447721200137
27282,4.095738295557944
27292,1.683910544514228
27298,6.0626037804740385
27303,4.049285367972236
27304,2.874215797710143
27312,5.317041056379299
27317,2.7626080568526303
27318,3.707553646193315
27322,4.82577822888917
27325,6.365853741567722
27328,1.0784270407377687
27330,3.57281663716862
27333,1.1426698779404765
27335,2.090271310387667
27340,2.170323099769024
27348,7.702501091441549
27349,1.6941645763983915
27353,6.799732044540033
27357,10.546123750357689
27360,3.3691340988920215
27361,4.9761064060710165
27368,5.610587642924759
27378,4.694525261618353
27382,7.534567086152991
27386,1.1222093067738164
27387,5.654530852702998
27396,4.016103709910826
27400,6.896904124377391
27407,5.698751176531833
27410,1.210695907877378
27411,3.858196289350369
27431,7.1447923828635975
27444,2.504950796238534
27448,9.937438156975611
27449,4.788518098745794
27463,3.7602900439164695
27472,1.9230409493647675
27473,4.209103310176747
27477,2.456085301815375
27478,1.8585369077465264
27493,5.1085046666724745
27496,2.137639266278191
27500,1.2185337387620523
27511,5.729539474870054
27514,4.812189146640144
27522,5.409259964865412
27526,7.203671563927329
27527,4.785845250966627
27532,3.8925003181655287
27544,3.6648799558833556
27547,4.579271478386336
27548,2.8818432385769364
27552,2.127955703853542
27556,5.143423371447897
27559,1.1893380016783852
27561,4.786457611767369
27563,1.9483741658548777
27564,1.2541808270809036
27565,4.798585883213416
27566,3.845879908603005
27569,8.652720634620962
27574,4.77172282130787
27579,0.9174786691156727
27584,2.714540325793412
27585,7.959290764317106
27597,5.6467455817375045
27601,4.569882296665016
27604,4.075204340653068
27609,10.014873591145495
27616,1.0252078185900402
27617,2.049660519340613
27628,2.139682277673851
27631,2.5197004429036314
27633,5.662226101820812
27635,5.724106673155392
27637,4.357746595850972
27639,5.745097155493596
27642,1.1573651606959512
27643,9.399629097980952
27646,3.2770131141576226
27648,4.000584649648479
27649,4.330199098231265
27650,6.849158380320764
27651,0.91380566616147
27663,2.945696411579077
27670,1.0632813377930064
27680,1.5157098940312368
27685,6.474031160782108
27690,2.83068782857457
27698,4.118693906092591
27700,0.9091077066847224
27701,4.462252603271124
27707,1.130557331509368
27708,3.01151516464554
27709,1.6993261315852064
27710,5.6755399283948655
27718,4.033237853913565
27721,6.041150884020723
27726,1.6594847718594226
27728,3.818560243476698
27734,2.8523527764313377
27741,4.929981329317293
27748,6.159638343169153
27751,3.7424915980422147
27760,6.958638789213422
27763,6.091085198648117
27774,5.247857374067072
27775,3.8402535723651603
27778,5.711496052902921
27787,2.7399702388394624
27790,5.04831005034217
27798,4.464758007256029
27800,1.7337297760587709
27815,2.8556139971155874
27816,3.3977946930844025
27818,4.094944708640093
27821,3.6140378743197403
27826,4.658025430378021
27832,4.048086079771613
27840,4.0449577179004566
27841,8.302958383945093
27842,3.508973864549441
27845,0.8924475480097294
27847,1.6663641781014618
27858,3.6996300659490053
27860,4.90153499565917
27862,6.74351926079334
27865,0.9106350375935532
27867,4.265658320079509
27870,2.7269338049252254
27885,1.9419937244016952
27889,1.8973263477767888
27892,8.59753711255435
27900,3.4786549883147266
27906,2.7962990152590255
27910,4.458582677245528
27916,3.7921256170958135
27917,2.8714954468091554
27919,0.8975690769075149
27922,2.789218666521826
27924,9.747233268975346
27930,1.100210906287915
27931,3.8285974524739936
27935,2.622443715125357
27940,7.739943382855646
27941,9.203806997781601
27952,2.682731221635081
27956,1.1015805918231973
27957,3.225935438372687
27958,1.144545845513056
27960,0.8988171205343547
27962,7.097828903422355
27966,7.833520194000691
27967,4.15535042346623
27971,1.0961262176924174
27976,3.7664288988481918
27986,1.181417149836388
27993,3.622425399740513
27994,3.0916044495861543
27995,2.0964572187358663
28005,6.225292097578437
28008,0.8999696073911658
28011,3.9985781390935995
28016,3.605510039859674
28022,3.6528041879418947
28023,4.09199681680352
28028,5.307494801034289
28039,2.6768266064364745
28043,2.632739136769845
28045,3.6305727431153234
28046,2.758316654860273
28063,3.9927251194339477
28065,2.6259079152615383
28071,1.1052077899013644
28078,2.9594587993143775
28085,4.049593535503372
28091,1.1346542647727702
28092,4.881535680518452
28099,4.859733349535382
28109,7.129461923307939
28127,2.742855296001533
28136,1.7032086123003385
28140,7.753383840108236
28141,1.0397576841309593
28154,4.0353706968791
28162,5.6497809965042025
28163,3.7906897862581026
28164,2.091715208341218
28165,6.081315345305209
28166,2.765034836650721
28171,1.8634154501905122
28178,1.6608031986029692
28179,0.876911042719962
28185,1.1794433380011653
28186,1.115101855413239
28202,5.880659973508349
28208,3.1077763190862577
28209,0.8514175597479174
28213,1.137211591136876
28215,2.682347100596309
28216,5.015785614633748
28237,0.9045766212945292
28245,5.108028982692915
28263,2.1320258030181067
28265,1.1253630459940323
28266,8.37576590036171
28268,1.0929406622889308
28269,1.1151173956653033
28273,6.632229282421063
28276,2.6166085862722834
28279,5.072243318275376
28281,6.982627101049507
28291,5.781102569166413
28297,3.702461188385388
28303,5.010104603326173
28305,2.1079301914547064
28307,1.1030749726445284
28309,5.062194692193359
28310,3.5825758744971874
28318,4.591958222779131
28320,1.081565797027796
28332,2.824016675537918
28333,6.075247625064093
28336,7.026694328077113
28355,6.050909574479334
28357,1.683305746571416
28366,2.983064283535145
28370,1.0781530392529919
28372,3.117034869441313
28379,9.768566044118451
28384,1.416768499190915
28391,5.879972439785992
28395,3.9676115167070987
28396,3.165982313745198
28397,6.913845564451295
28402,2.783923861268407
28406,5.155368606601408
28410,5.924033491219217
28413,1.084487035295791
28423,3.691474283589925
28424,1.6500834613302287
28427,3.1023234915251345
28428,3.0429248841983587
28439,7.139930447808864
28440,8.220724252276487
28441,5.958089199376443
28449,2.985374732828193
28453,3.838404722885425
28454,3.89134632611713
28472,4.770155278453649
28478,3.6941098100969683
28480,6.9203686292565205
28483,2.0722167577806956
28494,6.541073851090633
28498,0.9122431269127347
28502,3.8635841590155886
28505,7.762521219350128
28509,8.414992696639324
28510,6.645069719496021
28511,5.071829804594904
28515,1.351372369514011
28518,1.1099957421677726
28520,4.878379458248767
28525,2.967536156268171
28526,1.1349934521800664
28529,5.087782381827523
28530,1.490070697757512
28531,9.629700851595404
28533,1.7686143231840994
28534,3.809217009845331
28538,13.563876311280447
28544,1.1233717397736505
28549,5.62264524250924
28555,5.138611421832511
28559,3.7779526258278042
28572,1.7006391934876115
28583,2.75879796236811
28589,4.042722532091775
28590,4.03773975839388
28597,10.075192790999989
28603,1.096753001560553
28607,2.877010522645988
28608,5.605167861755559
28612,2.102787111589624
28614,2.195004621429287
28618,0.9281361830002113
28621,1.7241353430719206
28630,10.13168207021596
28632,6.772388942179639
28633,1.956730233161843
28637,3.696172711759965
28641,3.2781427864234987
28652,4.066961806183243
28657,5.854558612712866
28658,3.6147683543462854
28675,8.014328801090983
28676,2.663331942776809
28677,5.735006280756822
28680,5.561226864932483
28689,2.4663876803750515
28691,1.224214540640678
28693,0.8493586377959468
28696,4.882587941003225
28705,4.872344267400527
28707,2.2284502395907273
28709,5.163864097207103
28714,3.0893595316660276
28723,1.7032016195114927
28724,5.43505777909849
28726,6.6697319154855785
28728,3.7798847668549436
28735,2.5874266364980034
28736,4.320351472020849
28737,4.347839234726589
28739,2.929780638698708
28745,6.5894331184423125
28747,0.903846174065126
28750,5.3730914697356456
28752,4.440847320600225
28757,1.9129493654998662
28763,0.9205586558903662
28777,4.060898486295939
28781,4.693513942880513
28783,0.8832155502494534
28789,5.570789390252989
28795,8.614313179431084
28805,1.1109503650578714
28806,1.1369369744585858
28807,0.9188187549120759
28812,11.590188262737463
28820,2.099348647935272
28821,1.0650675716944056
28822,1.0657442762459413
28829,3.7248944213395534
28835,4.493480592762392
28841,1.7171175023589784
28845,3.9699154956977196
28847,4.808543190605571
28849,4.636323606962501
28854,2.7262391631222096
28856,4.873937180874317
28862,5.553522067108502
28863,6.862149529153028
28866,10.596850309887941
28874,5.438424566904318
28880,1.1276387702588693
28881,1.3352029686507287
28883,4.854401439051504
28892,2.6222141685627536
28901,4.7318503777581435
28903,6.105838154238558
28909,5.861026743380757
28911,3.059750789423711
28916,3.910019412669393
28933,1.0717346849626983
28941,1.5804636058857668
28944,7.1357978013956345
28945,4.848470885811231
28949,0.9064002249238587
28951,6.0635085295892
28953,4.041044896210089
28956,1.1097752423263154
28959,7.4383394805397725
28962,6.680397351434879
28968,1.135722634415667
28976,7.586395140252696
28977,4.033319019962588
28978,5.0908839573916165
28985,1.137843546850629
28987,9.661930103555445
28988,6.284597869311797
28992,2.584410510006105
28995,5.208540541951136
28998,4.07083646725058
29000,3.6622261725045933
29001,1.1812378948097022
29002,1.0461511654742157
29004,5.718518213450798
29010,2.549632308760714
29014,1.9011110731640275
29030,1.0804649707061031
29043,6.128844921410354
29060,4.203483017308985
29066,2.9068617284307665
29073,4.749719289507222
29074,1.8366379461545508
29078,7.174005483169747
29086,4.103686964793257
29087,4.60498784359042
29093,2.156687537232884
29095,4.007841695109579
29098,2.8626977984393998
29103,5.090394582125773
29104,1.0872453016558339
29106,5.044515934763664
29110,4.445857623482695
29119,3.1078270692334793
29128,1.0689840975042664
29132,1.9049883414935365
29136,4.6641854804624545
29139,7.120671140202738
29141,3.725636336822496
29143,1.1035706703926351
29144,1.7395669057044714
29145,1.9174301397905973
29148,5.085217720271977
29162,1.0626061126357587
29163,3.360114173641727
29166,5.264591152175422
29171,7.818467506726381
29172,1.1163193507195306
29181,1.7253585163900316
29188,0.9161662309592433
29189,1.1406249890604538
29206,3.999091840886366
29208,3.099623013590231
29215,6.769115580777235
29227,4.617587720986812
29236,3.062652660239217
29237,5.5512936984970445
29240,5.55310410759748
29245,1.6885697753253504
29249,3.7594452743452385
29250,3.7876149735682176
29252,3.0726535752331983
29266,4.060132502031849
29269,1.7772678889281228
29275,2.7073511925592406
29277,5.7312055178532555
29279,1.1036112726641836
29280,5.2002727709299075
29282,0.8838413297533547
29283,1.7636083284715802
29290,3.0134205680149617
29293,5.809010159293484
29295,1.4533649054569198
29306,6.334762725181193
29307,5.327373443505539
29308,4.8579123668104645
29311,5.092110130527932
29320,5.644282673422012
29335,6.897770608304606
29336,2.366161906261813
29345,4.031242831109058
29353,3.559581528435639
29355,7.6222528860228635
29366,1.1644738644914416
29368,1.0640424647773554
29376,7.698363784909142
29384,1.0785154461030433
29390,5.119565955454243
29392,1.1059060723570577
29397,4.518555719052885
29414,8.884041769687329
29424,1.042165333177147
29425,3.5720162935497894
29439,7.071245850927136
29447,9.130295628952801
29452,3.2432022477741707
29460,1.1823612945673885
29461,4.102933347513305
29473,6.352331598052308
29474,4.328092442585538
29482,5.428777540200056
29483,3.9225523340099295
29484,3.878467756635198
29485,0.8748136313036841
29489,4.869492532059485
29491,5.333689420177177
29496,4.540721681539814
29499,1.2984346060546152
29504,1.7006834481611248
29506,3.991989773036976
29507,2.6576795543788694
29509,6.944198516811827
29511,3.818240820535261
29512,2.6691157640291223
29513,5.311800577450789
29516,3.7733871885970585
29519,5.081695073898855
29526,5.139670938885597
29527,7.668973862390713
29531,1.0988245975016708
29538,4.461144619319991
29539,4.144147784064589
29541,2.9035977257492602
29544,9.834594928408695
29546,6.611905315087211
29548,1.932416848175758
29550,4.055529634651203
29551,3.692872053750402
29554,6.3229412447826085
29559,4.993094193376606
29560,5.906704307599769
29561,2.6571609768522357
29564,5.243549834465682
29573,1.14182313034777
29574,2.6373869738015934
29583,6.093764449409797
29585,7.12315448499454
29586,6.8418328324196445
29588,3.0777267857788133
29592,3.5522137884067257
29595,5.441875828772329
29603,0.9197547844860976
29609,2.748969076153953
29610,3.955520610831719
29613,4.332827206497611
29646,1.654954311246117
29662,7.52989490666638
29668,5.446805258327838
29671,0.8925902486192179
29673,4.860906897233761
29676,1.1463717600648025
29692,3.112970788134664
29696,12.520441119811393
29698,3.9003204153573723
29700,4.793645360609532
29702,5.554183741189462
29706,2.1453182392968735
29707,5.88945724381775
29713,1.7235143521574972
29718,7.16861589284459
29720,0.9061225298663254
29724,2.7544219006212733
29731,4.096092360681043
29748,4.004629916229641
29751,3.803770622662117
29752,2.6966519378399463
29755,0.849818397219583
29756,8.251450740934004
29760,2.1137425243613785
29761,1.6652554105386606
29771,5.934631378292737
29781,2.8494928862905207
29782,1.819910486082997
29790,2.7718308291088265
29796,1.1136405089823138
29797,9.964835754291814
29799,1.1951679930636896
29804,1.1668230257363588
29806,1.3364030510717542
29808,4.569559449901998
29811,3.0772653642458483
29818,1.6338474466860968
29827,1.1506431973253357
29837,4.9851743131197015
29840,1.214467778191033
29853,5.907940541089063
29855,4.013995253553073
29858,5.275248118631023
29859,6.856584633505209
29862,1.9326996918542565
29866,10.052839091138413
29872,1.3448826143635642
29895,1.142496932703414
29898,5.753998841108627
29903,1.6754657370245996
29906,7.159481831716483
29910,4.593979301825229
29913,8.033776835659951
29918,4.76201229296645
29922,6.614952424590706
29924,4.4767835066698956
29967,5.730506395175465
29977,3.6674817449261674
29983,1.5145427013911354
29990,3.4817438858567415
29995,1.4235682460830348
29999,3.864151818250103
30000,2.8235450237206114
30003,7.098985947542087
30005,1.7204456642068724
30006,4.130627830213428
30007,5.914240015235434
30012,5.170472477608877
30013,3.7905065573839933
30018,1.249018486087997
30028,4.6363123871961065
30029,3.693066300091633
30034,4.618022341347119
30046,3.8790028998161628
30057,2.7481108617321715
30065,4.623675890404015
30068,3.0593530912362144
30074,7.083823594481869
30075,6.603847335714821
30076,9.08038591769077
30079,5.641854866195738
30089,2.94350217415606
30091,8.701437312270233
30098,3.849509051176313
30106,13.234858211102196
30119,0.9238951604431351
30126,2.9995148813149317
30128,5.544960223930508
30130,5.219281266606664
30132,3.5515700782190764
30136,7.751198069360461
30138,3.4565627014937332
30140,8.74698751760044
30141,5.475424348484475
30144,5.035301970982785
30148,1.0891775627446498
30149,3.7414829548755453
30153,6.1913394664763
30170,5.591797043570668
30172,4.105568053341682
30178,7.1969140044891695
30183,0.9224567166849931
30186,8.75280237939814
30195,8.545622482689032
30200,1.8242588859406021
30203,3.6981669451461348
30213,5.864270508632485
30216,1.711833659302331
30223,9.723726634291364
30226,4.024982993765317
30227,1.8396674792263656
30231,3.1776505412264067
30232,11.632529297016681
30240,1.1369958092216188
30242,2.108822204388488
30247,8.166636206146073
30248,8.110234027754842
30250,2.082608227335511
30259,0.9057307728699926
30260,1.9039788818419225
30261,7.647832953360004
30265,9.256326537372365
30268,5.113778128867995
30272,4.200319000204385
30274,8.640158238214411
30276,3.688799442560689
30286,4.012248450455302
30288,4.366516883804062
30292,2.117955885795404
30300,6.6512200764100164
30301,7.790012827929875
30308,1.8071925982947499
30314,4.904541218506511
30317,9.817071455332105
30323,3.515148010358014
30324,6.691554587335865
30337,1.4671727990952892
30355,7.106394675299949
30359,4.9558881440740725
30360,1.826731144419469
30373,8.324510093278572
30383,1.7126086846309727
30390,0.8912611132016459
30397,1.0873902895575376
30398,1.1277952636749817
30405,1.8850328908203053
30406,1.7687713209320335
30407,4.669730837579061
30409,6.7734220737945865
30411,1.4506236372815424
30412,2.879560929193341
30426,4.1177733643165775
30432,0.9226670382538624
30433,2.2835686394009755
30449,6.018331048575933
30453,1.9693408135500081
30456,0.876331719651446
30457,3.43476138973437
30461,4.651318384722866
30465,1.0728487861902498
30467,4.099534742966186
30470,4.844225161510604
30475,2.791667511221247
30476,2.8618033685918194
30487,2.1377676219550272
30501,4.963641807710687
30502,1.7130802368734188
30506,2.73763359312166
30508,0.8955352265147694
30509,5.71631589507696
30510,3.2327788156560207
30512,6.057069769491262
30513,3.59236489430895
30525,1.074950945051616
30526,3.973141602833456
30528,2.644867157736897
30540,4.688103596648279
30541,10.436954918669976
30545,1.7696898103328742
30546,2.1517765984438837
30552,2.6337831839262145
30558,3.897658019659331
30560,2.136986453562736
30565,1.6563901470760163
30566,9.30921229321012
30590,1.041891659945172
30594,1.627451473712863
30598,2.660424883953933
30612,5.758542230864518
30625,8.220196625372365
30636,4.665023665203686
30646,4.098936193485897
30650,4.311374569869039
30664,2.986420854807447
30675,4.481969383327844
30681,3.74166184777499
30687,3.922242068398476
30688,1.1609347232871174
30693,2.5629913120848045
30703,1.6321935933658374
30705,2.7270655874542435
30708,3.4486929166874294
30713,1.5790201684806728
30715,3.869011024077557
30734,1.8466500082203243
30738,4.863372843722085
30740,3.9245262402910845
30748,3.6525238240128406
30750,6.930805999280124
30756,4.196285713507519
30763,7.623767761199012
30771,2.151513762060872
30774,2.988718733563175
30781,3.6475887089333296
30790,1.657784322591263
30791,4.670967595421576
30799,3.068881372447776
30802,5.131798097621195
30813,1.7421355991223106
30820,5.166328117458311
30824,5.084454989335502
30833,0.9215954946401679
30837,9.59923785767624
30840,1.717081291333653
30845,1.6683673062571351
30846,0.9468506546981361
30849,8.098912337147423
30852,6.597996018593407
30862,6.404455467410421
30864,7.612762077121799
30875,1.6307395478057014
30879,4.071853222665992
30882,6.535964989892486
30886,4.706876982144607
30888,6.749316609366419
30891,4.942570493611327
30894,7.318388128033764
30899,2.0955145808009803
30905,0.9118467919718363
30906,5.732331965103248
30913,3.7964672218937485
30917,1.8690167310773291
30918,4.898115225512264
30920,2.7321758296698793
30923,7.655872261966817
30924,0.8986620754990047
30932,1.9428265450017954
30940,4.699233529538671
30944,1.6651594610144511
30947,7.187549277485704
30956,4.118972284723336
30972,3.5866177686529657
30976,9.814736468875967
30977,3.142924920886693
30979,4.6219916270179375
30987,2.0876366623223084
30991,5.980442083625549
30997,2.6669391850910236
31002,3.521358162675025
31010,1.789293621269557
31011,5.03109745588073
31012,1.5703194842418386
31013,9.5546984572022
31019,8.003611264357469
31021,5.632944675803828
31022,2.76707781357577
31023,1.1236379080586096
31036,2.0821748505721316
31047,2.716128802731682
31053,1.1026717990138364
31054,8.640451631652542
31058,2.7419390042875964
31067,0.8805227882517621
31082,7.942977043979526
31088,3.703573366256762
31091,3.8768477811406545
31092,8.891680859880415
31095,2.1155030047415497
31097,1.4689856654467883
31111,0.909750033378983
31116,1.6872314429503597
31119,2.9347724167287037
31140,0.8900009854728137
31141,4.896420747234854
31145,1.1220926278424934
31146,4.3051761278506495
31149,6.585635324836215
31156,4.509851321776675
31159,0.8121497726363835
31164,2.043675982039147
31166,6.701733070696617
31175,5.897270143903597
31180,1.1216454005307606
31182,4.110249068740349
31195,2.702193447104086
31198,5.049770019238866
31203,6.644384698949619
31205,5.797565451387619
31209,2.60438409844714
31212,13.69191311626739
31215,7.847007810634862
31216,2.9296597503830473
31218,8.687761889575844
31223,4.90169696409171
31232,9.028245549474132
31235,5.098884684537949
31241,0.8926958049447205
31246,3.56201676178067
31251,1.6350476924015136
31257,1.0692735285252488
31258,1.031099527353878
31265,1.1775743462426003
31272,4.236201804174709
31276,0.9189615800066182
31280,4.554147298429142
31281,1.6615340324677303
31283,3.7037754150272946
31284,3.8858752839184754
31291,3.408836429304386
31297,0.9370132986081279
31301,1.1762147890822212
31305,0.89154190869312
31313,1.1665033610209652
31317,1.0459531644050273
31321,1.330358068791766
31333,1.2891546477757734
31343,3.9277459514046575
31347,2.7720929189171386
31349,1.7242251988719905
31355,6.661899961620068
31357,1.0567329517380637
31358,1.615349778055228
31359,1.7164262472555016
31372,6.049570067773329
31378,1.8414067777684244
31392,3.6154066107738765
31397,1.1487785743680679
31398,4.773872384174116
31402,7.401370225011642
31408,4.037271954260363
31410,2.086777525050265
31417,5.350378852960857
31418,4.184543731456184
31420,1.0810000610187775
31421,1.1659182542745863
31427,2.185565135156997
31429,5.898003384125446
31443,1.704363883391006
31454,2.1033148692216352
31458,1.0953569347632524
31465,4.67703269898478
31469,3.1126637077091126
31471,3.1923365219865425
31483,0.8957574065999259
31492,7.019923130539869
31494,4.005096639014807
31495,4.060034077438243
31498,4.766054111065332
31499,3.5598471182799263
31508,9.760264084889837
31513,1.0634937944343839
31517,5.142621938557947
31518,1.9036344886494905
31527,5.700570190841464
31534,6.344832305974909
31535,2.643933579298663
31536,1.0842073972051818
31537,4.593973447926469
31550,1.0851343322292637
31555,2.5420072815381936
31566,3.870145788372347
31569,1.7316010782666207
31574,5.908213400027829
31586,0.9584323279232412
31595,1.7727633968125338
31600,2.95082654101768
31616,5.265055517316788
31619,2.791280623050729
31621,1.0896675983285156
31623,5.841828885717584
31648,1.0907410559570136
31649,4.825597082607059
31653,0.9186565685816905
31658,3.1144681834324013
31669,7.919334837793203
31673,4.030894615434057
31678,1.7230931582704057
31683,3.5314938784561436
31685,0.901523498422383
31693,1.1076724771568163
31695,0.9204648816358656
31703,3.1587516720830098
31705,6.274597651288793
31707,2.892451430488997
31709,2.7093958683898265
31718,3.736803946463819
31722,2.674207308311764
31723,9.572292375149773
31733,3.864572944362325
31735,5.6458114735546285
31743,4.085520875668308
31744,3.9018505025258245
31745,7.804038836293007
31746,4.704944554552108
31752,1.1411843887281203
31757,8.775260197014696
31761,6.130558281295422
31762,7.712199810993747
31766,4.634963488687785
31773,5.751592411134296
31781,5.796773427253906
31790,3.0711033708260325
31791,7.947797012045176
31793,5.686834487401173
31797,7.322106192600362
31798,3.593902500666884
31800,1.1233535042163854
31810,2.642484040219394
31815,7.602491013203947
31818,1.6970569854384392
31821,4.379587994837565
31829,3.0474900322356846
31851,4.90692134190319
31852,0.8602224194314934
31856,12.222283041217812
31857,9.054899766249507
31861,2.7258403063923806
31865,3.9330790355460037
31889,8.881623138608155
31895,4.895946903525826
31896,6.445241507015057
31912,4.835262851582996
31914,0.8643082186646387
31917,2.5144851803321084
31918,2.729896564633118
31922,4.295966756007338
31928,4.7286371413898625
31934,3.117669861155665
31951,1.1188988615215427
31955,4.791055096737604
31956,1.7358452011461405
31963,2.5654271305068983
31965,8.151034401814329
31980,4.699416443431377
31983,5.833608303804194
31985,6.486871357583738
31987,5.12844230127644
31993,4.4751331408057755
31997,3.461636574627218
31999,3.655442804285584
32001,6.685539056280687
32004,5.709943848543298
32006,3.146287518103191
32007,3.8417317183317126
32010,2.8822753057049373
32015,4.601714534053146
32019,7.581317577144574
32025,4.622997284374991
32030,8.80765531007981
32031,3.7504048757106023
32033,5.088943104593213
32038,3.872915489704319
32041,1.6620298477861848
32065,3.498592318635717
32078,1.5542448537116926
32081,4.10604431072234
32084,2.134741775725885
32088,1.0470424754722036
32110,4.460498742647803
32113,0.9020926898671653
32118,1.0827105845487233
32121,2.5276635627246433
32133,2.8382530086822655
32134,3.1623626192364402
32139,4.63671154718018
32142,5.7087891804590285
32144,3.241406068871132
32151,4.837251273725674
32152,1.1489548120695323
32155,5.710875211708345
32156,5.183931713362534
32161,0.9302209284474174
32165,6.410569951021097
32173,3.818094441218345
32177,7.085215530685845
32184,0.8465885749844477
32186,2.588635167647525
32195,2.9698485332176885
32196,8.196438149979056
32207,1.6771432330105132
32212,3.7648953095594018
32219,1.1128627247499097
32221,3.7980169608705694
32230,6.071007878388192
32231,3.8660348461758347
32232,3.0794253512486884
32239,3.175265530788846
32241,6.164440564314342
32245,3.7809976252197166
32254,0.897966643259791
32257,10.359365538049676
32266,6.861114039437833
32271,3.1087192709901244
32272,1.0827620002875702
32277,2.102885078462684
32280,1.7405674334403072
32282,8.628277812080059
32287,1.8672796334329473
32293,3.123411156006913
32294,5.35778721523866
32299,4.995570796797323
32301,1.156810304046974
32308,3.6469660675511673
32309,6.580656741719144
32313,1.169463996920185
32317,7.744289731800539
32325,2.6399130014654637
32331,7.194807406862395
32345,1.100051238430297
32347,1.0447447267758414
32349,1.6875367335388831
32352,1.091892455135898
32355,0.8800526138633136
32360,1.1392688905887178
32365,2.8072199423026367
32376,5.698241493601104
32385,5.64727458098355
32386,1.62640054481139
32393,6.608960955814817
32401,1.9504336337809889
32402,2.926185696000914
32406,6.670126590011565
32408,1.071486854710355
32413,1.5808630092640445
32416,1.7414351486702242
32424,1.0775542138569931
32427,3.8302479486743484
32428,1.1526074813829292
32443,2.5418791914759544
32445,2.7213014232121884
32446,2.9944072572895677
32449,1.6899971753820693
32452,0.8933028317710558
32455,1.7741827494964073
32463,7.885112652655163
32464,1.6777216155500132
32473,4.636551605333418
32476,0.8809832249697642
32479,1.107823346990894
32480,1.1679737378900543
32482,7.676206668695405
32488,10.699049574273946
32500,4.93826995936599
32507,2.665487241803679
32510,6.916703677616624
32513,1.051322665157914
32516,2.931179182975571
32519,4.602401535089288
32524,5.303545787362632
32527,7.0200194371430396
32539,2.8668629787518847
32544,0.878360849132318
32550,4.252486261071246
32551,7.170342841000133
32554,1.1143855524109676
32556,3.857021395298256
32557,3.0901546318176933
32561,1.798241908547607
32564,3.939974911155287
32576,8.768111528247708
32579,2.9797416586772467
32580,6.686396194821203
32582,5.514181599181921
32590,3.3209118770202974
32591,5.3584446507968355
32595,6.188968584825478
32597,8.799812529206552
32605,2.6093221847132404
32607,1.1172192515929584
32621,0.8957225519232819
32627,2.58005625614776
32635,6.031117032498597
32636,1.6601446687887051
32637,5.266608576834887
32638,6.995492111570959
32645,1.0660583246066593
32658,7.734082541451288
32660,2.5021196220472777
32662,3.512975838474155
32665,1.7299116077102608
32668,0.9337744361960456
32674,4.7079647730885625
32680,5.70508453280745
32681,7.757467372274792
32689,0.8713229871642687
32690,2.6912096096336278
32692,3.1861441282158034
32696,3.7329226434321017
32700,5.0755683348234735
32702,4.387178995788243
32705,2.6057270621465745
32707,3.6599605436471525
32712,2.9015572688352256
32715,2.6435541386531147
32718,4.230533483553077
32723,1.126311801497721
32726,7.872341290375801
32728,1.0280997079055223
32734,3.87111211062574
32735,6.612432994662155
32739,5.119960257194243
32742,3.7353144074361304
32748,4.004087979901871
32755,3.8634708772104824
32757,1.662036040050555
32768,5.602049355481085
32775,1.719180423124576
32776,4.0460926736776
32780,1.7535791117507826
32789,2.4892629345980657
32798,1.1278866239424823
32799,1.1779812901606448
32814,1.1017473318425357
32820,4.728916340724419
32824,8.716830458059928
32825,4.007628682939963
32827,8.588650196449734
32828,7.627372326027814
32836,7.129665748318713
32838,3.275835427404607
32843,5.077470735489845
32848,1.0216951614836765
32851,7.898103464390407
32852,2.8464772981140762
32853,4.768625102292327
32856,7.093162953001291
32868,5.6627448461294145
32880,1.1310302486600259
32895,3.7834055665077977
32896,2.829480824320131
32901,4.8797202182308475
32902,2.839680663141304
32917,1.0977767034528765
32926,4.036358149232834
32931,8.616719340980989
32933,4.590850374722596
32935,7.131142822674727
32948,1.749192066108042
32954,6.739321044026763
32959,3.1639760044842413
32960,7.981748492207169
32977,6.020388007679287
32980,2.119794662734834
32985,8.533628358061438
32986,4.727035759330668
32995,2.095758948309218
33004,0.9914900502396469
33006,1.0664832526227186
33008,2.143281773963395
33018,6.66724001554709
33028,1.0905989861717367
33030,2.4034662517823504
33032,4.436493260445054
33035,1.1164383083768294
33038,1.0985651392470177
33040,5.710849985650206
33046,1.147466299121441
33051,5.559979973060379
33055,7.588495096033638
33063,1.1297209193805156
33068,0.8150031574427543
33069,2.2914786103313616
33087,0.9130475643842209
33091,1.1134346418673395
33093,1.689363947884
33096,4.7114052553858174
33101,1.0695657382044836
33103,6.793768558382508
33106,2.2041841636119854
33107,1.701480720421753
33111,6.834251109575595
33120,7.347067618459163
33125,1.8518804296894524
33127,4.902379182439002
33129,2.125454206633427
33132,3.088662182319866
33136,2.839919881828089
33141,1.0966491185335667
33154,2.998946185899971
33158,5.69233877829932
33162,1.074656075684473
33167,3.8298061250510482
33172,2.279598565444539
33178,6.602909380992511
33187,1.8688652303662447
33189,8.769498287001
33192,3.7730666469299177
33196,5.653982349601197
33200,1.0849548802354647
33206,4.894286261863847
33207,2.7780883744264653
33221,4.964526902416548
33224,5.820580633726778
33225,4.680122428303271
33227,6.095081919379826
33228,1.1130366153297748
33229,3.3588012046637354
33241,0.8634841824871762
33252,1.9428567529751959
33257,8.550650875332131
33265,3.8460117257920587
33271,0.9231945937600194
33273,1.6481173412292107
33274,2.8121109765093175
33284,4.539342032732812
33287,1.1050487730168528
33289,1.0916407144983062
33292,4.586628183193607
33299,7.123475186469139
33301,3.5141079639155235
33315,1.1277035831937097
33320,3.3333785481166585
33324,7.1110261491388105
33325,1.7363099290833075
33326,2.57705795198149
33330,4.943394462536119
33338,1.056849839332187
33343,8.790142850652014
33351,2.804803749548158
33356,5.395646265794069
33358,3.6528633780342687
33359,4.28466332533183
33369,6.011993388021857
33380,1.79069240511532
33391,7.852097085392419
33398,3.672525665505706
33399,1.6990700162429273
33404,1.6621697794733623
33405,1.0876161970896256
33411,5.684486766276693
33415,5.666170436743398
33437,8.903106645151377
33444,2.6929872990053196
33445,2.7704324785692274
33452,6.092523101785117
33453,4.866266171475654
33456,6.6315287248142685
33464,0.9112486824944352
33478,5.327676135108501
33487,4.463095648619018
33491,0.9257724229869155
33494,3.0787005876908555
33498,1.9323259699396003
33501,0.9250341804775242
33503,3.320736958231376
33507,4.7256175250991665
33511,1.7172792593652497
33514,6.777723072572092
33516,1.6863649148155693
33517,2.975856702652398
33522,9.98112388233563
33529,3.82429981391762
33532,9.420060642325726
33543,6.332646560164381
33546,1.7014478877769652
33558,5.92553641437249
33575,4.769837252246839
33580,7.1383054450729535
33586,0.9004733260196462
33591,1.8411563030686775
33597,0.9461174515630844
33601,5.9693220535660245
33603,4.4509499179475815
33614,4.892442362059085
33622,3.011428419702846
33629,1.6178711277782587
33632,1.049785645629477
33649,4.905833169715739
33661,1.102235617030264
33664,5.066957497521882
33665,1.7801551636191784
33672,1.6680813935650485
33674,3.624998932939369
33677,2.7806046688134076
33682,2.897675261817523
33690,5.081455654921488
33693,6.062475426717484
33698,4.853216289336448
33704,5.76211993151256
33706,4.854076682961967
33708,2.137499938387016
33712,3.662335128114396
33716,1.1731547668391382
33729,5.1881989872655625
33730,5.684620260362265
33741,6.7810202492286376
33743,2.0923906028288766
33745,5.1810872394941585
33759,0.932883326932656
33760,4.3353076115135005
33782,4.626859890933547
33785,3.104032418350513
33795,0.9011856668104836
33796,3.6960108369181914
33803,1.1480619446867948
33809,3.0638760667612708
33814,6.72029647585374
33832,1.930322374791524
33833,1.0998438302460722
33835,1.154409534083623
33838,4.531569644192206
33854,7.571272202960066
33856,9.335930061203296
33860,3.999099772252964
33862,5.7985800383309645
33866,1.0958466801358204
33875,4.58341252481988
33882,9.696002911867541
33884,10.17895182544401
33886,1.890853205199169
33887,3.742104184396995
33890,3.6627998396692747
33895,1.1011599587151024
33896,6.039501216578369
33897,1.6675625198982167
33904,8.357897055443075
33906,5.161438141982414
33908,4.073433465196817
33913,2.122685793261523
33919,1.7818260243032404
33920,4.007609010912241
33927,2.6003286439629645
33934,1.945261464564243
33935,1.241133256081969
33954,2.1131040108588803
33958,4.0238275668649015
33968,4.095666112973938
33974,4.467287989727565
33976,3.749386110312034
33979,1.824831215279501
33980,4.05439208537828
33991,6.249563057376442
33993,1.6554936810442697
33995,0.9163207408887932
33998,2.7285368425225656
34006,4.1022929873070435
34010,2.0808881617062394
34011,4.056033259230042
34021,4.078478831819026
34024,2.1351845696949523
34027,5.307095168829992
34030,2.6088852010667183
34048,2.705078614806946
34050,5.1819897549179235
34052,8.810373856988654
34056,5.666573382643301
34057,1.7447549663979554
34059,6.6013910256204245
34063,3.763402531658308
34064,3.733849243336233
34067,10.073910542340393
34068,5.4283370857314255
34070,5.140989628690194
34074,3.0434338745592067
34075,10.146979277403094
34079,6.7529226088154255
34081,5.991861450665945
34091,3.0002388915876788
34092,0.8798400108124071
34098,2.8964275783270335
34100,2.998589277339496
34110,4.825053992055012
34114,2.6682602981377412
34115,3.6675210015963935
34121,5.04394069481489
34125,3.277596122671189
34127,3.8633212873631804
34129,0.8937072603601472
34133,5.72127189210663
34137,5.881336276561289
34138,7.051477080701956
34143,5.51706128749613
34153,2.0807493455462085
34157,3.1648803606177944
34164,4.809969702595486
34165,1.157809056246215
34171,4.497751937001061
34175,2.6871907610990675
34176,2.2235068676565177
34188,8.884665671978656
34195,1.7270513812970907
34202,2.631451569530272
34232,2.950830379427228
34235,3.8649822527275735
34236,0.8772375093770228
34237,1.5889362461839802
34239,5.046068802093928
34242,4.8201097805037225
34248,1.7318437603357077
34250,1.2009998600423675
34252,4.695879010736114
34254,1.0936509841218411
34256,3.9167330060069605
34263,1.1494666152871855
34266,4.066502733250015
34268,2.1731256769117095
34269,3.7939620853122373
34270,4.637716568478328
34276,2.7556534838156055
34291,2.1195529488125446
34295,7.713952592783162
34297,3.8031928567486895
34302,2.7860315035710217
34305,6.849071479312215
34312,2.9699004313432953
34313,0.8719330290512382
34317,4.740211147602988
34325,4.827939888562726
34328,4.639777588116454
34334,3.930307703120663
34340,0.8555902505267614
34343,4.851219415889061
34350,6.395275005196229
34351,1.979377421491137
34354,6.607711227448881
34360,6.908397350170134
34365,1.0723079107999713
34372,5.830970400388057
34373,4.032007735757668
34378,1.134381645081496
34385,6.0637085744377455
34400,3.8997331198212515
34403,2.6491232781057388
34408,3.8994549217082963
34411,5.574175798911471
34415,3.1204608848863398
34421,3.751392700315613
34422,2.2800305987960394
34423,7.715626027480774
34427,1.7920847620926281
34432,1.1123241594912248
34435,3.794627734704556
34443,2.725947433698048
34453,1.0765464013742658
34457,7.892392662956288
34460,6.270988045095776
34462,7.640229602827539
34470,2.6273600939129538
34473,4.6628202113239166
34478,6.494915472724902
34480,6.122330718459648
34481,2.6997780208663977
34500,3.5674306412798336
34506,4.020739805992249
34507,1.1311375278567328
34513,2.1229020650723993
34517,3.8254149518706857
34519,7.759659428470581
34522,1.9454367696723098
34534,1.6560808351868364
34535,7.07397940894019
34536,2.804231221687756
34541,2.8607933721930667
34543,1.0709260020183744
34544,6.7523349640807515
34551,1.065895467870937
34553,4.769691123767348
34555,5.940692859321386
34556,4.068983727946081
34557,2.966208021798323
34560,3.7475848995498704
34566,3.7439453521721426
34567,3.913541049327438
34570,3.0415492093797853
34573,6.193063273190804
34582,1.6569929138365054
34583,4.045929520208658
34584,0.9249776664710687
34587,0.9035352058018882
34591,1.112172748259785
34594,2.2231046640752794
34595,1.204782238563614
34611,8.06655926434826
34627,2.7416094667277786
34628,4.953035593499304
34630,4.162711372988055
34632,5.819347208392561
34634,1.713303594383187
34646,6.263826446890489
34658,8.11228024057906
34660,3.3470953656081943
34665,5.708972283874735
34667,2.7425005565228395
34669,4.933194139432448
34673,5.011929935801385
34678,6.049874909345213
34679,1.9150483755209042
34688,1.912269672683411
34693,1.1004955750816428
34703,7.228761543511568
34707,1.05954058541526
34711,2.511334132152372
34718,6.914892127142778
34720,3.566089184785807
34723,3.5926800809970056
34725,4.017504486815398
34734,3.5877290497525385
34738,1.104048858964549
34748,5.62238662160158
34753,7.092575256992319
34758,8.81322297431476
34761,0.9007322938764144
34764,8.74912063565615
34765,4.7996855841980395
34767,3.5371959441777276
34781,5.717412001324277
34792,1.7132337456079498
34796,3.0554543982275337
34798,2.792884025870174
34804,4.714997592646372
34806,3.6249341648254463
34809,3.949250522860064
34822,6.925370189476146
34825,2.8863745614293537
34828,2.7705834898913415
34834,3.8091940331816674
34837,3.1586143763948242
34841,7.826562883568417
34844,6.732427157692616
34845,3.9247943444765623
34856,3.7381823916611054
34857,5.111045730304177
34859,3.099369526487224
34861,2.8934280198376223
34862,1.9327664387513903
34873,5.0872085947690175
34874,1.7479358928997795
34877,0.9043565240264004
34880,1.7180329191801125
34887,6.819283399495692
34890,2.7915261842959214
34897,2.786539828739531
34899,4.060694533439526
34912,5.723091928291481
34917,2.634051430999415
34919,1.9198539499516194
34922,4.04076200356042
34923,2.677461355831909
34929,1.7366472780618687
34930,0.921369111879105
34936,4.074746588126307
34938,2.976578231692833
34941,6.600944258055627
34942,5.64979750003818
34961,6.69766753391572
34962,7.638415592988677
34972,3.849601936538937
34981,0.8957082993807854
34982,4.034146594849912
34985,8.148478809264493
34993,2.79432731854524
34999,5.772487583706594
35015,1.7183023215450914
35022,3.7773904784261
35024,8.73390994779351
35026,1.737687999111316
35028,8.478716496697395
35033,0.8890527804981905
35034,1.9770997700124644
35036,5.89739133292456
35037,4.119837745997739
35040,3.5895770768390824
35044,3.1917117062504374
35052,2.632258285023698
35054,5.6635645619254085
35061,1.2135970940586014
35065,4.17593911199157
35072,1.1425123030912987
35075,5.06056472568071
35076,6.164928376987607
35088,6.470606129247546
35091,4.758485073069415
35092,11.691033756610404
35093,8.628666126054764
35095,4.526009314227161
35096,7.734630120867934
35099,1.1374147939525439
35105,2.6253951969409157
35110,4.001918005761894
35113,3.865424764249486
35114,4.607381839298888
35124,7.656502154205038
35128,9.986278817157743
35133,3.74444242440894
35137,1.717633692782735
35140,1.782623781078426
35142,3.8628776490570194
35146,4.663203075707347
35148,2.822041533078192
35158,1.8184497201294714
35159,4.306021644194237
35171,2.8849699399649977
35173,4.033282918966808
35175,3.379265423284566
35176,7.790839833178365
35180,1.1202726440449293
35182,5.011668890517884
35189,3.580193907924976
35192,4.014174763378804
35197,3.164789345299905
35202,3.875714375333574
35206,8.355636098307887
35207,2.628640537407457
35213,4.797131673286763
35220,3.482973224106339
35222,5.111107131096954
35223,0.9158945994066299
35224,3.280989933030706
35229,1.053625570122814
35232,4.196483344432932
35236,4.163048466580101
35238,7.73082026184
35239,2.72724594464271
35251,6.38028246644991
35252,3.706849321318521
35269,2.759809570921838
35273,4.938555338487852
35274,4.091333634173127
35281,6.69217439007774
35283,2.2205780282867975
35294,3.080706868197879
35304,4.709359021854273
35306,3.774064598279945
35315,1.09368022118182
35321,2.692028826268858
35322,4.261333004312464
35324,2.136167797098034
35329,2.706964517872824
35330,9.568765433623312
35335,3.141197894361732
35336,7.470092270916327
35341,4.9535207210269565
35344,4.934758782986729
35354,7.126323997287513
35360,2.5037132697616875
35367,2.2222674800107383
35368,6.875146864484449
35378,1.2134339899979696
35385,3.750792018546498
35391,1.1641719126117542
35394,2.195630253665227
35399,4.5891252626678884
35402,6.130932787970561
35405,8.433910436155141
35407,1.7283317407438479
35414,1.6580053855115047
35415,3.8843326409376027
35434,5.375136601171423
35438,5.6557727463452
35442,2.6255019336545784
35445,4.469879018949625
35447,5.497992893625265
35449,1.9067257078753057
35457,7.796254477773579
35462,1.0500703025343183
35464,3.80540012627316
35465,4.263007533798992
35470,4.0258850512994595
35485,5.712538142672347
35491,9.819042919511023
35501,6.478788993216462
35502,2.7574800137198108
35506,6.797888775847092
35518,3.698579693309615
35523,3.658550420480446
35524,6.41590983916967
35529,3.8531106424427626
35541,3.192363879010303
35542,4.3713335332424785
35543,0.9632418187504026
35548,4.711468077127688
35554,0.9173356796402761
35560,4.126436391632381
35561,4.7467797491514165
35567,1.8064363938117496
35571,3.6404884188145497
35581,1.1110106971444336
35589,3.721938454848764
35596,1.9270855654185985
35606,1.1837344611830019
35610,1.176645233955138
35613,5.616798084302735
35616,5.229720917083593
35618,5.94814119732963
35619,1.192520546634435
35630,7.198775463025609
35631,1.9253378653737352
35642,0.9181495396073704
35647,2.8546104427084904
35649,1.0780758564209396
35659,4.090920829524724
35661,3.0130755549256896
35667,3.74797220917221
35680,10.919107040121588
35692,3.151295142010966
35693,4.378012869455415
35696,1.712784021209068
35700,4.616626916816765
35702,2.604978420729247
35706,3.898489666975262
35710,2.6036216577583318
35725,0.9193636600653945
35731,2.7132044055630136
35732,6.408663652133685
35743,5.9288637780027695
35744,0.8964344155575117
35748,1.9343276188760794
35763,3.90043603892077
35766,1.177715606313523
35769,4.0712306507147
35772,2.822496965110233
35775,2.8283899556094365
35778,4.564220374865715
35800,2.1226400611181706
35801,6.594156455568077
35804,13.350011233027333
35807,5.019609389446969
35812,1.025111990920891
35822,7.695901295269325
35823,7.8199056076879065
35831,5.847783875502993
35832,0.9154053721850248
35833,5.976496497669376
35834,2.605470962005956
35836,5.603275180858747
35839,2.5742016937553185
35846,2.1335213187893656
35848,1.0498845092536797
35855,2.879171461034174
35857,7.861380401972872
35858,2.576307712601876
35868,7.709410267745665
35875,3.7187226979669594
35879,2.116226986629605
35890,1.1903222944160445
35891,5.234724289230502
35895,3.6937039831872895
35909,4.727134197127212
35915,2.7165717211395335
35919,5.493267110736307
35923,7.436591769376875
35924,2.5357843007656107
35926,7.145452946855784
35928,3.220398093137298
35929,6.864698956798854
35934,1.7974010350512866
35942,4.857495367834682
35947,7.702789825283965
35948,3.4750736725769724
35968,3.6870481362704157
35971,4.6937382773220495
35973,4.982951773599354
35979,5.865072532155383
35981,7.1297201055241075
35991,1.723475684793339
35993,0.9159609470744954
36001,3.09473975487517
36004,8.656943294358403
36008,3.235287187681609
36011,3.1734541811415453
36018,4.114909862075922
36031,7.9881365584091295
36033,8.667916045188436
36037,11.124272783761814
36043,1.1054684947350983
36045,5.734650500878615
36061,8.829995589263161
36066,12.169968592056737
36068,7.652762083382617
36076,0.8835694841111676
36081,3.7243958092217624
36087,1.6620279970407723
36089,1.837833716537626
36093,1.041606343922881
36103,1.7568560719199775
36112,5.935380111517618
36115,1.0574219095945603
36116,0.8651001589923921
36117,2.110640557071477
36122,0.8863799734250102
36127,6.058833450652751
36131,2.845786096717708
36135,1.8488973332063572
36137,7.638465826843952
36143,0.8515247029158006
36173,1.7161599908642908
36184,2.634590430255672
36186,2.890539476445961
36188,3.0923433514045824
36190,2.724650492525295
36196,1.6868399151918108
36201,7.0992512571862285
36202,4.406086496514387
36209,6.703222219706218
36230,4.101945126191714
36244,2.2926074955093316
36246,4.3477253377621095
36247,5.559336054700463
36248,3.252263638261348
36259,2.648839660339616
36260,5.006288216304831
36265,4.405209429253873
36266,1.6950119255613658
36272,6.111872038852307
36277,4.656644435991131
36282,6.29270805161852
36293,1.1230807363035828
36295,3.6526239604802053
36303,6.245535492156062
36307,7.6726883751144666
36310,7.33415356994659
36314,3.735098579352726
36316,1.077966048767545
36317,3.609830226148166
36322,7.354255496144701
36332,8.561211122375715
36333,4.215459131031219
36340,3.76174840580038
36342,2.6995086519812688
36344,3.907158760314965
36355,1.6634764201229681
36356,2.774924503655816
36357,5.592844628305852
36364,7.708234061849037
36366,1.7237739884839791
36371,11.553936572562709
36374,4.594757198004339
36375,2.7422148630567698
36376,4.930155126281715
36379,2.981488790317216
36381,4.769089196570679
36386,5.537974214690687
36401,2.7906254435351547
36405,1.6866756968516516
36411,0.9216108580827842
36413,1.6346435441001295
36417,7.027760754103548
36422,3.1350545353690036
36425,1.0780571366185328
36429,3.903389574882852
36432,3.659715920900055
36439,5.61149867577868
36450,4.054542468618645
36462,4.675418325333179
36464,1.6618712661293773
36468,3.0221783677454117
36469,0.9106765866471203
36476,3.204012553496485
36481,3.8998736840412858
36482,1.7776416967017616
36491,4.1094370788064385
36496,2.1427303312302186
36499,1.129771473619293
36504,6.056317456696887
36505,2.6394799722551
36511,3.975185970607675
36524,2.677374730675772
36528,7.583502207663274
36532,3.5830447598764708
36542,4.607947941047185
36548,1.1082147745837938
36549,2.6634632038521486
36554,6.90143314451024
36568,1.7964202283152741
36569,2.6923376803136767
36576,3.0372166166689265
36579,2.903231581990015
36580,1.0897481258381654
36581,4.346521639470316
36582,7.106722627837804
36590,1.7225546720311895
36593,3.0604584524829463
36595,4.8998964877117155
36598,7.0995493334005335
36606,4.249868014719291
36608,2.803194634528171
36609,1.700546305316788
36610,3.8752479001247595
36613,2.0391004989239594
36615,4.0143381236863265
36625,2.7331266262849017
36626,1.104688894878341
36627,4.826291772497699
36629,2.625880960462741
36637,9.24497958775466
36647,1.0954750668187017
36651,1.0826156498410868
36659,5.185394368444921
36662,1.6763134821463304
36671,3.021367874922049
36672,1.669519609965897
36687,5.72204359337962
36690,3.6769094899186334
36694,8.22458147478753
36701,3.0034118801399217
36702,2.820670336040279
36732,3.898888922539712
36735,4.4613524624463325
36747,2.6935933667301475
36748,8.354193924669564
36759,3.982050142201768
36761,2.6630873338769923
36763,6.046056522430758
36773,1.7149020434307287
36775,1.7017643424604234
36781,2.915749350066961
36784,0.8363149444127655
36787,1.2426389949583982
36790,1.1601694508540792
36796,6.930911706410818
36797,3.793944522017954
36805,4.0325192148989695
36814,5.291136973655306
36815,3.834608866840089
36822,7.684587834343271
36825,6.299212087325126
36828,5.787822589285336
36834,1.133810000528749
36838,4.09276103149792
36853,3.8097553181751094
36854,5.433448626800076
36855,0.9108819636378716
36858,1.8200904054259528
36866,1.7077426809746443
36868,3.074680642341412
36871,1.8035511895956882
36879,5.838995701531985
36880,1.1948391961226839
36906,1.2720456453746714
36911,1.0962447535624107
36914,1.0741025311613344
36916,1.7560741452015507
36918,8.726536369189887
36924,0.9070307945503235
36925,2.9980272346402814
36929,1.7026768854794674
36935,1.6415950264450028
36936,4.08649144173973
36937,3.59751816920336
36940,1.706053603284865
36943,4.4444863806994865
36948,1.1060456072500777
36954,2.6289438745101146
36955,2.85223812551705
36966,4.727051496025727
36973,9.542347894223727
36974,5.602278788736975
36978,3.8146853176474766
36982,1.1159096900120162
36983,4.078036139425502
36984,1.7382206125551676
36985,4.141092702099776
36987,2.5970726551972474
36988,4.480232233295991
36994,1.6356073744076038
36997,3.7742536055834828
37004,3.9844710099792193
37006,0.8978475651860531
37008,3.5791599620169467
37011,1.7960905485570349
37016,3.529673283275235
37024,1.9365086268458422
37026,2.1166828901748147
37036,2.710249318236876
37044,1.1366118850426115
37045,3.439936713063663
37046,4.22001997294759
37049,6.124034342442361
37051,4.6975825345652655
37062,6.646053837367523
37065,2.785488473655376
37069,3.696530492614436
37071,4.5148363021233715
37073,6.126027190643754
37079,2.7363358954305514
37088,1.0857184088558065
37098,3.6555436500955425
37102,5.675488671616335
37107,4.632807565974444
37110,5.096223758095455
37113,1.937648850047169
37114,4.085302108941333
37116,9.685221106290399
37123,0.895632379578494
37125,5.170429450528516
37134,1.108964526877747
37137,4.6407176913326555
37141,1.077109732941206
37145,6.678453146094556
37147,1.101266733033892
37148,6.683522266655367
37158,4.762060942754487
37174,5.420329374127423
37175,3.8633649814245423
37176,5.650147806549453
37177,1.148904809282533
37181,0.8726329475057693
37185,1.0589377458381155
37187,4.0382516804731186
37196,1.7150191360029878
37204,6.862473699672685
37208,2.7224554925407762
37212,2.175731035960068
37215,5.405362358297061
37220,3.6299139252331
37225,6.754979557024756
37228,3.840188841292928
37231,2.5355212115858508
37235,2.1058115563213216
37237,3.597025695955229
37242,4.137891130857188
37246,1.0304188845341615
37251,2.6254911611200775
37259,3.3892361223536778
37263,9.529070682937398
37266,1.914702318190081
37272,2.083598280261152
37274,1.687249020721779
37275,6.934546110711892
37282,4.738106093766834
37285,4.262978772233643
37289,7.144624169943759
37293,0.9226218045504697
37295,1.7111887542506952
37299,6.0283377218891285
37309,6.740992725292024
37327,2.124761503569953
37344,6.903249288449548
37347,5.291000491878006
37352,1.8956355137806402
37353,3.9064180155242507
37360,9.722650799818904
37380,4.006270222521381
37382,7.7236133021677915
37388,1.7041451653551243
37392,4.615139250586186
37393,2.465282947708583
37402,1.1327452165924479
37404,3.5813037162591677
37410,4.0066061726313595
37414,3.7142737016783767
37419,2.651167202954178
37420,1.918479740745339
37424,5.924953752243754
37438,3.6192091043689016
37443,6.1554308084633576
37454,1.732454163653189
37457,1.6263754011059866
37468,7.771832094848634
37476,1.078187520508791
37491,1.6471405001636374
37494,2.699113612503684
37497,3.891638116786313
37500,3.040416385487949
37503,1.0819759852635213
37506,0.8281333742729093
37523,5.7533719436133115
37525,7.3923542310581025
37535,2.183373151752365
37538,1.722667167988225
37541,1.162903059468635
37548,6.8081524465594265
37550,0.943045532406452
37552,6.263564949053151
37556,4.664341001420797
37573,2.7038348399809102
37576,6.264624536144389
37581,0.9016888398557747
37593,4.597461081757689
37598,1.1073239304979698
37599,3.6973859334869053
37611,6.593688009222852
37612,7.957600077179903
37618,5.158245625991281
37619,2.915338159789573
37627,1.7163248981934025
37631,1.0505781370588125
37632,2.2181397792962123
37635,2.585883573362107
37645,0.8910207477588883
37646,4.9121571182946555
37648,5.83164046274669
37650,2.9581448966194763
37651,3.762995637909109
37659,6.973506256647674
37660,4.773711779627914
37677,5.8317157293382
37680,8.340946462075397
37682,6.024405452232383
37683,3.043772965964538
37685,2.8910813198350582
37686,6.559221431196171
37688,4.532056341935194
37691,4.904640526041077
37703,1.1103658798723317
37704,6.9360333061325665
37709,3.5469964198996564
37722,0.9232320592578618
37728,5.028857930596651
37748,2.115916296201827
37751,7.750412118631622
37757,3.3181021842845126
37780,2.689374513049671
37786,0.878831702983542
37787,4.695664015450642
37789,4.359494905524167
37806,1.2385165581268254
37807,6.0550694175418025
37808,2.0858576468937913
37817,1.1170129648735148
37820,1.730838611660975
37823,14.046371950838026
37841,3.635091487058949
37844,5.891194900672776
37853,9.908448733668774
37858,5.899082416612653
37861,3.943636337637731
37862,1.9031289414004906
37865,1.0880580710418584
37876,6.627359556013363
37879,2.5606201943920475
37884,8.003068836354299
37889,8.605242044515071
37892,1.0525279856702432
37898,8.103391204313581
37900,4.693060607961842
37909,6.118655319821974
37910,6.096224313085068
37911,4.058977487693294
37916,1.0718377143238111
37926,4.3076558276836
37937,2.824932044088702
37943,2.6370727449023557
37963,1.6547267051854622
37965,3.980195095101841
37967,1.7210962970162265
37971,5.11352037275852
37976,5.808736430482627
37991,6.756595007456051
37994,2.7851089827388655
38002,2.5206151666773344
38008,4.679357952752457
38015,4.382596287166284
38018,3.600792951375592
38022,4.64041384634314
38023,1.1795132371033001
38024,1.762463413129216
38026,3.7266813001097945
38027,7.61887602266953
38031,1.18068107735321
38036,3.6930388068578184
38037,7.630227690218196
38039,3.809083313845416
38042,6.979263554479332
38043,1.09757326345178
38045,5.278790310457211
38046,6.748459159008927
38047,1.0861330515722285
38051,0.9817841074706264
38053,1.1199367350744893
38058,7.0905988075533575
38069,1.1880158058196968
38071,6.929685973067173
38074,3.5891997334276997
38083,6.772305160004878
38085,1.0929376213137645
38088,0.8773124132728243
38094,5.593082738663675
38097,1.9721906518875394
38100,0.9029461545555457
38101,5.912988263677178
38104,2.732451346517487
38106,0.9019142225899341
38117,4.922129300201696
38119,1.7595518584983818
38127,0.9146090115052896
38132,1.7403137425508302
38136,6.14633378283385
38141,9.486893136113368
38145,0.9093982661333859
38151,4.657404048155101
38154,6.048235477034865
38156,3.3961896633055177
38157,4.906573935880785
38158,5.071518593663091
38165,3.877908161403057
38170,5.564039565189841
38179,3.0483226909637775
38183,1.735798004708791
38187,5.10306942552443
38211,5.765066200901076
38212,2.6674263672626237
38217,2.1233122451699673
38220,2.8897134599520125
38223,3.8293808620717886
38225,4.823388057253996
38227,4.016799412745348
38239,2.657596934798485
38248,3.8459334812684354
38255,4.05297984465017
38258,5.444294021583836
38260,4.91075466695949
38261,5.597906798124702
38264,7.731059641977694
38274,6.624471128355653
38276,1.1525965007681678
38280,5.698630329323694
38283,1.9102539020706666
38290,2.1389942903587107
38291,1.0880128743479953
38312,7.1652099598925245
38313,4.83357775398924
38321,3.735839663131813
38326,1.0755901041716083
38335,0.8622336288621253
38339,3.7927304442122263
38344,7.544294094651319
38346,5.865518174991785
38357,1.094537349417391
38362,2.9794993892892054
38372,1.6785465414361354
38380,0.8743874951510802
38396,3.0076731543135393
38397,2.966753349751138
38400,1.6779648952743011
38407,0.9261355814313821
38409,3.306678784970817
38413,8.908156176580508
38424,1.0933881391525344
38425,2.8724139137796896
38426,5.501308705726237
38427,3.072665095122518
38428,1.935068236197138
38437,2.6466752627941874
38443,4.133343172024947
38444,6.651095960482744
38447,0.9270980951049195
38458,6.937843981527083
38462,4.005632557537053
38473,1.0532895259623198
38482,4.676410956372874
38483,7.862161820232785
38486,5.753561985808833
38493,2.7834858215260274
38498,5.519058088458872
38499,1.7285201055339066
38505,6.719484967071626
38507,4.1224123563937765
38508,4.669147664254505
38509,5.580550207285869
38517,1.0694063691860123
38527,2.2044713341980566
38534,6.651624457948791
38535,4.4053546117363505
38546,10.993951168991227
38547,2.113663003394419
38554,0.9135176018300988
38556,3.0888176505154386
38562,5.778270270182334
38571,1.8341736446014059
38572,3.775415605686221
38576,1.6717620390471444
38578,2.5819279876456793
38579,3.4820934047532104
38586,6.649151644355495
38588,7.7146468594265
38589,7.781414993315575
38594,12.301668752764735
38595,2.872270785322614
38598,4.59299650253397
38599,2.815864296552556
38602,2.8818712574050958
38607,1.109605702308425
38619,6.589291820839044
38627,1.2895853673220028
38632,4.625181200939586
38639,1.049257277826054
38642,4.703205031856232
38662,4.151114164048237
38673,1.705930267509241
38677,4.848574235144537
38682,7.697975167175754
38683,1.912967282190769
38684,5.727484398092926
38693,2.438983025038879
38698,1.857800802542653
38705,1.700273602509315
38711,1.7445930687133258
38712,0.847287526388262
38715,4.673432276412324
38717,3.6252718107782576
38729,1.1353810952903207
38733,5.074407592153073
38736,4.021955267769098
38737,1.1477816405529233
38751,2.668873520591199
38759,4.467694938791808
38779,6.6786754760925735
38781,7.6406807405821
38783,1.0538178600226908
38793,1.6786754042384477
38795,5.018660936296552
38801,2.9274218782067134
38802,4.626538181475961
38806,4.863545681956788
38807,2.5408653222041595
38809,7.887941872967458
38811,0.8526679821997232
38822,6.919157822533355
38829,1.0422534567082806
38835,1.0663625984688978
38845,1.081426768264191
38857,9.67496961390501
38858,3.7472770433791127
38862,9.262696080107279
38867,5.980562857604384
38878,6.057914976668447
38887,0.8902536500619971
38889,5.577637818049979
38893,6.504339675785003
38896,8.788340589862056
38897,3.770559989675078
38901,1.0843485249618214
38908,8.07173531591398
38912,1.729454791662285
38927,5.689943655296657
38929,5.814179740668235
38931,1.0657017722256081
38932,1.034486404958824
38936,2.9432605457128336
38949,7.988997176753237
38950,5.172661343592372
38952,4.93949983704618
38966,1.677415335771216
38969,1.078500452358603
38974,8.706050809718093
38979,4.450200512946961
38980,1.6314678663245212
38981,7.9943260314551905
38982,2.7338567942750274
38984,0.8996704281649621
38992,5.7860061877009885
38995,5.069433229892623
39005,1.0930017896297195
39018,4.709166315302345
39027,6.533184799122286
39028,3.8500740534661224
39034,2.148424448814252
39035,0.9627110880747445
39046,7.915492666286829
39052,7.156736707282068
39067,5.631463824166581
39071,1.6562564774295718
39075,4.0095485639753266
39077,1.703729764048381
39079,3.8302502391021456
39086,6.510795194006688
39088,3.668780959949331
39093,1.7966024550830002
39094,5.804670132382456
39096,7.163965683338123
39103,0.927645916301914
39110,3.0551739997729452
39127,3.860213354572149
39132,5.266384619082718
39146,8.700683109231608
39147,4.450264008889196
39151,3.8849845868576085
39152,1.0604980507981487
39166,3.7415385567805064
39174,2.9185889997046033
39179,1.12568972647423
39186,8.048676246690162
39190,5.02189443258346
39196,1.7623640976751256
39199,2.639372169057843
39200,4.017787814836379
39212,3.578410549716689
39217,1.6692871093556145
39218,2.909998881108596
39223,1.1862260452022908
39225,1.9140519524516706
39231,9.697415858949748
39233,5.88616585118494
39244,4.0200507820627225
39249,5.478285326474172
39251,6.2057609639682365
39259,3.938735839101846
39261,5.07809570143012
39267,6.045719822458685
39273,6.077241640759793
39285,0.913502039668352
39288,6.209742625542457
39290,3.582094656180107
39291,0.953315732996554
39298,4.081262411507568
39308,5.14002366694104
39309,1.084816903918723
39311,2.934255257629739
39317,6.045249406298796
39318,7.933467803183376
39326,4.605421366464741
39341,7.761622867968509
39345,3.6493344465835147
39350,3.727738204516602
39359,1.7538415514686494
39360,2.6479280048025666
39363,5.067687987126986
39366,1.1503596987257314
39372,1.0577653350930007
39374,5.107339683626914
39376,6.849364688277917
39379,3.7744193905552548
39381,5.675219818761279
39394,0.8591730196308505
39397,1.5781833170593407
39401,1.7050684215067453
39403,1.127353582696812
39404,0.9038630357652386
39412,2.6791069197184356
39414,2.5997161832465907
39420,7.809382500658692
39423,1.6758716382802228
39425,1.0386289881822748
39431,6.880589880884138
39432,1.747722485545879
39433,1.763431314542025
39436,6.032628660087209
39441,1.0858175738157976
39448,1.678594600597414
39450,5.690448435635802
39452,2.75964267417441
39455,1.2046833208267747
39456,2.1302957659637025
39458,9.54824269530382
39460,5.741742877543304
39461,2.519107085414306
39470,5.8554252426918625
39478,5.896986510611101
39481,2.7702534928400193
39490,6.644858523863311
39491,1.0486318634258365
39494,6.239518804831263
39495,4.565425598851919
39502,7.751151702134473
39504,1.6464862682257002
39511,0.9162086423275952
39513,3.0747346711307846
39515,0.8874346751979059
39522,5.999731601460658
39523,2.166463899135316
39525,5.099672019020651
39528,5.908209318134112
39532,6.70784765885072
39553,5.762018535213672
39554,2.7065667486297675
39556,4.797478327113872
39561,1.0929228588923365
39565,1.632564623307256
39566,2.1861122275040863
39572,3.0066598983363066
39573,3.3767368175545616
39575,1.1279194951600324
39581,4.305002020566613
39591,3.6144172140348974
39594,1.0901248943436896
39596,1.9562722763342442
39598,2.7026806339091713
39599,1.9013373292607243
39609,4.593192100812529
39625,1.6683838058366738
39629,3.637359534083379
39637,6.339566137254945
39652,2.1152889269471498
39653,6.922246042001185
39661,1.6954170913923594
39665,3.9098088472727928
39669,2.9506150987745046
39674,1.4568329668236957
39676,4.892427657274675
39678,5.204656510746376
39680,2.118013531406128
39682,2.6164353348617944
39699,6.831861276480547
39700,0.8813958268719055
39701,1.0922882828577736
39705,3.612847632760918
39706,4.7172314823534025
39708,2.121631028946674
39709,6.7725931254861536
39732,4.253217213567299
39735,3.971257784944108
39738,1.0669322200519216
39741,1.7259139084332222
39755,2.6925179272462976
39756,0.8968511805979671
39769,1.086032819091213
39770,5.116753735031967
39779,10.411000477378543
39782,1.136697643237277
39783,7.726400267481424
39787,6.8016202151781044
39799,6.668152385821161
39823,1.0884763482424993
39827,6.0924169456560975
39828,2.1991770151194796
39832,9.359332541329477
39838,3.2726306955427162
39841,9.69365346536463
39846,2.498908494183052
39847,7.7688751595726595
39849,5.114774853070723
39863,2.1327604030085574
39867,8.834343503929562
39870,7.853242372266511
39872,4.3773163996744815
39876,4.5389077293663815
39878,1.7213227781212512
39881,11.476860815974426
39889,3.7226921180286205
39894,3.6299236488791093
39898,2.754906771464647
39901,1.6642789380703054
39902,6.917254135046997
39910,4.976036435831954
39913,2.8505837815049775
39918,7.0921609856337655
39919,2.6739922838048225
39920,4.5748951019866935
39921,4.953276675791142
39922,7.163901767879244
39928,6.659614829375739
39931,3.431635541115807
39936,7.102124979698804
39945,7.91862929618136
39948,2.8223451216608506
39951,2.8709771542769014
39953,6.317528685588009
39956,2.240659170852381
39958,4.515474237683717
39959,6.724679834497364
39965,4.203780582609973
39970,6.993794649637979
39973,1.591042349905178
39980,4.638204493136788
39989,0.910388022096118
39996,4.562543073128399
40007,1.1409365660702
40024,4.337873785133624
40027,4.195695972577801
40031,1.0468327199409448
40032,6.3801446573850615
40034,1.8799652932840174
40042,4.859154251984118
40043,1.8550747140587585
40045,4.229809820261171
40049,5.589087495769507
40056,5.048037584760178
40057,5.670439802277732
40066,5.637581324405798
40073,6.433606983518774
40074,2.890207093825694
40075,1.1249425674311713
40088,4.251949998346075
40098,5.737460201170659
40102,4.526949559152541
40104,7.856708983787736
40107,7.519103056756329
40114,5.815958238968085
40130,7.83550610195282
40132,1.712784828522326
40140,3.823173335670565
40152,6.896294454533629
40153,6.0171745817185585
40161,3.535222788581795
40170,7.009590010495712
40172,2.6219010521531168
40175,8.120571994590378
40181,1.892941809619054
40183,7.75670779012794
40187,4.665691165860647
40189,6.772393364478319
40193,1.117452561093776
40194,3.820545837724665
40198,5.096065147557404
40200,4.440302636104852
40201,2.9071753045996944
40204,4.270160237753913
40216,3.7261466609055294
40217,3.2268440427429828
40218,6.100715997789541
40222,4.781965484562524
40230,6.805054248010418
40241,3.5126324127100226
40244,5.7174843492963285
40247,7.16698248753702
40260,3.176486221387634
40264,5.106579270910455
40270,6.0627570589225765
40273,3.782550429817353
40289,1.7113823568252355
40297,7.87282053574025
40298,6.666615117012517
40301,3.150302465086809
40302,2.1465555668762866
40308,7.064262717309253
40313,10.588446894154998
40320,5.689728024667891
40325,2.9643652444953936
40328,5.218928534132999
40335,4.146794432556405
40338,4.513782213348228
40341,3.085155887738429
40344,1.097123481710749
40345,5.079011024430194
40349,3.5452958761144333
40354,13.526394231367716
40359,6.888023627665987
40360,4.720282831818915
40361,3.989533999884914
40364,3.504866857169138
40368,2.101237637667387
40370,1.8143976636819992
40373,4.168040369076926
40374,1.6937203571560304
40377,5.73185841092649
40383,3.9666508296301743
40386,6.803694116188148
40387,1.06180052699793
40403,6.078173363084792
40404,1.2473418656838713
40410,4.046908999407483
40412,4.619892881833414
40415,0.884492014545597
40421,1.1031733878246506
40426,1.3730917774417186
40428,1.6902858388157047
40429,4.327985568295086
40447,6.091432590113531
40455,2.5375560703208033
40458,2.6889946785204044
40463,1.6883484527759158
40464,2.668518328541495
40467,2.1889037825379782
40469,4.690393829410302
40475,2.080207692764918
40478,7.749346856992972
40482,1.1165778861128919
40492,1.6883013025373335
40494,3.6169268048812495
40498,3.4949660494240575
40504,3.8958234360770225
40507,8.56837534446392
40508,1.147821335489538
40530,5.478997205924977
40533,6.825023132848184
40545,1.089933113756449
40551,4.3966655737025455
40552,4.404415202748378
40554,3.792503348429866
40564,2.1381578254735096
40573,1.6746159562910568
40585,2.604335692056194
40607,0.8964476012338638
40612,3.249182684122417
40613,3.858579369161098
40614,1.10949121154164
40617,1.9114134766637245
40619,6.851400462605975
40624,5.599072911320014
40627,4.404645577963811
40650,11.080986233753856
40652,1.1058435374975462
40655,1.6794844025152607
40660,0.8899500905458311
40661,3.563019648128343
40663,3.0049972470905795
40670,3.136806908342378
40672,4.218132858518602
40679,5.852153706405728
40687,2.0756721735304726
40690,4.552105337824942
40696,2.9918601808967766
40698,3.796842515399332
40700,0.9102325446391313
40706,1.6964367988043012
40708,5.254123782392961
40710,0.8813622274922697
40712,4.834346785155786
40718,1.169348314572927
40724,1.7392019383414703
40727,1.6410103865264296
40728,4.6928522975324025
40734,4.5832062883874825
40744,5.42075444029577
40749,9.362918000651238
40760,8.010956608556032
40764,4.0489116494805435
40766,3.9684620088807234
40768,3.2614963100385803
40770,3.635993928419668
40782,8.256728705241507
40795,5.5314795997783355
40802,3.4826812092787387
40805,5.864657222419653
40807,5.891070565235601
40818,3.786878197105087
40821,7.68117438939079
40822,5.690850282807218
40824,5.391606036090771
40837,5.632605882837522
40841,6.705473336927561
40857,1.24252726053958
40859,0.9203988171076851
40866,6.073871269306475
40867,3.7592654207951015
40879,6.066882492133887
40896,5.978944797746293
40902,4.056406303740992
40917,10.764856023037904
40921,6.875349860479822
40922,5.018221793937444
40923,5.726840695942581
40929,3.7654876084573976
40931,8.03989962128348
40932,8.671708188027289
40933,7.427614135433048
40935,4.9054158632579945
40937,6.072166597385756
40940,3.158041176793144
40948,5.497583926086797
40956,2.9017209735227967
40957,5.424782603531572
40961,1.6845505683053301
40969,6.9112038307920365
40973,3.9477828994969584
40981,3.1202770202803385
40994,0.9357529175289674
40995,5.33132806641213
41003,3.6798033418571814
41008,5.464480887807991
41018,6.933201733426856
41022,5.334350124257611
41039,7.060811154895735
41041,7.073534112069058
41042,5.764014315955308
41044,3.6606655821642557
41049,4.834922705911268
41054,3.747700385448491
41063,3.9312231696070086
41069,2.6446934738705767
41071,4.684189566801561
41074,1.0803321942587325
41077,3.7038078185985266
41083,2.1170171977686896
41085,7.017648245672152
41092,3.9207641089482705
41095,3.7833435734938026
41096,3.673638689026886
41097,3.875986189751678
41102,4.798094024252255
41104,3.6334498755733216
41107,1.1111005022497848
41118,2.849719801922415
41122,1.7809745516563074
41128,3.0676236199603633
41132,1.732905719918846
41136,3.114612938456358
41139,3.4557368147863388
41142,4.519905108398685
41145,1.7305058870635937
41148,4.928123557515712
41153,6.379083850743414
41159,1.8488141393729531
41164,4.670734660998702
41165,3.185191636403027
41167,6.117480866213029
41174,4.466856896570894
41175,3.4633861733303704
41192,2.5225513726502236
41193,5.565954109948237
41202,1.1136542464279886
41204,5.080935331854623
41205,6.828587006556825
41208,3.9136928098557573
41212,1.1267609973855977
41220,2.962846849480666
41221,6.0505573384073
41224,3.5948870029223206
41226,6.888741090064813
41228,2.689500798882321
41239,3.7633463673190937
41240,1.1816293491014171
41241,7.155467924810649
41242,7.657581018765285
41244,8.075610100829277
41254,5.907874383609538
41257,5.674371117997241
41258,3.9637143134550006
41264,0.9247229988535959
41266,0.9253882086543497
41272,8.784130387454141
41276,5.9331460480958
41283,9.708622150306207
41291,0.9084772914394299
41295,1.0608356615423875
41300,7.572469208229233
41301,8.781575357019834
41302,4.888409824452003
41317,1.1612929885772925
41318,7.624757270120208
41321,5.881608857356245
41326,4.330588342994016
41330,1.116750749674487
41335,3.2291159199958694
41338,1.1342464810767523
41339,4.045213620258256
41341,5.591325255697679
41352,6.306918219244411
41354,1.1720314895825816
41361,1.805244247761474
41364,3.8183194390075226
41375,7.038321986749736
41379,0.9003496227197063
41384,5.836922806580018
41395,0.8943899750271584
41396,4.763547124033147
41404,3.7995853149399372
41410,3.7624348231348392
41418,6.880616043975444
41421,2.807051243333386
41422,2.259075421511766
41427,1.1506668625312444
41428,3.8838399150157503
41444,3.683603618610732
41448,4.209845120482524
41450,3.6028229437489268
41454,6.722968393765484
41456,0.9255306418716418
41462,4.687809885698165
41468,1.2448117048447491
41471,2.7673032088106417
41474,8.49865401769437
41476,1.7598413931614534
41477,2.1147646821187953
41478,1.692014941782619
41482,10.126908821520797
41489,1.114163776865381
41490,1.674876857284855
41494,1.6480818251497173
41501,3.8404790050581066
41503,1.6407216226168129
41512,1.4225609590811952
41517,5.8441967224125975
41518,0.9082902607759022
41520,6.70775617882108
41531,2.866166558750578
41532,7.837559986347358
41533,3.153589936550652
41534,4.606718913078194
41536,6.646231750329425
41551,8.594955123252236
41554,1.813732018856148
41557,1.1420840138804569
41559,2.697234957861361
41562,4.482450592267049
41571,0.882858816263524
41574,3.697937585124998
41576,1.0638590921135753
41577,5.184765335040842
41581,7.817940543333272
41587,5.743974115758265
41589,3.9921129692040913
41593,4.0951774468837145
41594,2.6401379684311164
41611,6.595650500877467
41618,3.7029130096501195
41623,7.861121570979072
41637,3.4592703763216903
41640,3.764575946971383
41641,7.049611235938098
41643,4.731353635207752
41644,3.701575336639785
41647,6.12971872431698
41650,2.688453298721555
41655,5.627460984497634
41656,1.9053966207954889
41662,2.977404352336207
41674,1.6395912702626507
41676,3.589858826151588
41687,11.154671512440622
41691,7.1480574404127974
41693,7.459311500812081
41696,10.025654567658417
41698,4.235942739798863
41706,1.1006300875763668
41708,4.361058521800529
41712,3.0845262000656826
41716,1.5790971703718912
41729,7.773232580036922
41730,1.0924775067765289
41737,0.8535464296808901
41744,8.730634365859059
41746,4.713295570858924
41752,6.827548243865094
41757,5.9208323658854995
41761,4.9959956165757
41765,9.964381601263302
41766,1.1107888836651805
41777,3.7461593719781034
41784,4.647115769621042
41787,7.081399239559248
41788,1.831090628277622
41799,5.009619562367037
41804,2.6963047342661297
41808,3.735367057552965
41816,6.576898112834242
41817,2.677440238507107
41821,2.077400832060391
41825,3.8312145063206624
41826,0.8652791747469841
41834,7.119736383469988
41841,10.25680617151783
41843,5.420697782171799
41845,6.0234929511248305
41847,3.7368515255144485
41849,1.0481717605864707
41856,6.458091419103946
41859,4.921429757089573
41868,4.3296110654388285
41871,8.665444105269684
41873,4.224333269252655
41880,3.2631287831912323
41882,2.736139291169742
41892,3.3568065778214593
41893,1.2031117926184205
41897,7.119601539227866
41898,6.932645478751384
41902,6.026994967743532
41911,5.906396006558411
41912,5.787152839455005
41925,4.085485948454633
41927,1.6407741943659175
41928,6.64825642824674
41948,1.1329935811003722
41956,1.6810164325478234
41969,4.689827332895327
41973,4.619071947931211
41978,3.7660109456583877
41983,3.3146450930153053
41985,3.1175424460654777
41989,1.7086849629877379
41994,3.9240544683299414
42006,2.1328256123801412
42011,8.582440901464755
42017,0.9665546009741655
42020,4.5058711774357345
42022,5.435190287039619
42027,4.160343240067598
42028,2.4613223534313278
42031,5.680111787298073
42032,3.8589790029813975
42041,2.0935676170753714
42046,1.1573602674546537
42049,1.0218352414568268
42051,1.1545439996940035
42061,4.7020965244330375
42062,3.1956961461936286
42063,4.69898515895795
42076,5.030311208559641
42084,3.660573862021936
42093,9.891519637193987
42094,6.569599061113159
42097,5.483034289488954
42104,7.008053034315017
42109,0.9021950059784944
42110,3.175266386056731
42112,2.0881772255056124
42136,3.729045046338661
42137,4.556716490236664
42141,3.124950376062191
42148,2.996994052011619
42154,5.963402760589163
42165,3.606249645874393
42171,5.172213778563414
42174,3.756466677429323
42175,1.9773620383995132
42182,2.181487416769513
42183,1.7022120824834697
42190,5.913564984255511
42193,1.6555088316545192
42201,0.920527515281611
42202,4.558220449518906
42212,6.820265817028618
42213,4.300886112680984
42216,1.9683952026076783
42233,4.319392276546338
42236,4.446398467949614
42252,4.705696803652475
42258,1.9223591340100792
42264,1.6832178797117932
42272,3.906198324744716
42275,1.7192983677264637
42278,1.1801516864863522
42280,1.819425093084468
42285,2.2019049367245405
42292,0.8680846887836111
42306,4.932537782970182
42309,3.28907910459585
42311,2.132099659378625
42314,4.981123137164531
42315,2.6990518821966303
42316,7.112527621282641
42320,3.98026821671846
42321,1.8058446524405554
42322,3.8565194839981642
42335,4.811844390421323
42339,3.7559091162683997
42341,3.3469315484688034
42345,3.8250985944258757
42347,6.009775576614641
42348,8.067556302367603
42361,0.8837076587494526
42364,4.423530970422814
42384,1.064981323275692
42392,3.0730344482081797
42395,5.9968568973819
42402,8.051043123392514
42405,8.594570423153492
42420,2.066900741327559
42423,4.469736936663187
42430,2.633164756692447
42436,3.1480469063652756
42437,5.554254289733918
42438,7.610804333009797
42439,5.607643330301166
42440,4.628007269125365
42445,2.798128370752573
42455,2.7950423034448644
42460,8.712669003955519
42462,2.725070060434833
42465,5.1580292714811184
42470,3.9271872331501894
42474,1.6793798467586756
42480,5.301338086723756
42487,3.5566061751012557
42490,3.1167440423162587
42494,5.859282251526954
42495,1.1214253406030017
42496,1.6435035270203189
42497,6.519038452647749
42504,1.2896199618499198
42507,4.837833908977911
42511,1.3787262951144394
42513,8.930200740249582
42516,1.4529186454399374
42517,1.0494981075664431
42524,1.1260329132316378
42536,1.148680722118236
42542,5.203761833366108
42546,2.7409225217120348
42560,1.7004583073171071
42580,2.0887447061418722
42583,2.6783778177645763
42586,1.6141722583459943
42593,1.0259162890521631
42599,6.967941119481095
42605,1.1199344943308032
42606,6.527077744101476
42609,4.830586025559431
42613,2.7634145101617626
42621,7.724467388642128
42622,5.2408428025093245
42629,8.10325840362307
42630,7.7396277442468655
42635,2.996509781111135
42641,5.763547728406287
42644,3.1506580423890993
42648,5.018676772827891
42657,4.500042252889527
42665,1.0985462251504283
42666,2.9715432724347197
42671,1.1393134333806105
42679,6.735200762756644
42695,4.467155430677215
42699,4.627252946372192
42702,3.848861344275076
42703,3.7746165690010063
42704,4.68091287210836
42706,7.648808551900354
42725,1.6956453971497405
42731,1.6668920441474588
42738,1.1032353295890625
42740,3.5314495802088195
42746,2.9540955180580637
42753,1.120231182506675
42758,1.071522727972137
42760,4.076287090239817
42765,7.649384027236808
42772,8.072103080926041
42773,6.758130272912947
42777,6.60185490413638
42783,1.073035754354902
42784,6.673099815683617
42792,2.5069880928583332
42795,0.9016750972855263
42796,1.7436373888154222
42800,4.171780591184064
42805,3.8731245530320284
42819,6.625443388584111
42821,6.372184770609796
42846,5.647389751706636
42853,5.765334884406536
42859,4.647928527178973
42860,7.1519422887710125
42863,6.597783541758125
42867,7.846226741635398
42874,7.057306779683556
42889,3.78969558985092
42892,2.6712938898015386
42895,1.0672965826632894
42898,5.8705684857449185
42902,1.079796911240309
42906,1.1078713560513704
42919,2.5849888869092332
42925,1.8967260856575074
42928,1.6164489878494108
42937,1.1398132911854533
42938,2.0901808604616923
42947,1.1311457953146764
42962,6.294334992741636
42968,4.087072501564741
42969,10.613496858421472
42974,5.162274560285674
42977,1.121219774580438
42978,3.0079445932704005
42979,0.9022246880134865
42980,1.1423542320455153
42987,1.121519195375463
42991,3.094909062647167
42992,3.8587097853463974
43000,5.7910739779916005
43001,5.47213894354125
43003,4.855163062687949
43005,4.44820597919022
43007,4.695656874687396
43010,8.018660505525094
43012,6.647672630344747
43014,7.774168843329546
43020,1.0157128495579597
43033,6.067417511166772
43034,1.059515466903707
43037,2.092259723905369
43038,5.64714137905775
43042,1.0506248698570126
43057,1.8979296171627267
43060,2.633922434814891
43069,4.034236885838679
43070,2.700272181824637
43078,2.631158886587987
43079,7.31493653166749
43081,1.1113908216412351
43082,8.512494020902748
43085,1.0887637632102902
43087,1.5883759781837146
43092,2.3897185581202836
43096,5.070810160419831
43104,1.6885652876150377
43111,1.0578286038756253
43125,2.899917278194847
43138,2.038010030060061
43148,2.693232435064146
43152,0.8933349700308733
43166,5.812744936836114
43172,9.330822749983323
43177,6.646720979349727
43179,8.368535844216343
43184,3.8797626450387233
43188,0.9065830881791683
43195,2.7225109496338913
43203,1.1730347035760276
43206,5.14933829085197
43208,4.13554384261414
43212,6.041312859019004
43218,5.662601734211641
43221,3.823165400032234
43223,7.809115745303327
43232,3.8753382633378815
43235,2.6070736183776333
43237,3.6191109028226247
43240,3.144272847198518
43244,3.1156223920403945
43257,4.196331793465191
43262,7.255448826905289
43277,7.601910751785557
43284,5.510240697599071
43294,4.070622187729503
43298,7.1074911512553465
43303,1.109527173069555
43307,1.1523938349577296
43309,1.8426056029269477
43311,4.87269590844568
43312,7.757619171297132
43317,5.034184335642083
43318,1.7916590337636467
43320,0.83673629976174
43324,4.911367608457507
43330,6.95177254587467
43333,5.603838674510986
43338,1.1093585674690476
43341,7.583107550686285
43345,8.884367810300684
43346,1.0747345527920489
43362,8.686930787499984
43368,5.834599250261715
43373,1.1138830547560983
43378,3.079427880803167
43379,5.065265586051241
43394,8.93834988225983
43396,5.141198140219092
43398,5.979678497930324
43401,3.7039776387900583
43411,1.0836191708503038
43412,9.114528643936914
43418,2.714457562897615
43419,1.1900431322879554
43421,3.964333559670587
43440,0.8943983133364126
43443,4.515142470845088
43444,6.881859675003453
43449,3.0821114777192964
43454,5.1832905080636476
43457,8.642183869084295
43458,4.004447914263166
43460,1.7288316417346232
43462,1.0695435501659096
43466,3.319007189993048
43472,8.31566468612876
43489,4.324677576662408
43495,4.877715487634499
43499,1.157692169204969
43504,1.3848894569591295
43509,3.7882409769830105
43513,2.0681942166606966
43514,5.771284429621986
43518,1.113552823680306
43519,7.811136337348512
43527,4.117836152068874
43528,4.555704094278768
43540,4.761738461018155
43544,3.701222033686698
43549,7.105991935561892
43555,1.1012771301152129
43556,2.5213899077815314
43575,6.087889610983106
43581,5.1619076249363
43583,2.816329358072183
43599,1.6897430173278427
43602,11.634069191704187
43612,8.72185593522204
43617,1.8809614075823995
43620,3.5253564527605503
43621,4.556479137890538
43629,5.72783108623364
43631,4.021066795166427
43635,2.8873861268086394
43637,7.615180138440616
43638,3.0011365887163546
43639,3.0595185970696894
43643,3.552081052178188
43644,9.357451702841907
43649,2.867384337092031
43651,7.904976063902819
43658,3.886555980545206
43659,4.386811432536408
43665,10.493399493098668
43684,3.281439563852444
43685,1.6717743953920219
43691,7.238681983971157
43694,2.8075542751723637
43698,1.1267167579085289
43703,2.7692285672030326
43704,6.741479686111541
43705,1.6741994868686572
43736,2.670458437174214
43737,1.1061328709717033
43743,4.792559276693529
43748,3.135640971934969
43754,6.511369406303708
43757,3.73209172378957
43758,5.653508910350665
43759,4.632235886288345
43760,5.084208109793734
43764,2.758007922740939
43770,0.8419146620486697
43772,6.6306915064684375
43778,2.069932724496934
43779,6.2322140819747585
43783,8.387822108858458
43786,1.6836540018561506
43795,4.046697613007085
43804,3.5697556131004955
43810,0.8906447708128549
43814,6.12053310421735
43824,4.5292649990291665
43825,5.748536938800809
43830,4.165286836613915
43833,2.5749129077728106
43834,3.0477424983926413
43835,1.7040994684897157
43837,2.843658086426424
43839,5.074291626181758
43842,5.703981864566039
43846,5.685156210737837
43861,6.061652832141278
43867,1.0511108011815211
43878,1.0611353139369446
43881,2.7173807997692236
43887,2.7335062744512095
43888,0.9660172224788348
43896,3.8449359410773174
43905,7.755767329003769
43906,1.0505814310222577
43911,1.0669682856493097
43912,2.6767737703109544
43915,3.7057608416863332
43921,2.184774185112885
43932,3.8449253516935724
43937,4.04211982108806
43941,1.718113208631984
43946,1.1566067865210807
43953,1.1310512494982228
43961,2.755840129398292
43966,4.9242499885864035
43967,6.6767755276305065
43992,2.497197206275448
44007,7.724894598697059
44008,4.579997221565074
44016,9.81839571400463
44023,4.655170733211374
44029,6.539517757097475
44031,2.124527639840192
44034,5.735948673546708
44037,6.093735773676534
44039,9.61502220787389
44042,2.3900398062211927
44049,2.033673522990167
44059,7.473037003233937
44067,2.8828798630206136
44086,1.1042559958284452
44091,2.2905203899605855
44095,7.138900420221685
44108,6.504484103887489
44111,3.16619870987536
44116,0.8883011699781904
44126,6.154420682732774
44128,3.89701192471771
44131,1.8943822903117797
44139,8.14772391304421
44146,5.722303249437349
44148,3.188664662880217
44149,5.066124353669739
44156,4.838371760196367
44161,5.581698367933679
44165,1.7130780131565553
44170,5.1125141989151475
44177,2.569103369209846
44179,3.720540098679568
44187,7.7146831667946945
44188,2.129493170171002
44211,4.383193055095849
44218,5.704122916148102
44221,3.9946730491727394
44240,1.7647793476471745
44246,7.703374022555062
44257,0.8774680899865621
44266,4.40941025064379
44270,6.799293524502673
44271,5.318925916013639
44274,3.8496113220806305
44280,1.0885016199363924
44283,1.7966107319402753
44285,7.689817873617478
44287,3.0039034588553153
44296,5.523598899054866
44297,2.926633308242712
44302,1.0630666247100335
44303,5.502602862380236
44306,5.853032854404404
44308,3.9966793663035087
44318,2.085320422166062
44323,3.7981040059766995
44339,6.925455691646167
44348,6.9075913823431705
44351,2.859885186595512
44353,7.488284496972499
44360,2.147650443237441
44380,0.924536182105856
44388,8.747013730470083
44390,3.004736954606254
44399,2.1114603763809887
44403,2.900665260048708
44405,5.35974210994902
44410,6.098838944646302
44411,5.115622200780678
44413,6.0779644634781045
44416,3.709430955779638
44422,3.5455350707320163
44423,3.8707350295382494
44424,7.036121035024568
44426,1.740102458611461
44431,3.7509012233496772
44432,3.1421152475681993
44437,6.741765167439146
44443,1.1771657095371326
44445,5.3719534310027255
44449,5.011646786815309
44450,5.507171462717507
44458,3.860383953323446
44474,3.5922329537524043
44478,5.056304402410216
44479,4.000552358567007
44481,5.1557741858322
44493,7.149341856482163
44509,5.094099527854561
44514,3.8733772824005905
44518,6.353586381143398
44525,4.64359941138482
44530,3.545220332781472
44534,2.638211818281702
44537,5.43664934203498
44543,3.967591145866462
44545,5.675200965131917
44549,4.580311670670383
44555,5.477304615224689
44557,3.0697788194764297
44560,3.1501288659007467
44564,4.9728860780827855
44572,2.9927571242715976
44579,10.4416084804451
44591,1.071993116212215
44593,5.110803735427117
44594,1.0377860422713123
44596,3.0888854594814825
44608,2.5091605483822876
44609,6.114999596795888
44617,8.902924918417
44618,1.101267195623692
44621,2.9073028654455526
44633,7.771272138351959
44638,3.9069958216606913
44641,3.2636730050749634
44648,5.676012738089315
44659,1.862954146310805
44664,5.619557203006645
44687,1.6443725909192661
44692,3.1671811819979463
44693,1.5182879813421208
44695,4.680854656311804
44707,1.7782976070965777
44709,5.730261213787968
44714,1.1481724366188133
44729,1.916161844867998
44731,2.1008916067202943
44743,3.0419857938282617
44745,4.062931936415924
44746,3.163240521750635
44747,6.859176035456412
44756,2.6774579776657426
44764,2.689942293210982
44771,4.0469544886986775
44778,5.552177527625098
44787,4.701794175418037
44788,3.7320493030041497
44798,4.1122033966274705
44799,1.0734171191337394
44803,1.7187142367067936
44808,1.1098892439317503
44814,2.8052795887035415
44815,4.689457386786533
44822,1.7177970614188083
44827,4.647951270445695
44829,1.8609544109531595
44837,3.5682766100627292
44842,6.153632614680288
44843,9.042258559618112
44849,3.876071035524889
44851,7.1259681319172525
44854,3.8545613696519196
44864,5.050298785484965
44868,2.9365380454286076
44877,1.9048729027774889
44881,0.935912275964192
44882,4.863453126680145
44889,1.6774680780172466
44897,3.971274898260446
44899,3.0065681668399025
44907,5.492700077795703
44909,6.889204155221023
44911,7.804848304651952
44915,6.924047587017301
44917,5.010333501182096
44925,7.8032682750029005
44928,1.0540494606076112
44931,4.072933018905291
44932,7.1276542424684095
44933,5.699248442831637
44946,0.8633702200976088
44951,6.68001852859289
44952,1.7290963160986683
44954,1.12377577764609
44955,6.922879326718223
44959,5.683581961821057
44966,2.106403686170369
44972,7.110681426379901
44979,5.897812770273527
44982,2.7545305519901144
44990,3.874626897017994
44993,5.831759589364514
45008,3.79380590614064
45011,2.895091460088028
45017,3.8741178948288875
45019,5.4570543233591255
45024,3.4037543129408956
45031,4.754533461774379
45033,3.958482000054872
45034,1.7173312341438915
45041,1.7346796706229086
45049,6.063243803242613
45050,6.561831621485611
45051,7.646860415217933
45053,5.752800470231595
45093,4.959431030630365
45094,1.0292956773883737
45100,3.9258120827109297
45104,4.062989783063498
45107,2.9335520114968694
45109,1.0609464312990249
45114,3.685599471587741
45116,2.200223865587748
45136,5.128128753938009
45144,1.7381020781146255
45157,1.0869978829495879
45160,1.6578322641672094
45167,5.167668947158596
45178,0.8784542431541014
45196,9.254565698696545
45200,2.894575626444401
45201,4.694411274971671
45209,2.881044236847311
45212,1.091562671885486
45214,4.749643447768828
45219,8.125933101297868
45221,9.364399778125868
45225,2.807158850656838
45226,7.118194691891503
45232,3.084518097977627
45245,2.7015272599128
45248,6.866936760098758
45253,0.8992635449141275
45262,7.708638077148203
45265,0.9039246547516804
45281,3.8209917058244613
45283,7.615582029888346
45300,5.56782764263896
45303,3.7802747043839817
45314,1.6806878096479445
45316,10.600093430124215
45317,3.8811688800457986
45322,7.029438309397089
45324,7.913387429229651
45325,1.0822363295750757
45332,2.6764899209653326
45338,5.61667159428071
45344,3.5668751899703035
45350,3.6764902843566323
45353,4.022583744297206
45357,6.587661482759398
45358,8.876872707697895
45363,2.735324321644279
45368,6.148984367927753
45374,2.7778396735563717
45375,1.1668822264780006
45391,5.230039425222993
45399,3.700404383282812
45403,5.091200489937206
45404,1.0794115170075118
45406,4.069937222690797
45408,8.140188693022196
45410,6.440021530555477
45411,2.82204038307583
45412,6.845334242304555
45422,5.771180888218457
45433,3.101418887651258
45434,4.720330099275224
45437,3.3750879025183558
45441,5.612373506374435
45445,2.7910449509288604
45447,1.9314829879524722
45459,6.200580766770246
45462,4.717469386502942
45465,4.026440901801905
45473,8.094419863007682
45487,7.12644607620794
45490,10.040947652340126
45491,3.4329316239056658
45492,6.760689489547982
45493,5.556690125550235
45499,4.699554831938844
45511,1.1079440815516115
45520,1.7118224033629987
45527,5.3844503233015955
45530,1.1518460739093186
45531,4.8481837074591585
45535,0.8830657246349776
45538,4.103153578728496
45540,4.715721023047726
45543,5.474284919350915
45547,2.731880073796671
45551,3.0603221022869898
45552,1.0583320680161643
45567,5.885815362100728
45569,8.577936757983348
45574,3.9009119389259173
45590,4.019929431517517
45596,1.1046015108914444
45598,2.982770090571578
45608,1.0861753935938023
45616,4.756028097373611
45618,7.772003284968738
45619,4.651191185070843
45621,10.855655409546944
45622,3.1017471586269734
45625,3.441804827532721
45627,1.1189800088442259
45647,3.911648208314122
45648,0.9078109509313337
45657,4.575280005580627
45659,4.711273385373333
45660,2.904742875845484
45670,1.177440873959767
45675,1.0660419730453605
45678,3.6882049573081916
45679,4.84499912525261
45682,2.1486674194265536
45692,3.1075465792525105
45697,2.8448296576640515
45699,2.9762787795484105
45705,6.743885938805082
45718,6.880979379643339
45721,6.682312424157912
45724,2.837198434799815
45727,4.059883447817345
45729,3.3208898303158225
45739,6.863799613404762
45741,2.6053706475758447
45744,2.7636177146902567
45749,1.7190108070132437
45752,1.8057754999669688
45755,3.8340195783334265
45758,2.6558609733935787
45759,4.773126213403131
45774,1.0636221843912068
45788,2.726513084020742
45789,7.059044500215942
45792,3.1202854512322786
45794,1.0729436651724735
45810,9.396252526731654
45817,5.285115065423956
45827,5.151514217692948
45833,4.456013233941112
45834,1.1638192812291006
45839,6.660479118327844
45846,8.685505917554849
45849,3.218767329048596
45850,2.1253190182399924
45853,2.8882868481911332
45857,1.0378211100806474
45862,9.530470129846671
45864,3.9652715781382954
45866,2.6896540581985127
45872,8.458674682462341
45874,3.7735105806792406
45882,7.694801639880708
45890,6.755212175781397
45892,7.3878432820062825
45893,5.091828010488239
45894,8.622823217408358
45900,6.98727258210933
45912,1.1283719001428913
45915,3.885543280050528
45932,6.794469123461004
45937,1.1014611079815988
45938,0.914357851635089
45942,4.217953121025589
45945,3.2177670755288217
45949,1.09489904313391
45953,2.853808788707596
45955,2.6134174950344926
45957,5.985624972564394
45970,5.655988232845417
45981,3.19434651538797
45987,7.781529954880428
45998,0.8883939769866198
45999,2.651385210934294
46014,5.069859856205457
46021,4.597844225543403
46022,4.538476710446947
46030,5.085517490443617
46032,5.877582767367003
46041,5.15020271703207
46043,3.9007085539212483
46045,2.9248840660107467
46050,6.015613609675271
46052,2.7520864019942497
46057,6.443514269947864
46059,3.86607753893736
46068,4.052470001537104
46070,2.82736779529488
46071,0.9088391829887548
46075,5.058251949745985
46078,3.100227326669386
46079,2.6517451648522528
46086,1.6456573793508622
46102,0.8970654014266968
46114,5.0521427920298985
46115,1.7498177513266686
46123,2.6658677205334635
46126,1.0877829038729456
46127,8.166213571869473
46128,3.079227840736734
46131,1.7115031610962506
46134,3.104653675814799
46135,1.676062214466619
46139,6.664357010879616
46144,2.967760501189795
46146,5.757513168739053
46152,2.129143611550041
46156,0.8865159006186656
46158,1.7218138370530953
46160,1.0893254426373167
46161,2.8116533746367294
46162,2.6561428151236752
46168,4.864296686606875
46175,2.618712639554732
46182,1.0526996235857653
46185,5.276646796512152
46204,0.868503007435478
46206,8.495702132636186
46207,7.747125999919122
46209,0.9178336774569913
46216,10.391106355539645
46220,1.8096972305558316
46230,1.1142973435997492
46236,1.7380140104153972
46252,4.341513493430825
46254,1.10770081715803
46255,5.477121991588627
46257,7.126817557175901
46258,1.0890139385059414
46268,2.7534994705329545
46269,4.8995250325916295
46274,1.126616913343208
46275,3.6340402135406062
46279,4.056124937818345
46280,2.897831464949845
46292,8.044174819347845
46299,2.8907727802585352
46309,1.7441531820572602
46312,4.726282747473858
46324,4.706584944621779
46329,4.800975034830166
46352,4.644694881143669
46353,3.9204260067054397
46361,3.133447612642262
46367,3.743853845376002
46370,6.558080970061253
46372,1.9193702871587939
46377,5.107557688183349
46397,6.8852850637511676
46402,3.9244857223254384
46406,2.672887393847124
46407,4.117173195146955
46409,4.12749423570248
46410,0.9249096788689108
46420,4.067897115232988
46421,3.5817045654569237
46422,2.7213831428610495
46427,2.8600197179759093
46430,3.117602743953804
46434,3.3976580541835637
46438,3.4109315519681154
46448,7.618821863278906
46451,5.155775630876858
46456,5.145631899369092
46473,6.003734281046926
46486,3.130194723994194
46489,3.8092032647536693
46490,3.1124747434201985
46495,7.1350794724678925
46504,7.157699101974197
46505,4.744140384781265
46509,7.798300787890234
46513,4.652585093795256
46528,5.8896327788001965
46529,3.527751769638898
46533,2.7286007386342543
46534,3.1079031674829682
46543,3.930065936301508
46554,7.353259775181122
46555,6.893545750948178
46557,3.9143456876613905
46558,1.6894570298821088
46561,2.8596862101151688
46567,2.229351150976871
46571,7.0033124202049635
46576,1.8804288620787486
46579,1.1033736133091532
46584,1.1863479263120182
46590,5.716746384686099
46620,5.669012638118392
46628,2.8827986848193357
46633,6.293906774095484
46634,4.296423834800514
46637,4.764614846788616
46649,1.7537021006390474
46656,1.0819981169466009
46663,3.1480590819264203
46665,2.073939617270383
46668,2.6862992974252076
46676,5.908009089309966
46682,2.920606532651974
46687,3.9946303409643718
46690,5.89971936856518
46691,1.708495249921734
46698,4.7377148150067985
46703,4.962408089733792
46717,4.672602088845014
46720,5.7529709172959995
46728,1.7300494204851011
46740,1.1893292862138116
46743,5.659765846851645
46752,0.8625002029784379
46754,2.085879302896
46756,3.7746821428110713
46760,3.4031982384578017
46763,8.471064623809191
46764,6.928394021952373
46768,8.638680956621245
46771,3.8419136578082513
46783,4.685421753450011
46787,1.1040104455911006
46789,6.084607394923141
46798,10.691650865754863
46801,1.6583279053052289
46803,2.6913199953016473
46811,6.152548911642312
46818,5.233490209520339
46822,1.69209132301435
46824,3.7967486691999084
46831,3.7847406784503432
46837,1.7051314940625915
46840,1.6756122307690609
46846,6.133959496618052
46853,8.653830713076866
46863,7.517986602836395
46870,1.1184790980440789
46871,6.524436547497261
46884,4.271210291820254
46888,6.07652202307897
46890,5.791617273982055
46903,1.0657772355164292
46911,3.6097183870253784
46914,6.816961053989666
46924,3.0741434397157947
46930,1.0874712499447274
46932,3.123046859526325
46941,2.7154030862632226
46956,6.674081365390802
46959,1.6614182980851209
46965,2.4598824782776956
46968,5.856982961659678
46969,1.1422133345003558
46972,6.604269604752757
46973,9.362908222329061
46997,4.098912230306777
47008,2.8200541421062004
47012,5.65598295935228
47020,6.160983044573314
47029,2.430192426114823
47033,2.1288673224427472
47034,1.1329111482845988
47037,1.7386055163151495
47039,1.095710837674443
47042,6.0484844451489765
47045,3.090011308574091
47047,3.0143629286334095
47049,1.704295119537686
47050,6.171394638906721
47055,2.6485306116522596
47057,6.876101388475869
47062,7.580094335610957
47068,3.3845401755742266
47072,7.975568075901033
47074,1.0668677541353437
47082,5.871509785932533
47090,2.7277925725424126
47092,6.118172469846802
47100,6.53580438988411
47103,4.352123979799683
47110,4.012864380121644
47118,4.704346117842886
47130,7.443517021880719
47131,4.100399022750509
47133,2.110023725485214
47138,6.747906399150336
47146,3.7773934998239844
47148,6.15538261699133
47154,2.9993419599210664
47161,5.89979093563378
47165,4.060621241814947
47175,5.802984013912812
47177,2.7579670000451415
47179,2.671657720768769
47185,4.037537542329505
47186,4.638930912895951
47205,4.00983786482439
47210,4.6688180479092765
47211,3.069299557268492
47218,5.651079334654229
47219,3.380554139408991
47224,1.0903574453746385
47229,1.0536283952976047
47244,0.8437063438158838
47251,3.139779792715742
47254,2.9065082692284525
47257,5.0759402895376375
47258,4.058266284551219
47265,1.8884056144972559
47273,4.088615410720849
47285,2.1442053146437767
47288,1.1320291042835273
47290,5.741138064377592
47307,1.0848213911641156
47310,1.067394192953539
47313,3.7769661116772926
47314,4.201744535125065
47317,3.1248137565767378
47320,6.158475675208374
47321,4.729226974812438
47325,3.1178860267823127
47328,6.119861167721847
47338,7.026453105549837
47340,6.044221852005691
47352,4.130148142473922
47364,2.6214121669692583
47365,5.081116786473673
47373,0.895128216006281
47374,1.9741880679492834
47380,1.706465307910984
47382,1.9541693910197266
47384,3.0580437777695524
47390,4.501736018586933
47391,1.7440204125045962
47399,5.844852757507892
47403,4.134321840858632
47409,7.23402456197298
47410,7.847239972228339
47419,3.963855047640596
47420,1.2451949746904414
47422,5.849953907145926
47425,5.882067971915874
47431,5.999750981625542
47436,5.443200963635606
47449,3.7021407151139534
47450,3.241089454812623
47456,1.7107970190885702
47458,2.6640499000007125
47466,6.951861710840679
47470,7.155781226820268
47482,1.7120758130825826
47487,4.477799469633794
47502,4.074764481633759
47512,4.656956089263674
47513,6.004010882081907
47514,8.839528070290527
47515,4.099771923100099
47516,1.0849786284759095
47524,1.2357125575810137
47535,1.7618445061558266
47539,1.9048984625489447
47542,8.740153220536268
47544,5.06559036660649
47548,1.7414773928088625
47551,1.0907687303789744
47554,3.7354066591591697
47557,7.147104314954808
47562,2.578116351814359
47571,2.7110441571869415
47577,8.18243096135362
47578,3.655889622787956
47579,2.7202153937739384
47581,1.8550169839237989
47582,6.671526341793358
47597,4.7886752731810915
47598,4.926834240293467
47606,3.70225406393825
47607,8.781625811072711
47613,5.9386870126328235
47627,4.932819036024466
47629,4.709690158118132
47639,1.0669222495409736
47652,3.084516125353255
47657,4.362573889198107
47658,3.8643335192014967
47661,5.109869156495447
47667,2.727360422735652
47670,2.698584558156356
47673,3.073705551780881
47674,4.120248473435342
47676,3.614881275810691
47681,3.155959550392211
47686,4.936988923276656
47688,4.93242597888398
47691,6.064028047960997
47696,5.5691678717435025
47702,1.9524580864889471
47742,4.0290941376023115
47744,4.048806037326411
47745,3.6801182019533285
47746,3.5846089745935186
47747,5.673610543082191
47748,1.6445114899596565
47749,7.831245747554876
47752,2.0582110345103293
47755,8.074632051508575
47758,0.9374365803202789
47765,3.204646521500458
47766,4.125481874859877
47768,4.779091006646417
47770,3.5727034575623935
47772,4.06397475583336
47780,3.879455001871291
47781,1.086884717016674
47789,3.5874574765937894
47792,3.1793381212926057
47794,1.7178295172373348
47806,1.1845490375098127
47809,6.9545313052914794
47812,6.646726341587151
47814,2.109943650271034
47830,2.9670989758627515
47831,3.6599097556738167
47834,0.917377463546452
47835,5.843125482132485
47836,0.9555615253544363
47837,7.730796163904618
47850,4.151941623477707
47860,2.102750724301517
47883,2.6948394045318125
47887,3.51013840534775
47888,1.087996531510906
47889,2.6132185572671913
47891,2.7586568784793557
47894,1.8906934594870064
47895,1.1157748443522721
47899,1.1535251058091278
47900,2.789080622726878
47904,3.726314048013543
47911,2.883378624988998
47926,1.0819736999960763
47955,2.5359293756447583
47961,1.054239315098684
47970,1.709056500316223
47974,1.1600652614673495
47978,5.9437041351316635
47982,1.0823852464195438
47983,1.7516848550751218
47991,3.8578915581616666
47993,1.7586093545388581
48005,2.9105014211104896
48006,6.675370133895672
48007,3.590910280289598
48010,1.1151811319982374
48011,1.3846065543909298
48016,5.575562884498345
48020,7.1883604442050935
48026,3.8052199694296873
48034,6.469886125471657
48036,9.429729592738362
48038,2.712606737227281
48042,1.0386738438743048
48044,8.028667422982696
48050,4.013010218331177
48054,4.025564187088334
48060,3.7744094349008472
48061,3.6987233708168334
48067,4.02541858428404
48073,1.0945170152226216
48074,1.6779488482581395
48082,5.039104576080847
48083,2.734197409308724
48084,4.810296829850677
48085,3.759396820693338
48092,1.7074145170795072
48114,5.443979263903412
48116,9.369549904199523
48118,1.077146138536512
48133,6.83474030322107
48135,4.568153155313722
48136,1.0573814870115852
48140,5.904797861732082
48144,3.845110372297977
48147,2.611892046256413
48155,1.6926560838872553
48162,4.3669749674475
48164,9.914705261219147
48180,4.77646298580231
48184,4.678262603625142
48185,9.061605475983633
48202,5.623845717109313
48219,1.0973300815070335
48222,4.684161961259717
48223,4.872472678496944
48224,4.123622344915547
48226,6.15149710739864
48233,5.809756076425199
48234,8.131483168648323
48236,0.9157205058742441
48243,4.856231990850986
48249,6.422267599310922
48250,7.955874523267454
48253,2.6832946682570986
48256,1.031132830419343
48258,7.089921024862935
48267,1.0653487763002354
48273,5.093741416765382
48274,1.6429699176950856
48282,3.9496027066354524
48286,6.1600836572714055
48287,6.976696478908968
48290,4.249067105978749
48291,1.7099802928216428
48295,7.337521303165903
48299,1.7430143682220955
48306,5.769412369142177
48307,2.8841123444594903
48311,4.2423874122074015
48315,5.210646024602965
48322,5.560313927042475
48340,4.697881460376658
48345,4.029386291712197
48348,6.078548173196337
48350,3.0678806719603795
48352,2.096104573703311
48356,2.0650255456768356
48357,1.1114318610891254
48360,6.880955664348317
48362,3.3560938201513566
48367,0.8975358005776659
48372,5.481787341087991
48374,2.6852007608239115
48380,2.1550699511846054
48381,1.8022951842183024
48386,6.46547578724701
48393,5.600452422832328
48396,6.994683075729474
48401,3.134711954367751
48403,1.0527727301555823
48407,2.8909042178666047
48414,1.8331874863081459
48421,1.1948893526331674
48427,6.075427628819693
48434,0.9060736808554166
48445,5.683541622439088
48448,2.5923882953551827
48453,7.378523584892726
48456,6.769259177033696
48457,2.9275044373938846
48458,7.716698332026853
48470,3.7703300505789823
48472,4.652752194867444
48489,4.60286962819974
48495,0.8756379485804211
48496,7.502456054198012
48503,6.772025342504294
48509,1.8194207390190709
48517,1.129224501498551
48521,3.460149191334278
48523,3.906533819055524
48524,7.531956538149716
48530,5.694924465878943
48531,7.912143744912436
48532,1.144451688654867
48535,6.50076630839844
48542,5.50051445507588
48543,5.244386694513798
48556,6.769797438084437
48562,1.0876113707606145
48564,4.4503687983033355
48565,8.038081392142182
48573,3.1412221575316024
48575,4.017042259408659
48582,7.643934731350018
48583,9.336027966868706
48586,1.2316084954331434
48587,4.981953923751625
48599,0.8851047120877791
48606,2.1553701972133856
48614,1.2103960128776818
48622,5.092879971995552
48628,5.811411588282505
48629,3.8537357091310627
48632,1.661612850925012
48633,5.537661360645577
48643,1.6651014147124852
48653,2.759872149057095
48655,3.8141373083693186
48661,3.7275175747924503
48664,11.671016010037945
48674,5.7875500998984135
48682,4.008850055907503
48684,1.0508958894698432
48685,1.111510149000834
48686,1.0487173287300218
48689,5.836352037051696
48693,3.985124749673836
48699,3.5868213378648215
48705,2.745917693979277
48707,5.047773911616399
48714,1.5705197106435391
48722,6.3162014689687895
48726,4.861720876172095
48727,2.568199622627831
48730,7.112112581869956
48732,6.045712033696173
48737,2.5624444972596097
48740,1.8850683842027425
48745,5.080714764354157
48751,5.08390384762766
48752,4.109671246539656
48754,2.58042261820795
48756,2.2342304084176927
48757,2.5741840083082876
48766,7.117214930190747
48771,6.054405530796481
48784,5.773984509067771
48787,0.9252326656924534
48790,6.365310013329468
48793,6.068390793350861
48800,7.604198204506211
48807,4.033928060578228
48810,6.7566395897120515
48812,1.0975820129784668
48815,1.7701246950650549
48818,9.938536158103606
48820,2.117585660443413
48822,3.5852334009906985
48834,3.8756313109223752
48843,3.8749439379132244
48851,1.8048105969765809
48864,7.591756988420929
48878,1.7380200162625337
48889,3.1147573800724877
48893,5.77067624057346
48897,1.5364423138454413
48903,3.609198175629153
48917,3.5808337181240297
48922,6.6369335327608265
48932,5.356354796580215
48943,6.00986820568991
48950,0.9232733490000915
48951,3.776450235716976
48956,7.185858076722825
48964,6.75763681361697
48975,2.763597370743872
48977,7.106379732030593
48980,4.754185698290417
48983,0.8880668999385803
48985,1.112213825833182
48986,7.406729655377283
48991,6.545967349680556
48997,6.8860896028116425
49000,7.418112692838604
49001,4.900232997708318
49004,0.8815778104002572
49010,1.7048574206696587
49011,2.818057685486407
49015,4.856938903079763
49016,4.6289989244108485
49018,8.659877030894421
49039,4.5571693682178065
49040,4.54787517324976
49043,3.788015152701091
49053,4.817650159695914
49060,3.6609147815483256
49063,5.091371533040187
49067,1.086205499087649
49069,4.8165905632349535
49080,7.05619064837957
49086,5.086916209212095
49087,1.7257189421928705
49092,1.0424704205884674
49093,7.924228149404618
49098,4.033486827608608
49101,0.8498553136555129
49102,2.679489717342524
49107,1.8473193347799635
49111,3.6609692090110233
49117,5.905742064337962
49121,6.963347077309505
49124,0.9057527980014255
49126,0.8892456108898323
49128,2.5460254822990196
49129,1.7022217255990753
49135,8.504934862922976
49136,2.7017143726556494
49143,4.912547288769776
49144,1.6634167192452574
49148,3.0707763431170005
49151,2.6782237531671416
49155,1.077077462669226
49158,0.9143970193767221
49159,2.8947871765414983
49169,3.8802916700499313
49172,1.347609015461055
49179,7.664499506756577
49180,5.520519394526877
49189,4.377576154263024
49190,1.9260894772353696
49195,5.150730393766316
49197,2.609783208597853
49205,3.8697859968204016
49207,4.7337441416271036
49215,1.10609279949239
49221,4.252171551027446
49223,1.952078742233128
49229,4.648166104712812
49238,1.1483696787283675
49239,9.773471556060422
49246,1.7349493810165026
49247,1.9480407096646104
49251,1.257945513662131
49252,1.8613980389201759
49264,3.6891784859190992
49265,3.072330478756967
49269,2.1110911334651767
49275,5.104758342057506
49277,2.523787057477649
49280,0.9086176718669505
49282,3.9325116964147764
49294,9.478719655537002
49301,1.0608188668455725
49303,0.9026197299549632
49309,6.327805789109994
49311,3.802388474284741
49313,5.836857999156139
49318,6.712520464699022
49319,4.695986274080579
49322,2.8838299356775052
49327,3.9844894929576844
49333,5.311857226796359
49336,4.182123311656551
49337,4.2428009169474326
49338,1.6369845484236696
49340,0.9079083251268902
49359,1.6874159733342484
49361,1.6954370864619053
49364,2.688814628149075
49366,1.1628040260088222
49367,6.893977601374983
49371,2.715921802795555
49374,1.9496535582900405
49376,3.202941906327621
49377,0.9050823905109566
49387,1.8790687906463837
49388,2.9664744526422147
49394,2.627759111278432
49397,7.074290252863808
49398,0.8629511818080835
49399,6.0498946107212035
49401,1.0913072043166454
49405,0.8799951747272354
49407,3.6867032591177473
49413,1.6676616977914192
49416,6.002836544113185
49424,4.659277347615694
49434,6.664616104371692
49442,3.655351276223667
49447,7.22386872814706
49455,2.698206929399812
49470,3.509879805984966
49473,1.649076427533342
49474,5.876962427035366
49477,4.04443791188989
49485,3.7922330186267166
49489,6.148113873492534
49493,4.660548659712155
49505,6.368039181715094
49510,2.8402280331648853
49515,8.111803231614942
49517,7.758658887475034
49528,4.065590070069735
49545,8.509384228057115
49546,3.6490871473005524
49547,6.031943339766932
49554,5.925247269000328
49557,0.902450583196515
49559,3.380837173990077
49560,3.0859055551258883
49566,3.9982555472522607
49577,3.9442017241142033
49583,2.8849709203396987
49599,1.0891742867135235
49607,7.707914103707839
49608,0.8988626489249625
49615,6.981541414548687
49624,5.425091406961915
49628,6.927193803620149
49630,2.719716835432347
49632,0.910865456019621
49634,1.738559503512478
49635,1.0939703296549657
49639,5.046862482504233
49640,4.0486955734762375
49643,2.667955960880331
49645,2.670324943747393
49648,8.763745977161525
49650,6.638267486502304
49667,0.871082187009768
49671,3.7594410944308927
49672,2.7439812116246296
49675,4.788354002000029
49684,3.7861033192738125
49691,2.7955054097871024
49697,4.760703354620514
49699,1.0616117189764362
49700,0.915691588224381
49701,1.208636313578305
49702,2.0488895491693864
49704,3.634690865597409
49705,3.0918171315085594
49716,2.163122238021164
49721,5.890478981215834
49722,1.6603497293322058
49730,4.522378473359392
49734,2.7424280112033137
49735,1.659202864571978
49741,7.129428256970378
49742,4.0461004905125515
49744,7.118247253954866
49747,1.489872338542202
49751,1.6559425907883338
49752,6.102940805346458
49753,4.875504292816202
49771,4.868760306068639
49783,5.213203883126883
49785,1.8750010330982967
49790,5.71425682387146
49794,7.058701744656462
49797,3.111924477694852
49800,4.1849641235029855
49808,1.9436445544709247
49811,6.285462190993021
49812,7.72074089155039
49813,1.7623202567642036
49820,1.9224480881820476
49822,0.9158193546825983
49825,2.768522452752648
49840,4.009446417413718
49847,5.986144329791811
49863,5.069570299497135
49876,1.1133529729229856
49881,1.4594748146775531
49882,5.057922113304858
49886,2.959410679171633
49890,1.9145743827871513
49896,1.7285162453622864
49897,5.700277348395699
49905,5.659640022471388
49908,0.8893383250670852
49909,3.739201642603639
49913,2.1936633771406573
49914,8.048225050115036
49920,1.9469971320052069
49924,5.0276484352425275
49933,4.3854518149675
49934,5.714298744191764
49935,1.717262656491029
49941,4.65594763515937
49943,4.092870135048245
49945,1.680625042287141
49951,1.1174905558757011
49961,8.094750150672652
49962,1.677990864381774
49974,3.399157963234669
49978,2.8654523117529584
49989,0.9017818321531754
49994,1.7259369547674122
49999,2.8022586644230603
50001,0.8950826408561858
50012,1.0943363273208293
50014,6.745154314480663
50027,5.857008227686026
50029,1.6260496075171007
50041,3.7902734490075423
50044,4.848238455090954
50051,1.199538923867498
50058,1.6994416951161138
50059,1.470420287295798
50069,5.744492507183617
50071,10.222419950402514
50075,2.749572056195012
50080,4.074540593488666
50082,1.1174002923511348
50084,2.897751257952673
50086,3.590249989191081
50095,2.035064668012706
50096,1.7053870218709641
50102,5.42196314590701
50113,3.710511502607385
50119,3.158302784229013
50121,5.581225872987681
50123,1.6583142875229018
50138,3.6982732119050605
50139,7.846749717080342
50140,7.836545481916556
50143,4.421887566933522
50146,4.772002105014797
50148,3.885126444877167
50157,4.079782201041569
50160,4.491127039509382
50170,6.123013103308335
50173,6.348436615307296
50183,7.951421133542301
50184,5.541815386663448
50189,1.1019952651648923
50193,1.6950628736449116
50199,0.9066568954541454
50203,2.7637463043928916
50207,4.075045007466306
50209,3.1817884729838832
50211,7.174727964401631
50215,4.24902715836303
50223,3.094879570617408
50233,6.948630979242648
50238,4.958020127699467
50247,6.172749194738648
50259,3.1487524799298474
50276,1.1389488949185118
50280,3.7588417921315633
50281,8.142576479984257
50291,2.0809335556479454
50293,1.689288050398018
50295,3.8934773660293125
50296,1.193319831350942
50300,5.817439805745854
50307,4.896520383128423
50321,4.400725105675591
50338,8.378331471788593
50340,4.083483414848168
50344,4.68266742218884
50346,4.128553473527708
50349,1.118364736759375
50354,1.1208526603312943
50359,3.6874325997564967
50363,2.7576805420764483
50384,0.9399054714813193
50385,1.806956547844325
50390,2.0985368811400136
50392,3.7245488455011477
50393,5.759939568190074
50401,6.9639476203538635
50402,0.9226840209178695
50409,5.15684840388663
50412,7.062565220961615
50419,3.716061653071314
50425,6.717284713231935
50429,0.8969429772373516
50431,4.0400504731420925
50434,5.85469764611476
50436,6.074518367184795
50443,1.6893185116462952
50450,3.542022788607668
50451,8.850855993153512
50454,5.457417302883114
50457,1.9503641880069869
50465,3.297249409014508
50467,0.8873872471593609
50473,1.1089751340590346
50475,2.8846102334860033
50481,1.0993569161467245
50489,1.1150753992099296
50494,1.7506238015916127
50498,9.14701576921966
50499,3.165658818999655
50504,2.689587708501528
50516,8.697056346427177
50520,4.951780870801637
50534,2.7225479634915852
50536,1.0079136265220723
50537,3.7559988664845974
50540,0.9219045996449187
50544,0.9879104627337307
50548,6.448274261815321
50551,1.9934410366520523
50556,0.953003041121653
50561,4.609882199711679
50562,1.1000681935351206
50564,4.691688806230612
50570,1.7945050007955414
50571,0.9285329207491899
50578,2.12809619465396
50583,0.8920156223051241
50589,2.7431065472032117
50592,3.923152933042773
50600,1.8994272812447335
50607,1.09728735000451
50611,10.67731306912518
50614,1.671967967804497
50616,1.7176864618373693
50624,1.1879359632046866
50628,1.1023474273580822
50632,7.936896647766246
50644,4.644139590084642
50649,1.6433601415526544
50652,2.199460596458153
50655,1.745815606985028
50656,1.6879569921792332
50657,0.8588710872234353
50672,0.8987580056195776
50675,7.472664936047172
50682,8.891219622276573
50686,3.6098550936786196
50687,3.782839145292628
50689,4.282531240927508
50691,2.7751302859374882
50694,2.7076583928493196
50698,5.685143227161616
50705,1.0931610664888263
50713,5.262815234308192
50723,4.919840261166027
50729,2.154885304866304
50732,0.9024852653606787
50739,4.776825982755414
50743,7.995715171779068
50755,1.803960053429373
50761,1.7923862982477603
50769,5.609857499659081
50780,5.09048199806273
50782,3.513933030151255
50800,1.9363072823570895
50802,6.07080060257592
50810,6.76741333554911
50812,1.8892203616575194
50814,1.060493258315331
50821,4.675049115517188
50833,1.1308152974914552
50838,7.644784858334294
50853,2.8249540271605653
50859,5.920932026709715
50861,7.095243438111192
50872,5.689041132908479
50875,2.080271108213782
50883,3.059815001723498
50891,6.723929114156196
50895,2.903152841062666
50898,3.668690168590769
50900,6.695313755910949
50908,1.7550782762669108
50910,3.5744916448445636
50911,3.125925776417122
50912,3.6023141192398542
50915,7.026678752111329
50923,6.750410026951594
50927,2.792469654981172
50930,2.974532981962873
50939,2.575926373996959
50941,0.9152602104860375
50948,4.32006393995151
50949,4.474800487812689
50953,2.7607387284426865
50956,3.872983542475424
50964,1.7716085255625567
50966,6.92866247821421
50968,4.365489530945016
50973,3.979186039595365
50974,4.920493234167313
50985,8.367905658344238
50987,3.056551473559044
50992,3.7571267524145013
50993,10.342993929971936
50995,2.6572830043965734
51012,6.963632318238455
51013,0.9214298142032562
51014,12.938266723250683
51016,3.4959976471719445
51018,6.1093608680141624
51022,5.081973267826521
51036,1.9254515227442819
51040,1.203236750038569
51041,5.6357013023635645
51042,1.025084177802253
51043,1.272998155024235
51047,1.8371390134172936
51049,4.1240869172143295
51051,4.900012287785277
51053,5.812467630237455
51056,8.230675925291361
51066,7.800694456361924
51068,4.59269413289737
51070,1.777485476039506
51071,1.6770776654921513
51073,9.76400879927099
51074,4.2497846543103215
51077,4.695506806155427
51081,4.096228774754305
51084,3.6309365909680573
51103,2.825337212050872
51109,0.8996634719915519
51111,2.1441465831359032
51131,1.0888525752495384
51135,1.8249770381444743
51141,4.204359996864221
51142,7.797829597812017
51148,5.072165170662386
51151,8.431986022936078
51154,1.1211660518357558
51157,5.057285481779324
51167,5.14319985022498
51177,1.622023120358607
51178,2.689808771860513
51179,7.905618242501982
51183,3.744348376813544
51198,1.7213572357101974
51202,2.691225076909536
51206,1.7374689353189634
51208,1.1276366672162852
51209,4.049825819211475
51215,5.594808344549641
51216,4.073595212925432
51218,3.945248705907873
51228,1.7218597051348632
51229,3.58529296872298
51231,1.0983365921808854
51232,1.104717295518939
51234,0.8721725605036688
51237,7.735074428744588
51256,7.652790473988747
51264,2.111320570871557
51271,4.5305778996931165
51276,1.1035621412314858
51278,1.2677014946196437
51287,2.425302592024628
51290,2.466545848440169
51298,7.7403870183088985
51301,3.373918099588444
51310,1.2869843889675114
51313,1.8224161519962894
51314,4.935734936284852
51318,1.7473584080588718
51320,3.130711728137877
51327,8.335981932346536
51332,6.578683110062045
51337,7.153211609472782
51340,1.075707689806975
51342,2.9754270661079962
51355,8.43845768716708
51356,2.0612536316634458
51364,1.4634022844262384
51365,2.1468117752535525
51366,9.858806084291672
51372,2.88095662320688
51377,4.892372930084602
51385,4.798759269806324
51390,1.0504858344246712
51396,4.655114070049824
51398,7.6598573376562955
51399,5.551599601183114
51402,3.1172875484769578
51405,2.794742534867278
51406,7.741515621331802
51407,4.486844985602926
51411,7.464437872110416
51416,5.90263120005328
51423,8.5547867603272
51431,2.6644695503408546
51434,5.8882987153854485
51435,1.7024323820417089
51444,7.534749317181965
51445,1.4883827775444418
51446,3.918154814310663
51454,2.8211961408285435
51462,7.7901930697765405
51464,5.568624884083205
51465,5.031438111318817
51473,3.955573730944595
51475,5.207934367810147
51477,4.6802134847387045
51480,3.113961037128837
51497,1.113868152969871
51499,3.7757706846692796
51505,0.8925470072421611
51513,0.8918881439809305
51514,2.980318202006372
51519,4.394682845136593
51526,4.785635266411692
51528,5.097360843190624
51530,6.19221106270471
51531,3.932774952459543
51532,0.9198501840212558
51533,4.395412736430729
51536,2.8133374980831256
51543,1.6770127992185428
51546,1.0671627460299664
51547,3.634375065260185
51552,1.694750421753199
51553,3.256884480318882
51555,3.7047919410754506
51559,5.787148971117906
51560,4.065431841643329
51563,2.8821003101895997
51566,5.634306384131021
51572,1.0487686039323774
51573,2.599350764819035
51576,0.8723125524759041
51577,5.161658296000288
51587,1.7007709917744993
51598,6.029047348048788
51601,8.724330516808653
51602,4.1269780413839365
51605,1.1863549719590254
51608,1.1868500584201231
51609,2.587892314380219
51613,1.6977569297841795
51615,0.911951297784952
51618,3.7947023701175038
51625,8.815867335665075
51628,1.1516616515093507
51630,1.8199992980308566
51631,8.63242908189172
51632,1.1516438184592923
51646,2.6033178839932867
51649,2.6922549127670017
51657,2.7561859384944154
51658,2.5084605433140688
51661,3.6240908553492135
51662,4.7776303582006685
51665,1.6482653998848091
51667,0.9061400373888358
51670,4.110650054323305
51674,3.1929027122736233
51676,8.442846103629762
51687,1.6927704182084868
51689,8.72238387562051
51691,3.035833506827446
51695,1.6998483907526905
51702,4.058580536002447
51708,5.836759535194681
51709,5.088857412776378
51728,1.8562026870831176
51730,2.07213457690363
51736,6.868794628454961
51741,5.161274174502828
51742,3.9693536512751963
51745,3.798667919415153
51747,6.708165907720247
51751,4.098401512643625
51754,3.9237513122655625
51759,4.895343860877143
51761,3.0400272139495077
51763,6.739703530204917
51766,0.9265801913150762
51767,5.109707659588601
51768,1.0872469380669996
51777,1.752101363339165
51780,5.376783672722112
51785,5.8407834556641
51794,7.660493380277833
51796,4.8526949978651475
51797,1.6914317766731726
51801,3.7664819718347804
51804,1.6862487556005212
51807,5.599448668207352
51808,6.877556471821375
51810,5.577919790901503
51814,3.154250471042647
51819,1.085163964272915
51822,3.6195509155549312
51825,3.7737938627449723
51831,2.637778347170541
51840,5.816135778441694
51842,6.7662122712549495
51843,3.8584154121609044
51844,2.8812698794250577
51847,5.4770697349104625
51849,4.638842131875617
51850,5.162352822181099
51852,2.30061838624858
51868,4.868670662311071
51872,8.742761653355021
51879,4.031397885532922
51886,5.898802536921381
51887,3.7426339340514954
51888,6.889475810204978
51901,8.849288943467826
51909,1.1608239255383364
51913,3.7622414847086665
51914,1.1325384523494724
51928,3.9004904808847867
51950,2.676653882957064
51951,4.095179912163437
51958,3.5961967113462068
51962,6.917666861395368
51974,3.170876457535342
51976,1.0811789975391815
51977,2.98563850656421
51980,1.074680981514272
51982,2.527156118136734
51983,4.673294623572968
51988,5.094393548977401
51990,9.448991616023072
51992,3.8414991315714104
52001,6.710690052621825
52002,6.309189346012686
52006,6.930324494521978
52016,3.810743024667757
52023,3.7006083279042623
52027,6.976167925527846
52030,5.083748147255632
52032,4.624672066777368
52040,0.8918132542512982
52048,6.03116719552706
52051,2.670551591600657
52052,4.834589780145271
52055,3.3024625368873743
52063,4.2754737597753945
52065,7.982078670026274
52066,4.89029537896143
52070,2.8685547617173386
52071,6.885908570418538
52072,3.8805630349063938
52086,5.05832703911408
52095,2.5923702856657775
52097,4.876252178424335
52099,5.079151145961788
52103,1.0757762940655047
52104,1.0758910660092793
52105,1.7599791034468009
52106,7.45596226727843
52115,1.2561613433429768
52116,9.538098527230392
52117,3.824003032274229
52121,3.7743737559895543
52142,1.1290002059453714
52151,9.674951242654302
52153,1.0667561297840882
52163,5.06580534663205
52168,7.891143261665477
52175,4.506815627440399
52185,5.882622478235388
52187,1.252345192572708
52193,6.795528339216552
52206,4.294358207077872
52221,4.555683044197498
52225,3.5108202093053205
52240,5.485257735570542
52241,3.8754941218621615
52243,5.134611867067379
52245,1.7350686522617527
52252,7.69308610638091
52253,3.8347234139102753
52257,6.163143833599223
52275,4.790375014205024
52284,1.371460496171172
52286,4.028874701767172
52289,0.8785740967486757
52291,6.963728789897777
52295,2.8291195913113096
52296,8.630851516473367
52298,3.6385463011887036
52301,2.605363327145838
52309,3.7015345814430245
52310,1.1212285827298083
52311,3.812785277513865
52315,3.2002590027143683
52317,0.8839220061531883
52335,1.0901530821328258
52342,1.0834768907936407
52345,5.81928439023179
52348,3.8382826767220113
52350,2.995870635235243
52353,5.618425304104016
52355,3.9984093901958713
52367,2.9994335043124067
52392,3.5992857325563627
52395,6.708273697964492
52400,5.116302568207429
52408,1.1751212189167646
52410,4.094832568048405
52412,5.031576034096849
52419,8.617166961624974
52424,6.070658955444786
52425,5.94785968914416
52428,3.6190806450522865
52442,1.4942025244336108
52456,2.127096802029321
52466,2.0576600756736045
52468,1.1413502644752445
52473,5.607336795803164
52486,4.906301425518231
52495,4.834114699354823
52498,2.8187824941778015
52502,1.90332992163854
52504,1.0540319361617927
52507,4.709908155225946
52508,5.77199660569601
52511,4.682090422038663
52512,8.699706758415783
52513,3.0509043943344967
52516,3.090003082581002
52517,7.854265351092872
52518,3.1115089404650793
52519,4.557860594547677
52524,5.26776041800944
52526,3.3152573904865124
52534,0.8755686318685187
52536,6.710616309961603
52537,4.122403781017399
52538,4.6882544001166515
52545,4.8215353265654235
52550,0.8834228548161862
52551,10.128009900540338
52552,6.725611876784942
52557,4.103038364701847
52577,2.7179440700446715
52581,1.1280323045564784
52583,3.8258272501628943
52584,1.203875271007687
52585,5.673891433210777
52586,5.815628117162076
52593,1.7075283450734071
52603,3.287008481641777
52606,2.1312616336348795
52621,1.7203026643097648
52623,6.455810182960223
52624,4.05148629406245
52630,2.6800658526904995
52633,2.3315261256967474
52642,7.064232193608438
52645,4.363626024109336
52656,5.367054366327997
52663,4.210829369311025
52664,7.189722229626867
52669,1.876948420492329
52672,4.265957435628769
52673,5.7063412957815665
52678,1.9097497047698822
52683,6.54689591664415
52693,5.865410530946014
52699,2.7780857737342135
52711,4.807120886844827
52751,1.6793307331659015
52752,5.73431379997918
52753,2.1307452703002774
52754,5.495337922308841
52756,4.867127979427479
52758,6.360160888213976
52759,2.1522182105403944
52760,6.678836997443928
52775,2.084710351669666
52778,7.772634246891681
52782,2.638503898638428
52788,0.9020930866033825
52799,5.608779393359043
52802,5.178846600268484
52803,6.0905160154581335
52809,0.942577601055798
52821,6.6219983692552855
52823,7.838731811478954
52825,2.678646186179722
52827,1.475486804059476
52831,6.722947310070105
52833,1.1044150863639484
52835,4.0617831671352285
52837,5.8184120065186224
52848,1.7354845399569094
52850,3.8725526231500114
52854,1.6941079817786195
52856,3.6405575827377894
52860,3.8519419295375608
52865,6.647500033543958
52866,1.7334181478612876
52872,4.54414713207192
52876,0.9418046217588141
52885,4.969861250406494
52889,3.7451765101110523
52891,7.733215923023356
52906,2.1172265898216276
52913,3.7656252877059253
52917,5.787765565661342
52918,2.6035891183318185
52925,4.880258573659341
52928,8.72635085134473
52930,0.8970472828554121
52932,2.7913746205738796
52936,3.102882983865838
52939,5.42687516623606
52941,1.6614415135183118
52944,1.704044420016273
52946,7.151342223975776
52963,8.309663734849497
52967,5.12853138469063
52974,1.2236270337991946
52980,0.9028002419704677
52987,5.059145026942563
52988,3.256287588123132
52991,0.8990791569529328
52995,3.763681471850993
52996,3.560671910152708
53022,4.616673892758649
53034,0.908573593355694
53046,5.542033874210898
53047,1.1700909366550856
53050,5.986393910089806
53058,3.0914542053554435
53064,7.7388352383667165
53066,6.652296917130695
53067,2.6151928574385055
53071,1.6990737412411705
53080,5.791830391828372
53096,4.745975525503874
53101,0.8927714913041038
53112,6.1533301158543106
53114,6.40122473345717
53118,2.7164508028192085
53121,1.1370916936531978
53122,5.677514552341127
53128,4.659552142580099
53130,8.599620631594103
53136,6.6368120047018575
53140,3.7875857708830973
53144,4.617118431687719
53148,5.562393459414517
53154,6.6865329012080945
53155,3.8555599253360087
53161,4.064487326010738
53169,5.580169143372534
53173,3.8931038263921383
53179,1.056139702014522
53182,2.648719349894675
53184,8.533742232011623
53197,2.6178140971434036
53199,0.9552304996528647
53204,2.582647080920686
53209,1.6401549158228699
53210,2.133029694250254
53212,4.11620133456277
53214,1.084861342855322
53216,1.3223576333474765
53228,1.7968382442804716
53232,5.701288949797516
53234,3.7038306413285227
53238,3.6753953935195973
53243,4.005393662362098
53244,6.889112727850153
53247,3.039602045934369
53249,2.7259590721942386
53256,3.1587678299869686
53264,2.8670965713045558
53268,1.073578884758196
53274,2.7206655853634834
53281,6.654915456297683
53285,6.186695442550217
53287,3.6631725728932922
53292,0.9094448735470722
53300,5.549147830773903
53302,2.865337904579878
53303,4.798080368174942
53314,0.9178586110264346
53317,3.0678950408750536
53318,2.1135202252161767
53321,0.9017072928135876
53322,2.60674371946459
53334,1.0303344486472987
53336,6.8081820913640465
53342,2.8305970869365744
53344,5.490050630698372
53345,7.1659604179020375
53349,2.5061366930632234
53350,3.957013726454585
53353,1.4286628435247848
53361,3.610048347511082
53366,1.0623692437399725
53368,2.8734118855426516
53373,5.750800847807864
53380,2.8408335686756327
53381,3.2634545802887267
53384,6.156577375427789
53391,2.1238765456787334
53399,3.3330242383782633
53403,6.791420927280113
53407,0.8812295893947208
53408,0.8635120327669292
53411,9.186541764477973
53417,1.1866931211262854
53420,3.8711700192124483
53423,3.8923067418748754
53430,2.6907819792351932
53431,5.5444703809634674
53434,4.723135290145924
53436,2.094465345689194
53448,1.9476133929184223
53458,0.9089709909718113
53459,3.998684378675647
53461,4.006626790325984
53463,3.1097239227968565
53473,2.1602900060391015
53485,2.650111144847841
53487,4.685173092195463
53493,0.8724886711878574
53495,4.60591479982281
53496,0.8865136103247799
53501,6.066716767210222
53519,1.6506961603655617
53529,3.9971328150666388
53533,4.630766559111344
53534,2.094622303592608
53535,0.8555435131103484
53536,1.0498972707601664
53539,3.3791833645417166
53547,1.2117774936224692
53548,4.035018441771269
53549,2.7786987679898116
53551,2.8193574640011745
53572,3.1296541683352963
53582,3.271640754920318
53588,4.922137122293715
53590,2.764311509624692
53592,5.070264265919067
53599,0.9352362711523114
53602,2.5684238485320168
53611,2.8449366990228295
53616,6.209231700288478
53624,3.2545363007080863
53625,5.97721887377527
53629,4.691269638452453
53632,6.676321707282202
53644,0.9199604720592882
53647,1.0786526400748544
53654,8.705492374069769
53659,1.0954375565778856
53660,3.4642228658630922
53661,0.9018908604518616
53667,2.080786020726694
53669,5.042736699956494
53676,2.897208207319192
53681,1.102384250202224
53687,4.078442399861752
53688,4.1506408273065185
53690,1.1208120726152329
53693,9.319354505920968
53694,4.461876686203585
53697,4.906394990130537
53714,2.6163100094768046
53719,6.909746905700326
53720,2.4269467835907905
53726,1.9351401281475256
53732,3.7376767118826972
53735,1.8879648414002768
53737,7.082027997827643
53740,6.836387551543493
53752,5.630760724374389
53758,3.759379244249014
53759,2.137926624554023
53765,1.8343018386273693
53770,0.9002664316061488
53786,6.007126924815996
53793,0.8663361100094757
53797,0.9622408259306687
53800,2.794272756557969
53803,1.443511715006149
53807,7.745360839161945
53813,5.9227136771056035
53820,3.735704742967549
53822,1.1731394779024051
53837,2.0926073574311896
53839,2.7589325447655937
53840,3.737345012695969
53845,1.079508273161395
53849,4.603201723817276
53856,7.0582278489220975
53866,4.915860270480128
53881,4.0666824770494845
53884,3.4323279495338683
53892,4.715449421237531
53898,3.333187765995764
53903,3.75775182837477
53911,4.68490610019316
53914,7.749130614282574
53917,2.686297523736326
53933,9.930896211824072
53934,5.567363434265348
53935,1.6937915463123612
53938,2.7781769628970068
53941,1.7818843091199592
53943,1.693265327101693
53947,1.6385337546530852
53963,6.725893234348175
53969,2.1396030410597158
53974,6.066019898339176
53976,3.7092225533204863
53984,4.59230344341907
53991,1.9751472244793478
53995,3.6139262103534526
53997,1.0564863607977104
54000,4.987038484749673
54002,4.076548017548387
54009,5.03447802804493
54012,3.263691770585055
54015,6.052423468257678
54016,1.7717334548929524
54021,1.4875888497177399
54029,3.296433156606676
54030,1.7165752899529698
54033,3.974681340049162
54038,5.437657139188725
54041,3.868008064321193
54042,8.717853171383759
54043,0.8936942920899065
54059,1.0983701311017215
54062,3.887415618085155
54071,4.3050388076172155
54072,4.497664809317904
54073,9.246469129616738
54077,4.702479381926825
54088,2.6475733222130753
54092,4.3364952523404305
54096,1.0652466063540027
54099,1.0738322291360913
54100,8.013908042713098
54102,6.769419143171718
54114,9.609667677588083
54119,5.302423202462179
54121,3.025055025922103
54123,1.699925071140572
54139,6.626442962948694
54141,0.9173903865247763
54145,4.32274850427475
54148,3.391953765896548
54149,6.589143715698709
54157,6.645470796049249
54159,5.535256830038161
54170,1.6415832746803538
54174,5.925229050177295
54178,4.389213684777228
54181,3.6540527037309083
54188,1.7616678499628495
54196,0.8668989084703824
54200,2.2840042055236633
54218,2.7639532694430846
54225,6.5893320502813
54229,2.6037165301822447
54230,1.7952519587272393
54234,8.096720780531214
54237,2.752000983837888
54241,2.2356223753102924
54242,5.300709680505241
54244,8.23677384525125
54246,2.073969314349144
54267,0.9006687670300151
54276,2.135378706979117
54278,7.0935452558427725
54282,1.171047245185933
54284,6.021664610096012
54285,6.518018705937212
54287,7.8170281379947895
54288,4.851037312411213
54292,4.808659857535998
54296,2.716260973137139
54299,2.595952156583375
54301,4.052361374273735
54303,1.7397476353543762
54305,7.657031685955093
54314,7.719667675606528
54319,3.8346702214685062
54322,7.751022741882268
54326,4.500885106444663
54330,1.0492839165662922
54334,1.0585363761058848
54336,5.104336113683177
54347,8.095533817803698
54352,2.901248814489376
54358,6.040954262071642
54362,2.1895773249533974
54366,4.764220057396804
54371,6.066170194711204
54372,5.528685408208282
54375,1.6729842173363245
54394,2.683146860796186
54403,5.458159591865958
54406,5.053553003932572
54409,1.7667611425224305
54410,6.651648090924716
54421,1.596139805114853
54422,3.8192013547249406
54424,6.7892774491584404
54428,2.675575980118521
54435,1.0824762911791939
54441,4.051982963699932
54449,2.5787223772510925
54450,5.634029872256476
54455,4.656912788297903
54458,5.071993766149609
54470,2.6374831993933308
54471,1.099364559412984
54472,1.0717511834744324
54475,4.497810464501248
54476,4.060183609742247
54480,10.731059313720294
54483,10.658438394588218
54496,1.0858383688191746
54500,3.0712263110082216
54509,1.868606270860497
54510,7.8784142205151815
54513,6.841101207080606
54520,4.667063310564764
54523,2.7741669056382827
54528,2.6759194010204546
54529,5.789294118109787
54533,1.7091860878944196
54546,3.7492194453492727
54550,0.9078864770657304
54558,7.392092992211677
54559,2.6576642911713693
54572,5.784876392631644
54573,2.930908108890967
54578,2.3927037101333455
54595,4.509861244968097
54596,1.7593311467315669
54605,1.1547274852333334
54614,5.69668791827939
54615,0.9048007245921332
54627,1.7249483436696487
54637,2.0103058233506887
54642,3.062865868261556
54643,3.1143634118580326
54649,2.814584649862883
54650,1.111879546179177
54651,2.879859800195475
54659,4.421110269196052
54660,2.9478445325464753
54662,3.18937043509585
54666,2.1610097970283357
54669,2.930128513645327
54671,1.0219727407635504
54673,6.685042659624063
54679,4.914083490521361
54683,1.0959859488411365
54691,8.092810048484885
54693,7.168555091525619
54698,6.112606368905113
54720,1.7331256232086263
54730,2.9858676855630017
54733,4.0349102118861255
54740,4.451687452519826
54746,0.8918955039881578
54748,3.254440788514741
54752,6.721239641835378
54754,6.68785051475846
54756,6.079565441945563
54775,1.0558726340817977
54777,6.22279201537688
54778,6.085185244871179
54784,3.526093102442822
54785,4.245741445486029
54786,7.765879436491037
54787,3.686067980119066
54793,1.1098647397708055
54797,2.7956306172754055
54799,0.8884698814176346
54806,2.099614733872873
54807,7.718301811875154
54814,3.1979793672961594
54820,1.1406781922910674
54824,5.08669792147254
54832,4.698395784382584
54846,2.655967833062662
54851,1.9247715911216607
54852,1.7164304632801497
54855,5.630966644890958
54859,0.8707373927884339
54867,4.637258490038754
54886,3.0756544694122576
54889,2.841311622491764
54892,5.7946054905647095
54898,4.929894601518325
54901,7.717999864562755
54908,0.8660408899476018
54916,2.0634209459180064
54918,4.787129907846129
54923,1.6996546742855214
54924,4.64367151338434
54927,2.576504867392605
54933,1.941405980349658
54934,1.1328997927361932
54949,3.2531064715759967
54952,4.710170038346781
54954,4.849908310460832
54961,3.0279304885660983
54966,3.770846984570644
54967,5.383911237388372
54969,8.75467037774445
54970,5.686210507371767
54975,3.5449834064867347
54976,4.719673705039904
54986,4.189338204269704
54990,9.020890678272249
55001,5.632866247509589
55003,1.9129812723298834
55011,5.812341546829537
55016,8.664851403921208
55017,6.738952004922527
55019,5.513467449205548
55022,5.994884415577726
55027,2.848771689359941
55032,5.529448906590614
55033,1.0638606842953582
55040,3.7040772676192644
55047,3.8912937980545674
55049,3.4619980581595664
55054,2.112048473539351
55056,4.4582816629556685
55064,3.791396466533602
55066,3.5542393225622724
55074,4.696073787408272
55084,1.9296271357204726
55088,1.16331837653025
55091,3.057903215956251
55094,1.1118356350482768
55098,2.6349007160381888
55102,0.9286992736050736
55108,6.332201850021498
55109,1.1096098970294812
55111,5.123507932075467
55114,2.928489060356113
55116,0.8767900018769414
55118,1.1561756632755453
55125,5.72418644855528
55128,9.757498959364757
55132,7.771039759472218
55134,2.5656897446018982
55135,5.413977212331721
55137,6.921676335223895
55141,1.9118585090627938
55142,4.6607961506836935
55153,6.4586057751856965
55154,5.8645979958470935
55157,2.6185280928606205
55159,4.996693477915951
55160,6.973279279434006
55179,3.0322693463409767
55183,3.667205072780265
55195,2.683002797846762
55202,4.113584661270751
55208,1.104248374268272
55209,8.044379162273934
55210,7.169678747802064
55213,6.807207203759789
55219,3.600429137790341
55221,3.153802294852441
55224,2.652241677810432
55229,0.9680662738920751
55241,1.1282028664512458
55242,6.115518409362465
55246,3.8928777892107806
55248,1.8120145190566763
55249,2.2321558264485355
55257,1.2052494483940448
55265,3.8348956293195875
55267,5.923389138214061
55270,2.7360841393398587
55273,7.09441988179716
55275,1.7857076487552819
55281,5.077422892586953
55282,6.078754654291997
55285,5.274226865754017
55289,1.1133606836317638
55295,6.136835063021499
55296,1.693527123741025
55299,1.0741317488805686
55300,5.404812131720289
55302,2.141715009518662
55309,3.9733626068056616
55318,4.4168024425312735
55321,1.8675937958706887
55323,4.080578978436274
55329,5.895147024286015
55330,1.099609598019363
55334,4.9339848049477215
55347,1.0970359879395812
55348,2.9460046388593293
55352,3.7200118711867223
55353,4.973082320298294
55364,4.951240489884279
55372,5.9327995755362934
55376,1.5981096710571592
55384,4.112159842904627
55390,0.8569461992591747
55394,1.683008049311375
55395,3.8560963060860582
55396,3.8801120041846935
55415,0.896694473625141
55443,3.0444698575479157
55445,7.710417867865726
55448,2.801917241774847
55452,3.651735195407558
55456,3.726642102461229
55460,2.948391689290962
55465,1.0773269840146438
55466,7.016701289568216
55472,0.8846307877287853
55475,8.954561825029941
55480,1.0926687700854707
55483,1.190130688174297
55497,3.614031003258462
55498,4.0409271384950385
55504,1.7530372788747157
55505,1.6131246722918005
55509,5.128973199256244
55521,2.3688085732246824
55530,4.094830682249041
55538,4.963994783939575
55549,1.6902729248520663
55555,1.7805893845753422
55557,4.047576776459627
55558,5.162900909608851
55561,3.246137774747731
55576,6.63778108996986
55578,0.8745252913124375
55591,4.396370151186313
55595,0.8806294050116072
55601,7.655548553709385
55602,4.113156091592681
55605,1.7176817548143877
55609,1.074834425591551
55610,2.677077162166295
55617,0.9042188331888585
55620,1.1630482890101126
55622,2.701138048410866
55623,6.904858973908006
55625,2.5925819252849314
55629,6.440201703271898
55634,1.6685204776076397
55642,1.0625436205234462
55644,1.7003365634346532
55647,4.3741268179344255
55648,1.0989735204477142
55657,2.4155189522707534
55661,6.067852304537137
55662,1.6574299971124353
55664,2.5373690780437075
55668,6.576865633943905
55672,1.1374813578418204
55679,3.67190321803656
55686,3.120010934002366
55692,3.0505998567904338
55697,3.3717808267008635
55699,2.598475616927833
55715,2.7263393225987924
55724,2.9969459474206226
55729,3.0247689928272816
55731,1.7198944821456976
55735,1.104997767987097
55744,3.8792314126160723
55747,2.102762165896384
55758,7.699969874588656
55760,4.425737534495542
55768,1.7789510878893462
55771,4.603187009249984
55773,5.631423225039094
55791,1.9343640853310662
55792,3.2133423158951047
55796,5.500420245144621
55800,2.9678202801553244
55803,1.0807528716308732
55805,1.6257482210860976
55817,3.383261595320406
55818,1.011622363308312
55820,5.4960218159115115
55826,5.631794366484982
55845,2.690757227859971
55866,4.756875206105695
55868,5.792615873835764
55872,3.7356250142660703
55876,6.665529118651881
55879,4.385841625815495
55883,1.196121894005751
55885,4.551170140125934
55888,4.070923158267374
55890,7.2131034289899825
55896,8.657681767077865
55898,6.080571439183557
55899,0.913039328946105
55900,9.741423734079714
55904,7.831993783948011
55909,2.475801044241825
55913,3.7303432230960913
55916,10.091709956331648
55917,3.7876929876137906
55927,8.042755771331478
55935,3.7622328001843806
55938,1.769196421698466
55939,3.6142348192129345
55942,2.670838893950392
55947,3.8667128051689232
55950,2.079569461321883
55953,5.0588182518946105
55954,5.625369735253068
55961,3.68895838138027
55963,4.166565014373477
55964,8.178410165260232
55972,5.565431909618603
55977,2.8789279876158504
55988,1.0784502210594331
55989,2.805439798860185
55993,1.0849690877647298
55998,5.626042937007922
56005,1.0896614803812859
56009,11.533397102204916
56010,0.8698239216411738
56015,9.275734050894641
56024,4.552998709422142
56026,6.839791804385765
56036,0.9089434364851336
56037,1.7004113652432302
56038,1.1019493547014658
56048,0.8612731030332665
56055,3.907031385192144
56064,0.8924890830813772
56066,7.075905939107788
56075,3.5665926015802474
56078,4.210699039403865
56083,6.703642148642216
56088,3.4906456259242913
56096,1.6831864959551823
56100,3.3976334746957173
56102,6.722104846469993
56107,4.72869127374616
56112,1.724208637409165
56116,3.1381370535582493
56124,5.963171748941185
56125,1.1708700421482097
56130,5.764818126411598
56133,6.348832071693412
56146,0.8971283506468173
56147,2.6895680737648924
56151,1.073890523907305
56153,4.597532534308158
56165,2.9094097905290144
56167,4.9420813764948175
56168,2.5856480019123467
56175,5.22600377931512
56176,2.206433012696409
56178,2.102082415622599
56180,1.9396793552994924
56181,4.637437943465295
56184,4.100697882648843
56188,5.879854667459169
56189,9.758406068900406
56190,4.887584460331889
56196,4.039258810682992
56198,5.577503674418076
56202,3.0725611541727753
56215,1.0843906715027094
56222,1.1993442686130273
56223,2.909660485323842
56229,4.0261868783309795
56230,3.5816804812014187
56231,5.1813981910951865
56239,7.086107611387746
56241,6.095517388411686
56242,2.772118490698577
56243,5.6866974917941855
56244,6.649663308177976
56249,5.756114870855525
56259,0.9087867869835944
56270,1.117378429639412
56271,5.088577939593504
56277,0.8915560877397488
56282,1.165409891377506
56283,4.684165924431802
56289,5.644839177950029
56301,8.501359993309396
56307,6.013796138825565
56321,2.950433936672443
56324,1.6856879744423257
56325,4.6372243120360235
56327,3.6569150186249217
56337,1.1087614047543264
56339,2.8830971452566496
56345,6.60437608521127
56346,1.0899790667545615
56352,5.040301376498479
56356,6.746653976614121
56363,1.9100287317273037
56368,1.6969481843716716
56371,2.9891335953331586
56380,5.7644939218357
56382,5.256596934915429
56398,4.936377383100377
56404,3.8876705914799183
56406,1.701827758611203
56426,6.273094492179115
56439,1.6940229731499516
56443,2.5827058504221414
56444,3.5520916414605264
56464,7.129164592951977
56470,6.9916849492112885
56474,3.124009389394887
56476,2.1348489595951383
56486,1.9062482926431135
56494,3.8591435207814646
56496,5.622873975395205
56506,3.79848249464588
56511,4.021495080681906
56515,3.7493202382353163
56516,6.787597033215772
56521,2.6151672028960595
56527,3.80517452701325
56540,4.587434903027145
56548,3.8827624735447412
56553,5.680939325892968
56555,6.5733532032045705
56561,1.10735109464331
56577,1.143047111362959
56584,6.847838827391216
56588,5.877599283476197
56591,1.283704869595145
56593,2.1443409048709126
56595,5.721258653611409
56597,9.5809976725874
56616,2.1925451849422823
56621,2.778129614942004
56622,1.082598340256713
56623,2.117824114151942
56633,5.255208891340166
56637,6.601575874866905
56638,6.649074473510009
56641,3.4898881549726406
56647,5.715138671493984
56653,1.0570397865565573
56654,1.7286448828582341
56662,3.8208084433377634
56663,8.934839293025822
56669,4.6706564111142
56670,5.31130600042114
56672,3.259522860452141
56673,3.9603601637985872
56674,9.730829763391927
56680,5.910389158526522
56689,1.6265637343845634
56690,1.7595106094822022
56692,3.8510700196510625
56694,4.892064608735542
56702,2.7905875330230354
56704,1.7122333287251252
56728,6.010002914404076
56736,7.032852276182043
56740,1.6720901248726623
56744,9.679204203630306
56755,3.790149441740685
56764,1.0737789599074596
56766,0.8883068628336162
56774,6.254910943205554
56775,6.676012871982138
56781,6.103896980941506
56785,3.8649879147834403
56786,7.126695694698925
56793,0.8969815253967104
56796,3.726310501774377
56800,6.050300628402402
56811,1.090548838601337
56815,1.8174275700500995
56817,6.132509450601215
56820,1.0390909092022622
56826,0.8722329398614215
56833,4.676211099849632
56840,3.6744158709351877
56855,2.663629911142597
56856,0.9090266220758307
56858,4.748912338805037
56864,1.6872728441414462
56866,3.0786825945802865
56871,1.1100641038253491
56872,2.5910251740256656
56873,6.779499354133809
56875,4.195486554272708
56876,0.9020277653263258
56877,7.405848370091393
56880,1.0768745829732835
56887,3.5119428487310214
56889,5.037664548063672
56893,4.132023782373864
56894,5.851147833689892
56897,3.5742756669456575
56901,8.082270536614692
56906,3.5739349168263765
56909,10.132445816474593
56912,7.589665616902849
56923,2.5897015144620683
56929,3.7221518461479266
56932,2.864014530244555
56935,7.054082159302357
56941,6.93363001551165
56942,3.850346838360145
56949,7.104935967076294
56953,2.7965361615177593
56954,4.607635860729856
56957,4.073724307920114
56959,1.0608169066718012
56964,2.666212200395746
56966,1.8277922713688852
56974,4.0338896898454895
56980,3.7702167747407347
56985,7.196933377787635
56995,1.7213869519426193
56996,6.920284735133587
56997,3.9950720174274053
57010,1.0621537224298851
57012,3.8059874336097423
57016,5.034609953573652
57023,6.638843149443254
57028,4.901555270859613
57029,7.184986203240948
57035,3.7147709137348484
57036,3.9192481589083594
57055,3.1050473935860166
57066,1.113067534689617
57071,1.8998144641465
57072,6.115084167182882
57086,3.5975824924124176
57087,3.1345981981195323
57090,1.7081817164308952
57094,1.8544467275725909
57099,5.026022916670561
57103,1.757715152401532
57105,0.8891414023992081
57107,9.392188889461334
57123,5.723465330735816
57129,0.8892678129497535
57130,3.810205566166181
57135,3.0899919435591165
57141,0.9167087614924068
57153,1.1269071084426585
57155,1.1981922690748257
57156,7.614066486395663
57167,10.307104497481447
57179,4.371071963168161
57180,3.9899316435408028
57189,3.7036557678820374
57192,2.8345442756162287
57194,3.2076024341817257
57198,5.589405119949065
57203,5.740251413351979
57211,7.190222801225966
57216,6.940021823688706
57217,2.7284608378555295
57227,2.6417937527877786
57229,2.1052486629221545
57231,3.902205121333247
57233,4.875949800816695
57237,2.653708828253225
57242,4.670292337953886
57252,8.483022922627148
57258,1.049646510739183
57260,2.982200939496189
57263,4.316178386166541
57268,5.1559639271296716
57273,5.667883906273278
57275,1.8838650522559792
57276,1.7769092426036197
57282,1.068106987355102
57285,2.5029325028637106
57286,3.7331747803033397
57293,5.687606017090236
57297,1.2400596935410775
57303,4.032999123750121
57311,4.192518217255261
57315,0.8605498678289147
57321,6.029579815628148
57322,3.8071986473307047
57323,2.19818057073178
57324,3.6691893208609154
57326,1.109872790141266
57330,4.883272636219615
57331,7.11699174815354
57347,3.9951110738093796
57349,5.087326297199763
57351,4.609862752612219
57354,6.985690900000927
57360,0.9093759425650112
57367,7.721270010321656
57387,4.620981216994344
57392,7.0250861759361865
57397,5.783283451851987
57398,2.797340863922584
57402,1.1886903926912034
57410,5.759834258352045
57425,7.0613392508140755
57428,2.699407718825028
57431,2.961876493155693
57432,8.670023195398569
57433,7.136803711582031
57454,5.668884972447522
57459,1.0793025844469368
57468,5.910062960166254
57475,6.3838116307429384
57497,5.418751047533982
57500,4.050623354311655
57501,1.1103352616349889
57516,4.774076947468945
57518,1.789538867424889
57519,5.012678546495818
57521,6.763489325996632
57522,4.727107046018678
57525,2.830061391765577
57532,3.061094126711753
57533,3.7328476003128634
57537,8.07936706701621
57538,1.1631862395019108
57539,5.07528591282774
57562,1.128613588851075
57567,0.8926232993110803
57573,5.931645716872942
57583,2.1145656483869946
57588,2.6439491496452034
57595,6.6808804411538345
57607,1.1253753401543412
57611,4.79095836718377
57614,4.887188251025318
57619,10.715932815873357
57624,1.928691615092204
57627,2.047369571612208
57640,6.578848781729803
57646,7.165932381639399
57647,1.7262223429491335
57657,2.835596017027203
57662,4.612731616092577
57680,3.7174080116641806
57684,1.5355436032983079
57694,2.8578753487424646
57696,4.016387465158756
57697,3.111308184061071
57698,1.7289058504706492
57705,3.033932819755259
57706,4.557522208655968
57712,1.6996704500431972
57716,4.6653150266823324
57719,3.946468977464817
57739,5.8123686233199
57740,4.10578131225313
57741,1.7664035586340838
57746,3.7994730540529478
57747,0.8832695130668919
57758,5.624573694534435
57764,1.667168242551341
57781,5.906219780094034
57786,1.0289196329637753
57793,7.8916459014904765
57796,10.520092449506576
57798,1.9342990970609892
57803,0.9043228738012701
57808,4.460474083076087
57811,2.0277981082951078
57819,4.437882890833201
57820,2.0959767716791102
57825,1.7703562887848037
57826,1.6660992560910297
57840,1.6746744557642264
57846,3.807077278787856
57853,7.7494371566958735
57861,1.1217726701180175
57862,6.319455214080264
57863,10.494461677981857
57871,2.1196525400244774
57876,3.893864521200283
57880,0.8711717854123338
57904,4.086935147129807
57906,0.8704433757834558
57916,6.159740480773733
57918,4.056304670702967
57933,1.3982246776169833
57943,0.876440191239158
57945,3.1076024913184614
57949,3.9685370771078703
57956,6.625190112677014
57964,6.890608233984969
57968,6.785660360846638
57971,2.8454565730217496
57973,2.181364212246952
57974,1.132481237048593
57976,0.9141296812443334
57987,4.6315779893860975
58002,5.728118976603862
58003,7.625607773673706
58012,4.1541722861595956
58014,1.7227547646222443
58015,1.1596708083996257
58022,3.6913629429845365
58025,0.917434871691237
58028,1.1597043925592887
58038,1.69249019934123
58039,0.9105308812866393
58043,1.1418980277327786
58046,8.685022560125752
58055,4.584135847856606
58058,7.6446421896688435
58059,4.868217374117965
58066,4.6485428421446375
58067,6.648340379903344
58071,1.6643171276883382
58073,1.8268574956165202
58078,4.683648375782385
58080,1.8280586265160825
58083,7.67954957594112
58086,4.893841383460023
58089,4.263757136555045
58091,4.14058124650059
58092,4.70982259614875
58097,3.0131510921109195
58106,4.039128358008792
58107,8.858033142727315
58108,4.042911212556884
58117,2.99934726628088
58123,3.749465836592883
58127,0.9155181092048683
58131,4.552637138887662
58135,7.676981612891505
58137,2.1222367812755767
58149,4.881000457718639
58156,1.7387907676227878
58163,2.7630043494665872
58174,2.8713586511028772
58175,5.218642746853916
58177,2.712566314843302
58179,7.812470880367785
58182,3.7785445556583643
58185,2.0770728076154903
58187,2.9739316936587414
58188,4.77865502366026
58189,4.836459811039887
58194,3.8381565904630492
58198,2.8910670499109465
58201,5.655241574060376
58204,1.9511156740759126
58208,8.704315705833436
58211,10.344489123079772
58219,2.7525452938282844
58222,3.7464387458631263
58224,4.202560699562171
58230,5.804029184645943
58233,3.1631068309094874
58236,7.759569666571896
58244,4.560980598699637
58248,2.587839424523059
58253,2.7040979494869104
58258,5.018613165152937
58259,5.76730197684247
58261,3.692131544008248
58272,1.0754169314055848
58274,7.107591762398512
58277,5.8437228659788465
58280,5.5157015230930995
58281,2.6496648245724623
58286,1.6781575258510641
58294,5.91093610668529
58295,3.5999573862482546
58298,3.8681052482036855
58301,1.305796530994015
58307,4.851656885238916
58311,1.0996472061045708
58317,1.8524291457913593
58319,1.8180846774056119
58320,2.6564844222945725
58331,7.694799377736096
58341,0.8993998715843858
58343,6.485655158156538
58351,5.177492772409423
58368,1.7626949223983885
58369,1.6063059067399852
58380,2.6772640670500234
58387,3.6742132369570655
58396,5.861601940865773
58408,2.766886902899749
58411,3.7326684216252106
58413,0.8300265642227465
58419,2.1490618182097956
58423,3.709719815769865
58432,6.706878268845852
58438,3.561728700699675
58443,5.152392206080405
58452,5.883311627275162
58458,3.965840612997031
58461,7.874223271569976
58463,2.958538690853551
58464,1.371318597002145
58474,1.1656690133472085
58477,4.034394900316804
58480,4.009471181487427
58481,1.44032897915796
58482,0.9287761738490317
58484,6.832034870993189
58485,1.8069235063184288
58490,1.691492446762537
58493,3.5702953866619653
58505,1.4051476852325817
58519,1.0655186540990553
58521,3.0875487455305626
58529,3.1239194418803278
58532,1.479323878341352
58539,2.7240570009623286
58544,5.81224327669673
58549,5.885837963762491
58550,1.8352990321297726
58558,2.91199257746053
58561,1.7435433166004355
58563,3.14979606501715
58564,5.706427479700106
58567,0.8986258821673734
58568,1.674822070899459
58576,1.1094218886955196
58583,3.8625655988906433
58586,8.16645449289803
58589,3.0335403826205694
58591,6.706880440518173
58593,2.772696276414603
58594,5.877579543154983
58608,3.640334225454792
58616,6.105633191515838
58617,4.526974879370872
58618,1.1800972975630089
58620,7.717605613016254
58623,3.861299097701374
58624,2.6198442729326015
58625,7.548008437000665
58626,7.479987799752614
58628,5.063150553719327
58638,6.255814790934128
58642,6.665853569627233
58648,7.0166441112594224
58655,2.066615313228091
58661,3.8797623101042014
58663,4.689622896205451
58664,1.7340241262759521
58665,4.256091084425597
58666,6.439088084244362
58673,3.7445929198282997
58681,5.743439678129251
58695,0.8857473762592232
58702,5.1112758336763555
58712,4.740573688858236
58731,6.907507687383866
58739,3.9275734905233004
58740,3.528359133977412
58741,4.6784016979328635
58742,6.389798025891821
58749,7.924437815586071
58760,6.080707859704708
58768,0.8905592790655383
58772,2.7115768222913434
58773,12.68109853638629
58776,6.636035781888689
58781,1.0799871606287685
58783,8.692669393716518
58785,6.871928425720026
58787,2.1307765076078367
58804,7.974959286515364
58805,5.5895990259403465
58811,8.044535700361209
58815,1.7119931367075512
58818,2.509922968065977
58820,3.6168291648294826
58824,1.0681700320897534
58825,1.082873891103414
58827,5.458402115566888
58834,1.0580966351101435
58837,1.5281940732309125
58839,4.708160113858888
58851,4.870759493518687
58857,4.105721083691697
58858,4.040309262708056
58864,7.695546018960219
58870,6.609184721363929
58878,3.5940945009060563
58880,6.107557073929238
58886,5.916580408735468
58896,3.6332426870441745
58903,1.919733581542499
58907,3.0206993641478737
58916,8.828245464053715
58917,1.6606404732450488
58927,3.614172145811464
58931,2.717247550936896
58932,3.1401260439718377
58952,3.7757572940205013
58960,6.659595213243348
58962,5.068856412270445
58974,6.088830535663126
58977,4.046635100694303
58985,1.2602178151777923
58989,3.8609448406960576
58992,6.689308188314356
58993,1.8186525496200003
58994,2.86646710162319
58998,3.6090024072092524
59000,0.8692649778796229
59001,3.0437053052705614
59007,5.14405168033044
59010,8.603718306242897
59015,1.8430351369120852
59019,1.6836539252964307
59027,3.6213786501729146
59029,2.6269049798788338
59032,3.069544619882539
59036,7.15115979353115
59054,2.623930191436333
59060,1.7752072108896257
59064,0.9045245156155515
59070,7.533463109177304
59074,1.089742468553089
59075,1.6682541493312004
59078,9.501758594071076
59101,2.7490040683891612
59103,1.9825635380945439
59105,1.717039176569262
59108,6.425965928782263
59113,5.557684010518905
59119,9.466668573049917
59121,13.641920446973339
59122,8.317801123495443
59123,2.1447432898170247
59126,4.665763216868234
59128,3.222103423980712
59129,7.709086743086764
59130,5.588716268652723
59142,1.1318312829594022
59144,2.7499920760867154
59148,1.199933679787585
59152,2.6496228456798265
59154,2.6063334484169216
59157,2.5797455587007123
59162,0.8866700120662889
59166,5.05685594554108
59169,2.718939905369514
59172,2.3365637352010324
59173,2.9143218532692536
59176,1.922590465754281
59183,1.7564988899773706
59190,4.642110481395375
59194,3.5720913307864666
59195,6.66335235483675
59196,3.812589923444623
59209,3.833955124080279
59222,7.197219480472434
59225,2.933350956956816
59227,2.615815296096998
59230,4.426127738510234
59231,5.598312125765854
59241,6.753410888301709
59255,4.078432028158607
59256,1.1118392197940858
59259,2.2032041002931093
59267,3.286200562203448
59271,1.944642036783041
59272,3.58666452120865
59274,3.6779698687256954
59275,14.116218323192625
59282,1.6790474195532097
59283,8.116543679306833
59289,3.759431242843005
59300,4.70655598698416
59303,8.109614923321471
59314,1.9181400689011063
59315,1.7140768629627212
59322,5.48924988936766
59324,3.877524271979186
59337,3.8862838378040907
59343,2.143067032394006
59345,7.286921122313573
59347,0.9041971428179725
59349,2.6118888393280737
59357,4.615104605933268
59366,8.943355512856805
59368,3.327333000235491
59387,4.996869845057667
59391,4.014183666238983
59395,1.0730227783377404
59397,6.807964520294487
59399,2.697952254900767
59402,1.1280955747068022
59411,5.470919074840109
59412,3.9448949020430812
59413,6.9729869871188885
59414,3.379306872376331
59416,4.716117205834868
59423,4.687465102064596
59427,2.882782185755965
59432,5.952708436077416
59436,4.031988248650156
59440,5.788774482521124
59442,1.9092685059922605
59463,3.7979300135299296
59464,6.867248263289969
59467,6.669236776174934
59471,4.056518212524296
59480,5.749970506760658
59484,2.0255374655228113
59492,4.2579478531110935
59499,1.6762095315357706
59503,0.9032465971355998
59506,7.5769186183443935
59519,6.567361564563109
59522,0.8877640910638673
59528,1.6518964444714848
59529,4.769505978615101
59531,5.5264143538786685
59543,0.9429958068501576
59544,3.8110851135443853
59546,4.526645895178571
59562,3.114455331064454
59563,1.7053143185107564
59570,4.085365395334296
59576,1.1313843547221554
59580,3.871999708129712
59585,1.6537760073807535
59586,8.791607440536922
59589,1.1088179881211895
59591,2.7196515700285504
59595,0.9176601711890431
59598,1.0972802012464222
59599,3.5957283778942704
59608,2.726767843779994
59609,5.752011967159241
59614,8.598177050979153
59615,1.7320114629118488
59618,5.7785559810941605
59622,5.932368236588469
59630,5.291585109188858
59633,0.958978545642521
59634,1.6535154581028944
59635,4.719218690138296
59637,1.665025790714925
59642,1.0942853467297673
59644,4.542520974600816
59652,4.553444978342879
59663,6.860019160702836
59664,3.499351089293353
59668,1.9416975108422845
59669,3.1515693334542823
59672,0.8549633309758868
59675,0.939287495011786
59678,5.745049014052032
59681,2.1295073807618445
59693,3.6731102843542613
59700,2.679374052823467
59701,4.070602866781564
59702,2.7349317481215896
59711,1.6670819075182877
59714,1.6829127529524412
59717,6.683428333588617
59721,4.054473339645715
59722,6.617357027684167
59727,8.013443191555734
59730,4.101480797163315
59735,1.3098356052850217
59746,4.605552348018456
59754,6.914965433752938
59768,2.5888695795213015
59771,7.6142225179179635
59775,6.72158464005329
59777,2.7014709744958605
59782,2.5915194658993093
59789,7.742254564153258
59796,3.1586296323282426
59797,2.696657228377233
59800,2.9492753631646726
59807,0.8817824747910059
59817,1.7569055430218348
59821,2.5550946703926725
59849,2.857612335673382
59853,1.7241011359835792
59857,2.614161144016363
59859,2.170097772773954
59860,2.8020957309828476
59865,2.1354637408460944
59869,3.2129064247018198
59877,3.692354851946905
59887,3.869682942893744
59905,3.5706631567194274
59912,3.552006860306848
59914,2.100469567513035
59921,0.9190285085714329
59922,1.7098997345860583
59925,2.3436793473466713
59928,6.1811522784870565
59929,3.5916642787061495
59940,5.889827543816259
59950,4.064422616946224
59966,3.898409969640652
59967,2.097158076585499
59970,4.720376586727237
59979,2.8875080549213026
59981,1.4171188755341992
59990,5.470537491674975
59994,3.370461027860677
59995,1.0928769055911216
60000,2.7723595001448706
60007,2.6920795592974205
60019,6.723659977337502
60021,5.457122731513918
60040,1.7184408147314651
60050,5.1778954454995505
60052,1.744762784101077
60055,1.132296145034113
60058,2.6659285580361587
60064,2.1913096750326817
60066,0.9311833677742332
60072,2.7325278818595966
60074,8.268979994044983
60086,1.1816702059503195
60090,1.1532729973177758
60091,1.6391717027374213
60107,1.9588526220478397
60109,0.8582304780389194
60110,1.250902580958995
60116,6.830189736924121
60122,3.626262157271029
60125,2.2519524475324006
60128,1.7625881916194759
60138,3.885487953741589
60151,5.765060735324717
60159,4.400381108694295
60164,5.753778296931277
60167,4.7835686822937316
60174,3.5890851623176534
60192,3.238097248590706
60196,1.9283089485137728
60200,4.032059913272035
60201,3.9522270025729256
60203,6.8996305214563955
60210,6.137338580538291
60213,10.366947848389223
60220,0.8434223340423985
60222,7.7338096774995115
60228,5.144082900005316
60236,2.981730025346586
60238,2.3450618965044483
60249,4.825548456295595
60251,7.809295320914028
60255,4.689573390701197
60256,4.997562127626362
60259,1.0777767630253954
60260,1.0783519182782362
60262,0.864454497518031
60270,3.6974799902521545
60277,2.8062236224980595
60289,4.855578614822451
60296,1.7783318497671243
60298,5.600814835443238
60304,9.22251443110772
60318,1.1406465676740192
60337,3.705265068856536
60340,6.441343824639427
60343,3.8277622999686503
60344,3.7470350831446515
60349,5.5665558649487075
60366,4.607210057608602
60386,2.976592675672802
60388,6.12233170824911
60390,8.723259498175068
60395,6.774394606930941
60398,6.404627061844237
60407,2.947048903656707
60419,1.7377904262340147
60427,1.0756689931408383
60429,1.924165674179528
60436,3.795597254390272
60438,4.020553558378302
60439,6.263672375422963
60441,4.889790923433868
60445,1.0877081669525266
60457,3.883336625496448
60461,2.6896152270379456
60462,5.512409480138542
60466,3.925793723807906
60468,2.8869252828240652
60478,1.716544810779336
60479,7.0483950514018145
60482,7.143712484263004
60485,0.9122535802545761
60490,5.033627634683004
60492,1.1589394338825496
60493,1.658539390145593
60501,7.040211681299134
60506,5.064436979617858
60520,3.288846200382375
60525,7.676908699662911
60526,4.763780444258168
60536,6.142107109217282
60539,6.705147392041142
60543,4.723137405383866
60544,4.821806737311334
60545,1.6922019736840817
60552,3.1759912179894774
60558,5.179748592028179
60559,4.073951561915052
60564,3.8888912806990996
60565,5.447990250799958
60566,1.1054243677943845
60575,2.6070728592067334
60576,1.141692850044969
60580,5.092422769764468
60581,4.81203335393287
60596,3.8381241135057893
60599,7.732599203742531
60600,7.075702553165929
60601,2.643602003421917
60610,1.775999769190482
60615,4.8300352841535314
60616,2.128749448343345
60619,5.491535508606893
60623,6.73065263483444
60625,1.156390006678436
60631,2.6063877883541684
60637,6.073937763726832
60641,4.781744543427521
60647,4.050828745065781
60665,2.878266021945816
60667,1.799124502181983
60675,5.860976858119306
60676,2.0822867634373177
60687,3.7123594159935585
60688,4.798225116786651
60694,1.712381379381768
60702,0.9068077906960093
60704,5.548198360276515
60710,2.722552242235651
60713,2.7525322614657566
60721,1.9504173022277729
60722,7.2306035613091595
60723,4.2809386121984
60725,5.10901863464939
60733,7.801257914852535
60736,2.6111688570850973
60739,6.733169517638635
60749,1.7171326743510371
60757,5.886814002185352
60759,1.1919962000750863
60765,3.191445092376746
60773,5.763702071035546
60778,1.94336724022958
60790,1.9283195647300082
60791,2.5680021511297326
60792,5.083381970285974
60793,2.6354226675067443
60797,3.885749605110539
60799,2.7128267020022143
60800,1.6806658398586003
60803,3.842105378525965
60806,1.717532888264374
60809,1.6647187997554638
60815,8.10383914381765
60817,5.710657348637515
60822,0.8748947287956939
60823,3.198290275745091
60828,5.7739745824381785
60831,3.149442766682561
60833,0.893257120510806
60846,5.691383968714654
60847,5.382334797069307
60853,6.774769455792107
60857,4.653432905849882
60858,2.164611866928103
60861,3.0749142627427792
60869,2.8041610060772393
60872,5.633655057791489
60876,2.7780059966825092
60880,2.702101284572727
60885,6.0749436825288745
60886,4.7211044804814986
60888,1.1364686074876227
60893,1.0826942995654107
60894,4.115906444346019
60896,7.478942831449005
60900,9.56980184575415
60908,6.883654331453471
60913,7.194619002672103
60914,3.1241021819817747
60915,8.8810579269433
60924,8.526553187843694
60927,2.618930041719909
60934,2.621630110924159
60936,1.0492186004809003
60948,1.0431355471676529
60959,6.149092924347267
60978,5.438350617951636
60983,4.188162320585092
60992,4.76177285006708
60997,3.723341099976168
60999,2.413110555550359
61001,5.986935910760378
61002,3.727569463323861
61012,1.2332650185118452
61014,4.8464476488114645
61017,1.8712220861947038
61025,1.100591800598628
61028,2.09458742225753
61033,4.824993801804159
61039,0.913643333866335
61043,5.525882096578275
61045,1.085162426359442
61048,3.8621304683785214
61054,1.0601132765426748
61058,5.117078717653006
61061,7.780157731481653
61066,1.053633390131672
61082,4.907374269567137
61089,6.7429203037332766
61092,1.7639531836907731
61105,1.8810739451680059
61109,5.640087875357446
61116,4.712161935558218
61123,6.497344700576269
61132,2.9775483102272884
61133,1.6504574644858976
61135,6.9164921868012055
61140,4.5718985865954265
61145,5.996396402894849
61149,9.370803096086068
61150,4.082552083885893
61153,6.95710504432479
61154,4.5528393804158345
61156,3.7694394486084035
61157,7.185393896023243
61159,8.54080784561949
61165,2.1282264231843824
61173,5.165391175756112
61181,1.804784793675489
61190,4.88278116697363
61191,2.1146654954563253
61199,2.7650613530057297
61203,4.083245114166917
61208,6.0470941894654535
61210,2.8033824298691346
61214,7.805578088599339
61225,4.724381624160542
61230,3.634632378887312
61238,5.823371439480219
61244,2.0966854367039067
61254,3.5838883964770494
61258,3.7503887265358125
61268,5.0587070228908315
61278,1.119329598745594
61282,4.839712608828107
61290,3.6587738633008353
61306,5.585721864377234
61310,6.076334890937561
61316,5.192249214923349
61319,2.1274940797007247
61322,1.207688410801984
61323,1.066689648247027
61326,1.8700552156652792
61331,1.1177205276263042
61332,1.7053917923253592
61334,9.409529338128308
61349,0.904260924997506
61351,1.1462548886834787
61353,4.541132493957429
61365,2.8957335431777924
61366,1.1022381001486763
61367,2.7343712805425264
61375,1.9167725145623136
61377,7.1541123211176085
61383,1.0805049022080775
61392,3.0131503522520937
61400,1.7646356518271284
61404,3.8806273751274154
61412,2.9355096478545413
61418,2.5822507845894815
61419,3.7438293044885502
61432,5.766890376917602
61444,1.6948335401761194
61446,1.9469364373065492
61447,1.7190290442506693
61448,1.1303446328826712
61455,6.028464011221985
61457,1.1061121369950615
61472,1.9748765987629255
61474,1.1451756707829954
61475,3.0727357693126693
61479,3.646471042409306
61487,2.9116504275470323
61490,4.638890218327679
61494,1.129073165546429
61504,3.470047016842482
61511,4.690378730724175
61513,0.8859665864491992
61515,1.0620114543889807
61518,1.702078844534514
61520,4.047668964412902
61522,5.062877048639962
61523,1.0812611751330858
61530,5.701411161623214
61534,1.1005525379620753
61539,3.0760087753783423
61542,5.90782508104528
61549,4.760970038374388
61553,1.1304670308156255
61561,1.8485479727696728
61562,7.933162461458926
61573,6.380604839312252
61580,2.8159513850289293
61591,3.0612095823412586
61593,6.620082677768547
61603,1.0857470000180767
61604,5.89590876122879
61609,5.062128415084368
61611,0.9003750955083412
61618,3.928242390807142
61624,4.757642034479115
61629,3.148522603341921
61630,0.8749556961576781
61631,4.060618844463017
61649,5.513646495850031
61654,5.913179787312863
61655,7.942443075845686
61656,1.1264214605293978
61670,1.800696576256661
61671,4.8959335086749105
61673,5.077552268647077
61677,1.8030534575426773
61679,5.959138590733122
61694,2.1100867170043878
61706,5.5207682256568855
61708,5.889366402736789
61713,4.090528830828287
61714,6.585688199981378
61719,3.690292037124679
61722,0.9296905149731036
61738,4.294289857372105
61750,3.319609856860029
61752,7.1837597897240375
61753,3.365800203118594
61755,1.1771024573185302
61765,0.9313103245101124
61766,1.1862422848338383
61775,1.1099748820809663
61778,5.115769322725278
61793,5.6525173815010055
61794,3.6881368920768054
61795,1.2189539742348905
61800,3.773926681308477
61801,1.7721305168813752
61809,3.098040590983101
61810,2.0581410640421454
61814,0.8643876529331584
61823,4.000382276096066
61824,1.6748841601593876
61828,2.2767502513204416
61830,6.585089891494328
61831,7.80193636235908
61832,2.79329135433
61849,1.6616786779477746
61851,3.851459385630614
61852,1.7348729584327813
61854,3.4697007733437606
61856,6.390459117594529
61858,0.8887394132070994
61859,1.1697270434311902
61866,2.8563644965736747
61867,6.769518854688417
61888,3.7396036084018145
61889,5.840231144922022
61891,1.7719144282499153
61895,8.65710882162179
61900,6.0461447936738555
61909,3.8622108615467488
61915,4.713168478940927
61916,8.622855798808029
61917,1.8204478242404174
61926,4.753134462943654
61927,4.79610844818399
61928,1.187730364257873
61929,0.898630750166109
61931,6.088537507683832
61936,3.148055028337734
61946,1.0914628947192027
61948,6.990251376448512
61949,1.7522325499864722
61953,1.105448631561563
61961,4.768715635493832
61963,1.0961296149929423
61972,4.848310106536292
61979,2.4217923217173256
61982,1.6740059731884442
61988,9.023785127288212
62000,1.69706453575247
62005,1.614216039354043
62013,10.06772477979207
62018,7.089970636085344
62037,4.778858038081809
62043,5.681871917544816
62045,1.707157404927662
62051,3.5939106381470407
62060,2.8072964535460905
62064,4.4606951243560875
62068,1.1042475418169304
62069,3.5667453309692214
62070,1.7160719033315153
62071,2.6295143705147246
62075,6.126382823123288
62076,6.925998380170583
62078,3.7369233009117475
62085,1.1282499303463709
62088,2.932950139669509
62093,3.095907654624992
62095,6.116742669127504
62102,5.143172428086704
62114,1.0304878344457258
62116,1.6587610427268626
62120,0.9143653153018176
62132,8.948035073736424
62138,1.819174467270754
62139,0.9049611414983829
62143,3.3677057569846274
62144,5.652684143515048
62157,3.7350349615898097
62158,2.734989902336827
62161,1.1161301911003627
62173,0.9043355454653508
62180,1.8226950119207004
62182,3.8557960703813374
62192,6.6259525325318815
62197,4.120774664503589
62205,2.750005611278616
62207,6.094717051439271
62211,2.6470933845485516
62212,2.1525754278112434
62214,4.822205667464273
62215,0.9245136016542643
62230,3.9507913161790955
62233,6.634722286434974
62235,1.0913794348241157
62242,4.3160673986753295
62245,2.893466530914488
62261,4.396076108816209
62263,2.097093814811035
62265,1.3998793500667732
62271,5.36050592594714
62272,3.9084293174667937
62274,3.6989602906619057
62279,7.92911781492727
62283,5.586618842219565
62287,0.9109224560715421
62289,6.196627142927028
62302,2.783889020297602
62308,4.894466196209662
62309,5.000870353390649
62314,3.416023588482216
62331,4.047435437448788
62336,3.98573314954838
62337,2.731648985491599
62338,5.800491741093814
62342,7.646310859938585
62350,8.495601822147616
62356,2.19135696508821
62363,3.700516715150504
62378,8.862267418943267
62384,3.8817551577631297
62394,1.0697858963394435
62395,1.722869743069964
62409,3.667412728134951
62410,5.604681447913858
62415,7.740811275918672
62418,5.110986414998434
62427,1.6916533480552793
62428,4.54335676579213
62429,1.596167612417482
62432,1.9218903592472234
62442,3.101280361008726
62448,6.281070225309472
62449,6.910725723275878
62455,3.400236298181631
62458,4.05470905444022
62472,5.12578873410861
62473,1.7620576570288136
62474,0.8885761087569959
62477,3.754012492885628
62478,3.982123614079094
62480,6.048387824940508
62482,5.598656083716818
62495,4.771771735395874
62513,5.426224156687522
62519,1.085374853323653
62520,3.6353627154189816
62524,1.941839336075644
62526,0.8925590850048515
62533,3.5306801259083502
62538,2.585006921462928
62540,7.80142075106663
62547,2.636974946733936
62552,3.9934523450905486
62561,7.999340693424691
62571,6.683020023784572
62575,5.316936806494541
62607,9.617489450679987
62608,3.940446500131432
62616,3.067887888598394
62619,0.9265507649179523
62620,4.080189803165831
62629,6.06728144536516
62631,7.340837416769893
62636,8.133398804482153
62637,1.7950624643368691
62640,2.8767886530169022
62641,1.9140104247590277
62646,2.531463285870995
62650,6.042627145435711
62651,5.110645114745427
62655,3.1911994218213
62657,6.988570457825635
62672,4.965081813363415
62678,4.513631374274179
62691,1.0602972839665892
62692,9.513166879083155
62707,1.0833408529569053
62710,8.774648623561378
62712,1.1663869172604748
62715,1.1788752105237568
62716,8.05928020351719
62719,7.0955357839017985
62723,3.5650960580370974
62725,5.226367993853084
62729,1.079939962927634
62738,0.9114079297912774
62753,1.0364046319938045
62756,4.240913029492017
62758,5.816899051172882
62759,4.69232408799475
62767,3.784515292124582
62770,1.1000109118129355
62774,7.191706747339483
62777,9.890794710795435
62789,4.27753843595251
62793,1.90037371884888
62798,3.892064226968896
62799,4.576904341133988
62809,3.874577712101557
62815,5.812870920459208
62817,5.618528786403112
62819,7.957600170812958
62822,5.60186652525683
62825,9.643895643181185
62826,6.011268280553287
62828,10.77324501937704
62831,1.6787148611717084
62837,3.7696882285887945
62849,3.7836570397704197
62856,1.081963093720482
62857,7.551513123226698
62866,5.16554329800666
62873,3.899442667444603
62874,6.600064960138868
62878,5.467342767297909
62880,7.993241828833932
62885,3.549874199201978
62886,2.746672529369155
62893,1.6721632033608373
62904,2.166613696449776
62908,7.7116629574676105
62911,6.327320436047268
62935,7.711653079545318
62936,7.795662312582135
62937,1.6617399224887097
62945,3.1186097348631026
62946,1.085859341519385
62950,3.7488986440676517
62960,1.8751785191142951
62961,5.6694398074441335
62963,3.83304177664061
62969,3.841304843068087
62981,6.079699013545001
62986,2.0628657786436024
62987,5.215552082905273
62988,3.430220731763548
62991,4.753637330951614
62994,3.6114901017790233
63000,2.205598404939219
63010,8.80699809502351
63014,3.9331193183510478
63024,7.705079831615039
63027,7.020828733104494
63035,5.192391076920844
63036,1.7482350316912871
63039,6.683218292844945
63040,1.8582740040839356
63053,2.1596733401521995
63060,2.145289608765334
63062,1.6461799495746297
63081,1.11850140380897
63083,2.132697731857621
63092,3.693715493924471
63093,5.6186132500160895
63095,1.4715030145274026
63100,7.686018191070144
63107,5.7776635166830745
63109,5.41867562576758
63116,5.809837111269985
63122,1.9877717696920634
63125,5.738906765481329
63130,6.8122860624384725
63132,4.2018585073089865
63134,5.896699101113188
63138,7.879507602441409
63148,4.61295821238655
63158,1.7101041707674534
63159,7.581474416979612
63172,2.544819137616088
63175,7.59484808809526
63177,7.754351279385997
63179,1.8321869154979464
63184,4.317583579917904
63186,1.0953259472436372
63187,2.6857205104890713
63189,4.749340814017035
63190,4.178886419036248
63193,1.9527185682368144
63194,6.101148967472522
63195,1.1339945652845693
63197,3.7688369530167876
63211,8.060351803022439
63213,4.160069577519091
63216,3.185930347266671
63223,3.914408067602105
63227,4.031992340367893
63230,6.926664291531698
63237,9.049636237795033
63252,1.23783839714651
63259,5.070795218668227
63264,0.8934077691746545
63265,2.7648493903161304
63274,4.596188403047006
63280,5.049515794513716
63281,2.8043820445537575
63286,9.97325992054451
63287,4.340437802316053
63288,8.814336380502354
63295,5.041499094640521
63299,2.1091302086955985
63307,1.1137829584247525
63315,2.1032865689691396
63325,1.908314344948657
63328,1.784556582398337
63336,5.084196215299916
63341,6.583534441739457
63345,6.711972638759721
63351,1.752606426649931
63361,6.252476249073462
63364,9.66431277160178
63365,0.9695323860013962
63367,0.8946065244541295
63368,6.582800702504176
63369,6.0458117967137674
63371,2.6295770191432166
63375,5.078552696615722
63376,5.202597994724174
63377,2.117057720641322
63384,1.769924001669282
63385,7.0965518004278
63388,6.638411528153589
63394,4.646558421717546
63400,1.6699003729941722
63401,4.926537045463672
63403,4.613458135577549
63411,7.594257351133692
63412,3.0887507159434846
63413,1.712309474332331
63415,6.043109424128825
63416,4.350169101235127
63419,3.755218656347175
63423,6.194479161121477
63435,3.9451090427385442
63440,3.5527744123810074
63443,1.7109078657085752
63457,3.0912869565700043
63461,4.0277884619025315
63463,1.7559214176689677
63467,1.155324288782917
63468,7.758142114052381
63476,7.835068041652657
63479,5.779948258136916
63480,7.6862577975676665
63487,4.325626343950503
63489,5.520042819195008
63491,4.8595042074935915
63500,1.0509271192228278
63503,5.905602370271852
63511,5.50179476296411
63516,4.347128604976064
63517,3.711959152925404
63518,5.69123967730458
63524,9.77948675874267
63532,5.435571301166826
63535,4.020286004457211
63539,6.7434886207974305
63543,1.7865874057749136
63546,1.1159615094443063
63549,2.1236040196446635
63552,6.861184783104554
63554,1.755526899411958
63556,4.545877402904971
63560,0.9055632777157312
63567,3.7371391965247516
63573,5.740990241202833
63587,2.610246830023922
63590,2.7295280400634354
63592,0.8848483895640324
63602,1.691904626316092
63608,6.156402392969295
63619,4.6773136391076715
63623,1.100383270112863
63625,4.536789356114315
63629,2.7923967577045916
63633,6.1329233076899445
63639,6.055011260644827
63643,3.79838243636784
63646,3.5717851990989153
63654,2.824100879196206
63661,1.1736301756301417
63664,3.819408980531737
63672,3.433898078582655
63674,2.959839383547945
63676,2.645833130411762
63677,1.6712838991145542
63687,7.266823773373944
63698,5.074740113843839
63704,3.0972541938477898
63710,1.1464532663380855
63716,7.461832469388133
63720,5.311820960508374
63724,3.6529611299053832
63725,6.615574644754508
63729,5.151972414111483
63730,1.6205977054458387
63736,4.766905456404215
63747,4.751259807320375
63753,2.7467072322631356
63754,3.149347202859869
63760,4.685290147596104
63767,4.808385827647756
63776,1.0406264060708885
63777,1.1008218985836362
63787,2.7001000043746455
63788,4.7759353187251055
63789,2.7123593720026813
63796,9.279826949579128
63803,4.950579858574122
63811,8.723731898645262
63814,1.1300042107887571
63815,1.699815459333177
63821,1.6199932917374116
63824,4.64432102236589
63828,1.2076560324336785
63829,3.0794115864286677
63833,4.0359339385817306
63857,2.7317443713797256
63862,1.8786413533745145
63868,3.3135563844906812
63869,8.044834195702327
63884,7.8974584116528135
63891,2.320298698247311
63899,4.464838361230118
63903,1.193965409974715
63904,4.966057944418453
63905,1.74157322231033
63918,6.142582509149902
63920,10.029685724058876
63923,5.198638739311631
63927,2.2644817608630725
63929,5.1557260896653
63935,8.566927069593843
63939,6.7357943119617705
63944,7.632621497924221
63947,6.5689344177029785
63950,4.710842260290687
63954,3.073799559634283
63965,3.068859082219741
63983,4.55662098556355
63992,3.1930544772511467
63993,4.809059314063008
63994,1.9558901885947853
63996,5.57956458208716
63998,5.666735605124154
63999,3.223606119657471
64000,6.655003451417348
64003,5.7345111055977105
64009,5.749070526742816
64019,6.092324013174444
64021,1.0149111088933416
64026,6.8777474186931435
64034,6.075905753197243
64039,1.7366865510873368
64050,7.609716721631589
64057,7.144373266909961
64071,1.0666339664901874
64072,2.8211366323305187
64079,5.760322109520207
64083,1.614211562014372
64100,1.0685446002161902
64102,1.6934083321919484
64106,7.899921049657737
64108,5.875280664014248
64112,6.39029365367272
64115,1.7114220544867664
64116,4.530239797535095
64120,7.4463462028845555
64125,3.853498761946452
64130,4.765635093827724
64133,0.912837641203498
64136,3.163604886104893
64139,1.0043136505211256
64142,1.9427922130103097
64146,6.6454246094440155
64149,3.151513386792777
64153,6.083489819201201
64156,2.1754462578217666
64163,9.561104930548922
64167,3.1250652559620606
64168,6.660594239589061
64172,1.5230216384470223
64179,4.76610882002983
64190,2.6400740836877103
64191,0.9110860515360506
64194,1.1723467416024973
64198,1.0873232973152351
64202,1.0611310703394796
64203,8.908838257407456
64211,5.7626177026266445
64222,4.110619997839009
64226,0.8820053759710409
64240,5.391642866012999
64243,3.688084626480195
64244,4.667284655410212
64252,5.195913460406603
64253,1.7489613105592379
64254,6.104983324725439
64257,5.002208783956189
64258,3.717857777306033
64263,7.38791548342832
64272,6.247015576049923
64280,4.444987291498954
64282,4.330582125100497
64283,3.91986434206836
64284,6.610971052464608
64287,7.733307261593346
64293,2.6660952327394765
64296,4.911800501098812
64298,2.9749665020107736
64300,2.730995599139189
64302,2.6253652910174745
64309,4.39742289096558
64311,1.7615453173087783
64314,1.1181228736525082
64320,7.091946332855122
64332,1.11806597526262
64333,1.0994432335156157
64335,4.093770539939332
64336,0.9262917481538415
64337,2.7388271638845048
64338,7.891623024575493
64347,1.0734396079851223
64349,3.7017924893632133
64353,1.6858156889995861
64354,5.876851300534537
64359,0.8891428200124385
64365,5.588393950347282
64366,2.887221291846685
64369,7.110183490113668
64371,2.762512874509082
64376,3.9103361495822964
64381,1.1844943852152552
64384,4.576616077723063
64385,1.0979077166284452
64386,5.173282199326456
64399,7.098032805551237
64404,4.448879174799876
64408,2.7583686934296767
64411,1.958812150050976
64415,8.796583388626857
64416,1.6662135339300912
64417,3.860961512140928
64419,3.840336882386281
64424,8.821448503305099
64440,5.392233435941645
64442,0.8643162149510033
64450,3.68317671044386
64451,11.222110803700524
64452,3.0265626648630266
64453,7.773779446047207
64455,8.718631880587624
64458,1.3704514592557873
64465,4.782014636647226
64466,6.062282590150444
64479,3.365174856946504
64483,1.862700572886196
64492,4.896344015792169
64493,2.075202682856473
64495,0.9276027145946184
64498,8.0393108552244
64520,1.1749378796000851
64525,5.075646703353716
64530,3.784350290509617
64543,7.11801568674268
64551,1.7266197429061902
64554,7.505664467520324
64562,5.168963517300272
64566,6.777913034416272
64567,0.868234709047182
64577,1.727463405664667
64578,1.3051074209910691
64587,8.36059487111262
64589,5.901860068423932
64590,4.6375659001097995
64600,2.869240563560682
64608,2.6912762125549845
64614,4.677899136871111
64615,1.1351380756592024
64631,5.056179947140519
64642,3.4237959664727495
64648,3.904387312895265
64652,5.7330896727602605
64654,1.9345905279586022
64665,6.079991253121481
64670,5.426550219407668
64672,3.6288549732612827
64681,1.8198624999475177
64682,4.261134758849427
64687,2.7662614334299507
64693,7.1426251888837795
64696,1.1466425422214828
64708,1.7005495604447032
64712,0.9147275707653
64718,5.093401433461639
64719,6.268503486802977
64723,4.892403563264027
64740,3.786747392008455
64742,2.345250609097654
64747,5.081703706323195
64750,3.949558298973226
64752,0.9092901077540683
64769,7.303590986092678
64772,3.5190580024180718
64775,5.72172584482765
64784,3.65349827020872
64795,9.383873726406486
64797,2.8565416734679054
64800,2.723762036661771
64803,5.968299880885336
64818,1.1624599952281796
64830,3.6204867032404766
64831,1.0917602147013903
64839,1.7200015372305204
64841,1.0333401073502881
64847,3.7858533319160665
64848,6.06154316615471
64849,3.960352573398188
64857,6.990657997438248
64859,1.6880322094895037
64860,3.7541211040505966
64864,1.686839726631113
64870,4.024256416120688
64871,1.6974854527851826
64875,1.0548441886348687
64876,7.1037433074852245
64882,0.9006460982609132
64892,4.483094828265861
64897,3.1699158459072665
64901,6.092461016342618
64902,5.422820625070675
64905,1.160594803824166
64907,1.9400234839434378
64910,2.7890432424469673
64919,1.1659895508878773
64926,5.481275396912905
64932,4.190624290862831
64939,1.6582829398681254
64942,2.630721293572931
64949,3.7764697639074662
64961,4.389947479511961
64962,3.888913086368188
64981,3.5681762523672362
64989,5.8886295734904435
64990,2.183753213192367
64995,4.028760666586937
65004,6.583203083271712
65008,4.081979118946713
65009,1.1113659378705347
65014,6.632170268110604
65016,3.7270786010280097
65019,2.684398241651013
65036,3.0847112210395267
65041,1.1085411776618703
65044,3.702085348158479
65047,4.4378502637667046
65048,2.616531058309066
65055,8.649694583521374
65057,1.6101891830598531
65058,1.9125376216995833
65060,1.858997995058385
65061,3.902367423586867
65064,2.747814621952429
65066,3.3806173873444316
65068,4.021960616075817
65072,5.130818102731991
65082,4.7580467336761885
65090,2.721395190455697
65093,3.5808029467860627
65099,3.90484834757041
65104,0.8919649958334102
65122,1.6823353299237258
65123,5.90717378091224
65126,6.115009019488166
65129,3.193241237099278
65138,1.1508333916713593
65146,8.74301498286854
65152,3.713462885958374
65157,1.447775135981813
65158,5.071973851172991
65160,6.935024599832361
65162,3.861824820558611
65163,7.784144843283034
65168,7.659123447952558
65171,1.1110741962267818
65173,1.1432375159357409
65175,3.715553839463358
65177,5.148413754215673
65184,4.786887614714233
65192,1.1302648653425402
65193,2.99233596381346
65197,2.9610180632488587
65204,3.621007122332652
65205,1.6997051767567362
65215,2.719287634266065
65216,1.1137339968245499
65219,3.5850598208404096
65220,10.120030949567381
65222,4.498649414178831
65224,8.607946873419637
65229,1.7682043732396475
65230,1.6604737847797209
65235,3.123184159150556
65238,1.0571262234407115
65249,5.7169019505087855
65263,2.9840060503212786
65274,3.1577470495664057
65284,1.7374447430448816
65288,7.114822818473353
65297,2.229763835651635
65299,3.4960019959622093
65302,0.9314182275510001
65317,6.130906666956731
65323,3.5944296515878063
65324,3.6661610317604465
65325,1.1257463799019156
65329,3.794488977797375
65331,7.5187408816849075
65335,4.661390256541782
65337,4.837519454681167
65341,3.845545453084249
65342,1.6940551972859037
65344,1.7056388717131772
65345,3.728224398241875
65351,3.8547071429487225
65354,3.1324427018629803
65355,8.633612618737263
65359,3.6292276830888826
65371,3.7299613158217655
65388,0.8785297901906906
65397,4.775829836869871
65403,3.6190760045027113
65411,1.6922771410869593
65415,5.556724937639802
65419,2.5975675193729844
65426,2.978072811839071
65428,5.38043394114647
65431,6.068638941331557
65433,2.6100915211254607
65437,5.320400166226951
65441,2.7986189212972197
65444,3.1238487787157068
65457,1.0999873552846307
65463,1.0652962783513318
65465,1.105627498487638
65470,1.113452742860241
65472,2.824296293826957
65479,5.70211504415298
65486,7.5700192220568825
65494,0.89975852149743
65495,3.7358932767804793
65500,10.310600318261944
65501,3.5834382272227647
65503,7.878900213362556
65504,6.272856608494941
65505,4.890691202451944
65511,4.759648538792552
65513,5.045389730625125
65532,1.114272717270787
65533,6.100299303770408
65538,4.132756603048705
65539,1.193663029081196
65543,4.837025837534902
65552,4.663580271646845
65553,3.574034198731316
65555,0.8980975528959676
65556,1.0500243703863954
65566,5.839392362828152
65571,4.020024782326354
65573,2.6746935010881145
65582,1.0768374824486369
65585,1.10949436247023
65586,6.720661709124817
65595,3.727082979885978
65600,3.0394730712067943
65605,1.1063788982530243
65613,4.684901150200378
65615,1.0565890123168038
65616,6.128569560752676
65621,6.634748167120582
65627,1.694934770090383
65646,4.416478571115004
65650,0.8810766956881242
65654,3.7290831224700955
65655,3.5734764702433983
65657,2.1285390523609955
65664,1.2480845507653484
65666,7.341865919833618
65667,2.0912802009523723
65671,2.757136488568892
65672,9.171759779926617
65675,5.201711682089485
65676,5.247994716250815
65682,3.855570920628807
65690,5.637182137210085
65695,1.9313728308639897
65696,1.655000883818171
65697,4.76450715194505
65707,4.151014474004347
65713,3.336461723020979
65716,2.6493826077545997
65719,1.6568276889683347
65723,6.719988930978539
65728,4.518506354825575
65732,1.0407425785216669
65736,3.797687183093134
65738,3.86394086734641
65743,4.04959500300032
65748,5.365435530156327
65759,1.651939450521403
65780,3.0725789220853827
65788,3.396606544206239
65795,1.2375031753717685
65807,2.761663234338347
65810,3.4182283584743582
65813,2.1937465980467
65822,1.0667071533384664
65823,1.1020928323532981
65824,2.6651465512096295
65832,2.127262197714953
65835,1.7117944301437942
65842,1.0561324818727589
65844,2.8298198245279886
65850,1.0751754342107884
65852,1.081128426989948
65862,6.784000314743354
65867,2.47356904681483
65872,5.6151868283616615
65880,1.6606220354659973
65882,3.850771996989502
65893,1.0880346369271647
65905,4.924363444098505
65906,0.869253120329597
65908,1.712171683178576
65921,4.3967254378927105
65929,2.73258264590017
65935,6.6020312938037415
65942,3.219247180118441
65958,1.0996515520907986
65961,8.171950560345717
65970,0.9622952789587136
65972,3.490996649628544
65976,8.771728671539467
65979,7.764650041265224
65980,2.9835597402787233
65984,7.875144322698791
65989,3.0165971191097283
65996,7.4343148945882005
66016,6.724013001914006
66020,1.1647699938955438
66035,3.808460298013413
66036,4.188437167097858
66046,5.882941912520256
66049,7.883014085330376
66063,3.994686187406111
66070,0.8791292158356043
66071,4.444719403077895
66076,4.8697315769979195
66088,4.845248209145859
66090,2.7242649500629055
66092,9.422971682038312
66093,8.781892479480216
66094,6.896556859269471
66095,2.637565148483026
66102,6.634807221494001
66103,3.9143049928640212
66106,4.66292557422698
66107,5.080746164397718
66108,7.706297904437212
66110,3.6331123406768677
66116,2.5813881216900394
66118,2.7771263180873547
66130,6.272118354040721
66135,1.100304013316923
66139,3.0220874919839646
66142,5.515677607294176
66152,0.9053981776562288
66154,1.1095147777009537
66167,3.516450648587353
66169,4.725060847978777
66181,5.659714391758649
66184,5.93728063208365
66196,4.740534452514168
66205,3.5749208010275346
66208,2.6172298108246066
66209,1.7129326928417883
66237,3.486615295737733
66239,0.9491052457767566
66246,4.120183720100974
66247,1.7769869757718544
66250,3.1059696754165658
66254,6.271182633693108
66256,1.6181996873666527
66310,7.990699899622511
66311,8.818914132480314
66312,5.9407434470042055
66315,3.50585668469449
66316,5.622803769152412
66317,4.741006449733526
66323,1.7992446347535394
66325,8.9420519041436
66328,8.699933637542529
66332,4.710389778008756
66344,5.297434272825378
66351,4.764257017438822
66358,2.591044162165803
66360,1.7525358362009062
66367,2.9721607911964663
66368,3.8655241624552423
66371,5.429806265839319
66375,1.1779748798028198
66376,6.799230373205553
66383,3.5699784589398678
66398,4.050115170331472
66413,5.175314486652506
66427,4.086987651536778
66430,5.777237227870201
66433,4.13389703419688
66434,1.6827462875935502
66437,4.012328483591951
66441,7.581657807393951
66446,3.6904503415407652
66454,3.29712787222266
66458,3.9479483266662934
66459,1.7892259444084928
66466,1.6589988363149213
66468,4.770324762178394
66475,4.064716750633091
66476,3.739188575704917
66485,4.499394026863785
66486,4.018464155330071
66506,3.115743752577354
66513,6.5992030088054285
66522,4.661555777015412
66529,1.068048461915784
66533,6.823318524820086
66534,7.614733250087476
66538,4.287602386720126
66542,3.514309833635172
66544,3.1678880240739655
66553,1.0774169412251164
66558,8.845881250997083
66559,8.068727032807942
66560,4.2897056098337085
66561,5.891945541190957
66563,1.6669805043240014
66566,5.421143138283238
66568,3.7007629048072728
66570,2.718840588482988
66574,1.9224829992030088
66576,3.7462695434863758
66581,4.809866435533615
66593,4.966893348308654
66595,6.715425625824896
66600,1.0641380022218607
66601,2.019839683052595
66602,3.096415113153453
66609,0.970923890531703
66617,4.864799673430687
66621,6.023250467498068
66622,6.100821744626593
66633,1.0713549034958016
66635,6.7112901200184805
66639,9.72439083519158
66647,1.9668475882336844
66658,3.0778773146214156
66664,5.145544188881019
66665,2.5079038703307557
66684,2.7688409181828773
66685,1.0713193204353453
66686,2.7889101821264557
66687,1.099477810763787
66698,4.231573174443316
66705,1.0708389063364794
66708,0.8869825600098205
66715,1.0871089216531908
66719,1.712164668115042
66725,5.440698628219345
66727,7.1454409312489116
66729,0.9230278005149462
66739,2.1491862401630764
66749,3.0850620956911285
66751,6.886076395902455
66752,4.658495237395624
66753,3.080897279604585
66760,3.023305485905884
66765,2.5906681762000447
66770,4.037474719393706
66773,7.1227702091961795
66775,6.44264204700431
66778,6.1764481032263046
66781,5.5726933618092
66782,4.494297398455236
66788,4.1096510144706135
66795,1.0720960500272545
66797,6.064596813278903
66803,7.070944061309053
66814,6.034880844551488
66818,1.1113723307953784
66822,8.748161568392302
66828,4.15430941478282
66830,2.904857653682763
66837,3.1479982140621052
66845,5.895706132577561
66852,1.9065099115018613
66863,3.8313703841855347
66873,3.7065388527179475
66882,1.6905835569143042
66901,7.847138172162607
66902,4.776278351635212
66904,1.2005169534614848
66907,4.191739439059219
66912,2.721244597394755
66915,3.099614537940221
66923,3.9310565709887944
66927,1.130011262913042
66931,2.726212910088239
66935,1.0644958434500218
66940,8.549013061045365
66942,2.794763559051435
66946,5.677728471707226
66950,9.809909599926222
66957,10.00814532109074
66959,1.1299966821672696
66960,2.1039788729651256
66967,2.6846258499216016
66975,1.7978906957211653
66985,6.7514999060334295
66987,3.534151819266019
66989,1.104422045807782
66991,1.7599380089335526
66994,0.8800003294019376
66995,1.155070842487624
67003,4.940880653318042
67005,1.7246930762921155
67017,4.152713733918598
67022,6.664626480440091
67038,1.625388966225215
67053,6.390493047487702
67063,1.1126467801171787
67067,9.901921359944762
67071,3.481749568917415
67074,2.633899663402718
67077,3.992069959918777
67080,3.8672199051675307
67081,1.7570105968069818
67086,1.1513991904043284
67089,4.90704100462944
67093,3.0289995513520926
67094,5.51672739689551
67098,7.75679765012992
67103,2.867354726687781
67115,4.041360716155992
67116,8.804245704900065
67117,0.911646412200906
67118,5.703396066479594
67129,2.482788991033912
67131,0.8883906429744575
67137,1.0651241748887927
67146,2.118461705330404
67165,3.720431342378438
67175,1.6754328999795578
67176,8.087005827362217
67186,8.93703808140248
67188,6.423731624114529
67190,4.880956817507601
67191,3.571949357758727
67206,8.639451390009103
67217,3.6817774453472816
67219,1.70878367087886
67232,5.317278856659094
67233,3.72508542295729
67240,2.9021413951464305
67242,4.600321980607212
67248,1.0532117072377063
67277,3.6847417431831175
67292,3.858121616892546
67303,4.233359432163433
67306,4.011851908910371
67308,3.6446555573753745
67313,6.159643077003385
67320,3.5885132406575617
67321,3.6501648295579256
67324,1.7976238122051131
67328,6.204433249718306
67330,1.0521298721991594
67334,7.104117480530681
67337,0.8735277777660184
67351,5.149952882863621
67352,0.9112779417793746
67353,1.0793630552149813
67363,0.9180330683150535
67364,0.863618712263813
67368,7.608300899035138
67370,5.024369165885132
67375,3.3879158162934315
67382,6.006930226809317
67384,4.121322294812793
67387,1.1194503818180292
67397,1.6000766915899978
67408,2.7389235666347735
67413,0.8848195681891955
67416,7.231090962790347
67423,1.091494518547099
67426,1.7516583261309586
67427,5.6530188956358005
67428,3.8154351572017715
67438,1.823385837407952
67439,1.6202459036818073
67447,1.7774488922134495
67452,4.11496719312774
67454,2.590235749449215
67461,3.3906068876054145
67463,6.066331166483373
67475,1.189707487114982
67488,6.719724321828602
67492,5.07471749523573
67496,3.5345185803466643
67498,4.101399963284531
67503,2.7495944851969534
67514,4.757187483363778
67515,2.725285701896812
67516,3.075843325715825
67533,5.152692603502246
67538,3.8415715394325067
67539,7.673552338396373
67547,6.778318059149388
67548,8.016627104845274
67560,2.110087433560509
67564,4.10013559607446
67567,7.637130284974338
67573,6.099640825570193
67574,1.719131342497291
67584,4.781448492225658
67585,0.8650410766308014
67589,2.686880211157783
67591,3.046231234021443
67592,1.1161160937599388
67593,1.24976234816361
67598,1.8707736339524992
67599,3.856246241608734
67601,2.7682670772804943
67602,3.575018795029293
67603,2.76826418548535
67613,6.894831906017285
67620,5.870229370959857
67629,3.880709401430739
67637,1.8833667139517583
67643,2.106283100872046
67656,1.876764077741094
67657,1.8821651709606089
67662,2.8827885280306367
67670,2.8481059194764127
67674,5.876577762287863
67677,4.384845051324332
67689,3.7704416358387958
67695,4.901133387718263
67705,5.884178565938839
67712,4.048186707697965
67717,4.743031541518842
67720,6.0776657431246
67729,7.112918344188152
67730,5.452797261643135
67733,0.934342208693665
67735,1.700544743453328
67737,6.630606397611496
67739,2.6540015674502113
67741,1.0812300494341778
67747,3.7797634212942524
67752,4.791665247038281
67762,3.099350706689782
67781,7.648978599708194
67782,4.692908543147411
67793,1.9200475339241523
67798,1.0896661802768342
67804,5.064213240520329
67808,4.7433985898299325
67815,2.862461056615209
67816,3.879897183648987
67818,8.066643210331812
67831,2.5344831865560353
67832,5.6691023924251205
67835,5.6646785261244395
67836,4.086151407803392
67846,1.094452923582995
67857,1.7164205084214763
67858,1.929040370203308
67871,1.7033677867847072
67872,5.00032375689837
67880,1.0395219726529157
67883,2.102679270180107
67888,1.6267795342447595
67892,2.9602500764313384
67904,7.074645974160841
67905,4.430230870160623
67907,1.1023114641961578
67908,4.952664052383847
67910,4.764999534108638
67912,2.667283854918395
67927,1.2519095360404315
67928,3.0949513581428394
67929,3.053932409361068
67934,2.5905035551326487
67936,4.6122282252728
67937,6.738064315959862
67942,5.680212799916729
67945,9.75950009417744
67952,2.033597878482753
67962,6.681581617725384
67963,4.239069131598594
67966,4.25126371722247
67973,5.0569836525050675
67977,1.7253298478345078
67978,5.699251877268584
67981,10.441590248927529
67983,9.607273908479765
67994,8.074462858898041
67996,4.715705320868082
67997,3.8203865963149326
67999,5.6848706426035065
68002,5.09533955670028
68007,2.8458951254783282
68015,4.11421300232884
68024,0.9108242241790441
68030,5.534420002146251
68031,1.0843131891356035
68043,4.696785106407177
68048,1.6842326862890298
68050,2.7609132345220777
68053,0.8867652825686019
68057,5.569739692673694
68069,2.11043117063758
68080,6.016648448855269
68084,2.633662808237565
68092,0.9130686478261705
68099,1.0698345718275202
68100,1.9088901309356667
68107,1.1258022444550404
68109,2.837442280261956
68120,4.63811844386325
68126,1.6502575804890531
68128,0.8973128217648245
68152,7.517416576994266
68153,5.89183150490566
68167,0.8933207312694433
68170,2.8563765017372833
68176,4.792252817982277
68195,4.012141263001935
68201,0.9281875415545229
68202,3.716175576043023
68217,6.7314746024601035
68220,4.047746607950414
68221,1.0902536396618987
68228,2.728453744192241
68229,1.1835172711169695
68236,4.378196460464386
68249,5.824373045571388
68256,4.90079241282583
68258,5.68639627960821
68265,7.9258498304775475
68266,3.1650541001661425
68268,3.8419540584810927
68276,2.8423911369000825
68279,3.574328676446207
68299,6.06280191453299
68304,0.8743613861576649
68307,5.6840863478347
68316,0.931299388433068
68321,5.214140021889234
68323,1.2053474574294238
68327,5.122587462767648
68340,6.70331114156361
68343,2.551626156739413
68344,0.8592383534089625
68353,6.231454458760249
68354,1.8015836029696084
68357,7.774646983911685
68359,1.0330948641261015
68362,5.062366229202271
68364,7.058144841960563
68367,2.80816991501984
68371,6.825374220462531
68372,6.684153585487244
68373,6.222719400654816
68375,0.9481225995579048
68379,5.135332846365502
68383,1.6279910795742407
68390,3.776033026675295
68394,3.5867192333373463
68406,4.777522648248315
68410,9.075796479632244
68411,5.835502855931587
68413,1.7273658250550472
68418,3.425090636249181
68427,1.9449835413572507
68436,5.884176307071248
68450,6.939391223237993
68455,1.731603444964104
68457,6.08297094258452
68461,4.089637135272171
68475,1.0764248211846703
68476,7.791209831997136
68486,6.046938111236807
68493,1.6831467889187146
68497,6.27194106077704
68509,3.761132569128779
68512,1.9008183177990858
68517,6.173922770072176
68523,1.683519468678587
68525,5.668200111110627
68531,1.7120626140060207
68532,3.6655588804531476
68534,3.048156085188084
68538,1.641667419637915
68540,1.6969574174390623
68541,6.094270314258001
68545,3.7381788296220604
68554,1.0671621564323859
68565,6.082277412977916
68571,1.3647798201876884
68572,4.6287996123546495
68574,3.61082851395739
68582,2.1542472802088524
68586,4.876530509713748
68588,2.8227755642025913
68590,1.0434320337994865
68597,9.378794558839761
68602,1.967633580924474
68605,0.9018046401081463
68607,6.686888207372293
68618,0.8851470629229792
68629,1.1357523253369104
68631,3.8157171161578867
68648,1.7827043835621414
68652,3.5806603999263382
68654,3.6441472408515785
68672,2.951969963990636
68682,6.519626112415248
68687,1.4331366445665679
68691,2.7802688866762124
68698,0.9182551244239243
68704,3.838107536706926
68707,9.45999408695495
68709,2.8422593064669286
68722,6.1623832873683355
68723,5.164728225636262
68725,6.41538957760242
68733,1.105937254180827
68736,2.6630081111027
68740,3.7592328754241118
68747,4.115407372625808
68754,7.647748506607382
68768,1.1362175762642814
68776,6.814129889592801
68787,1.1714240605329338
68788,2.9633744341407393
68791,2.208507887481926
68796,3.6173281812789764
68802,4.391793661757471
68804,2.725196749926914
68805,1.733578879148864
68818,7.882632674400279
68820,7.9052136140083356
68825,9.340073806312422
68826,4.791707856317387
68827,1.1218051713228938
68830,1.05807835388178
68831,5.77722043908719
68834,4.080581328447253
68839,1.6979384491084004
68844,2.708048775903091
68859,3.7439699677416516
68860,3.934787232180479
68862,2.898424445735452
68863,1.7052622906379344
68868,2.854849296382402
68871,1.0690177298978636
68876,5.047922091087196
68877,2.617127855629784
68879,6.665016986802612
68881,2.1198117926089637
68882,4.653174793156228
68886,3.0916171815557822
68887,4.6134287446286
68896,4.021271197267221
68899,4.8288198484080125
68907,4.663963919602142
68910,7.812492732577613
68913,1.6797161767616777
68915,3.664654537671262
68921,1.1075931392324008
68922,7.660833773127668
68925,2.0063368643151644
68927,3.159546466473187
68937,4.103348904008406
68942,2.7643611444612244
68944,7.755356920401017
68947,1.0861628106032364
68950,4.702329044692014
68953,3.104593883424009
68965,1.2572550702426573
68980,1.7097729955351926
68986,7.771342951388271
69010,5.865595166362529
69012,10.810871973797607
69016,6.8000968582668495
69021,2.9819047505948593
69023,1.0754678903156671
69038,2.1353630836036954
69044,6.687987181855377
69049,2.4522282283093375
69051,3.9306798698981313
69053,4.071961943695236
69057,2.687985338813071
69059,1.158533967647239
69062,1.9231645322354662
69066,4.039422507034742
69078,7.610346029276972
69081,4.119067209618416
69082,1.0806531400472381
69087,2.5906929581458686
69095,1.6777447583083647
69110,4.758771621206734
69111,6.2108696333615665
69112,7.5557250972886525
69113,7.607930591150902
69124,3.8017772859467884
69127,3.811483319431527
69128,10.070331161826067
69135,11.33609525244138
69137,8.746226108198812
69141,1.1492643985515048
69156,2.0636786478631297
69164,3.042520618136095
69169,5.013956423973031
69177,5.006369526088493
69181,5.090936152265835
69187,1.9357979051290939
69190,7.818929433183133
69194,1.7517085811314517
69195,2.9062836514312007
69202,1.079307277382143
69204,3.035424219357872
69208,3.6374979995528407
69215,1.7448922126416084
69217,2.2678302327261406
69219,4.677367077801564
69229,6.112766992746668
69230,3.4957149034043438
69231,1.0527891471778457
69237,1.071440262363676
69247,1.1249592342754906
69266,3.3345189589892246
69268,3.6759265297628
69274,1.7209101809873304
69276,0.9132664416128513
69282,1.1686890822017997
69283,3.6636104490326096
69294,1.0716262950680133
69295,7.168344556527693
69296,4.102103531668557
69297,1.6907359132122637
69299,4.054848020783451
69306,4.868144182135908
69308,3.6209921331215553
69347,7.675386794051742
69350,5.866505792722789
69351,3.5002856268182208
69355,6.14270948855249
69357,2.117607244071431
69359,7.501085137810394
69364,2.5328596274605015
69367,2.6188000008525223
69369,3.2921009341361627
69372,5.713019329476897
69376,1.1502556529681582
69386,3.766978217418521
69390,5.890306854026573
69395,2.7408219742183046
69409,2.366838452576081
69421,0.8859000459157493
69428,6.0884912959228
69431,2.5969002487137285
69443,5.804631785695942
69451,2.2251767179645334
69455,6.717589932239656
69457,6.753833946419965
69466,1.6720148085871203
69469,1.611622330440699
69470,3.857844366285765
69474,7.655693591928029
69475,6.0191788453796
69484,4.0509863329852385
69489,5.6141702410517995
69493,3.7040571110912937
69496,2.179382528515606
69501,4.6797687370792564
69505,5.406110784782452
69512,2.650643740232493
69514,2.1284190488781594
69515,0.9317956894124011
69520,3.8716807374594993
69525,3.958040385820908
69527,10.024436796315861
69532,3.2275960821013565
69543,3.9731234161010884
69544,2.82172027184697
69555,1.7439422753406157
69556,4.9444907471923285
69557,4.69551624183771
69558,4.218197429258162
69570,3.1358608520142788
69575,7.089620441448458
69577,3.041405867438912
69581,2.8922734629665174
69588,3.7131924685799658
69594,5.722495298801481
69605,6.688758656788414
69607,4.93421558312996
69615,5.659122199931581
69618,3.568379957182504
69632,1.5853773949227459
69634,4.674158431703721
69635,3.031139808155538
69637,0.8239326079808915
69638,1.7463158113290933
69652,1.096925407314144
69653,3.1891653094341406
69656,1.034410174350334
69662,4.0697680142446035
69670,2.710448644448677
69674,2.571926091507423
69683,1.6625094988601958
69685,2.151060934187522
69687,5.725448160506373
69688,9.590810202683585
69689,6.112307134725827
69692,4.696729045891178
69693,6.737939063045598
69696,3.9633199880328456
69697,6.955159219909749
69706,7.695997378511699
69709,4.035438853295377
69710,2.5902548082960966
69715,3.917435938787895
69724,2.9313852333678643
69728,2.7624208068351086
69740,6.034887089839112
69742,5.620687877269175
69743,7.7256588975421785
69748,1.1393435921203223
69753,7.977231092715991
69759,1.609654005333415
69760,3.8719505919487918
69778,5.961469379005658
69790,1.6810390070911367
69792,1.577073459502817
69794,2.897369891764924
69795,1.1925743929661898
69799,4.03287297439159
69802,1.6464322703618235
69807,3.2139405810179364
69814,4.100587703767354
69815,3.2324069683270924
69821,1.1781795357487206
69835,2.2276580089218045
69838,4.745804908467047
69839,6.1046450827219605
69841,2.633828674366292
69842,3.383589169968338
69846,7.699425258700531
69855,1.6987788950741813
69858,3.1337627230854803
69865,7.918143392595479
69867,1.0699927861230893
69869,7.185078895896105
69880,1.0656511884776991
69881,1.706668085980021
69886,9.42887685989654
69887,2.728297176205152
69888,5.722333617238715
69892,2.595541670588396
69905,5.904273986229229
69907,7.8783469543049796
69908,8.719012459600641
69912,0.9011879391246165
69917,4.329779947582492
69927,3.1810236647599646
69940,4.674323105886594
69944,6.911402689633329
69946,1.7554280346056341
69953,1.7202442428687816
69956,3.5772014593631636
69971,5.22742431119951
69976,1.712457038368418
69988,1.0608402846822957
69989,5.8492581142087
69990,6.051541791626345
69998,6.963692676355342
70013,8.926468869637873
70023,2.755568395785327
70027,3.8098314132193756
70033,2.5587947110326255
70039,2.9914843674373257
70040,2.7466854329270887
70044,3.553238817008017
70052,4.051851102339122
70053,1.1334241366324393
70056,0.8646588044467856
70057,3.739014105939744
70058,6.674713081100933
70060,1.032319598954187
70061,3.2649375156337794
70062,2.6785610347760374
70071,5.699006602909861
70072,8.549886124553229
70082,8.712037682738693
70092,1.7020391927667649
70093,6.711911241754771
70099,3.126726586560679
70100,2.1916640635086737
70106,4.281849600053999
70109,4.074630942035756
70113,5.766186831795667
70117,6.754403752367983
70120,10.084214988801591
70122,3.0794621022554396
70127,5.335648663593982
70128,2.592061813610859
70134,2.1110507483766483
70135,7.1430941688991165
70139,1.8743250816031498
70146,2.7465309659163513
70150,2.831324442386502
70164,7.132407533265388
70165,2.786933288859661
70167,1.067677111398825
70178,4.030323289333825
70185,7.131735718810964
70186,1.9674872568325297
70189,1.8748340731524982
70193,3.135147764705855
70194,6.651059870252187
70199,1.0836399152783494
70201,3.934351843173716
70209,1.6574662009392571
70218,3.7760075881953488
70219,6.773715679294085
70224,3.0939067950470287
70225,6.7343508764429725
70229,1.702814101394917
70233,6.912950697650562
70235,4.300526941096253
70237,1.901556467422366
70238,10.772349728173907
70241,6.0357461032984645
70242,5.773825450032923
70243,8.809545894757216
70246,7.511665897183494
70256,7.7998710445913435
70257,1.6877305471148087
70263,1.899646100062483
70265,2.6268635315874516
70272,4.893178290820814
70277,8.704908245971023
70281,7.03098152264498
70282,3.7268740010790786
70289,1.0609716174410568
70292,3.8768692330789847
70298,4.622135659133585
70301,4.219191191125212
70302,3.660823564199862
70308,6.100084693509838
70319,5.440308550908012
70330,1.648353984040063
70331,3.733435456660478
70332,1.8999708495424152
70334,3.609342085241925
70359,8.82151665250879
70364,1.134112996950146
70366,4.226983402177161
70372,8.333026582597013
70375,8.632657237887775
70378,1.6769551911070302
70380,3.0737360714534154
70381,8.38849605225859
70384,2.4216504580187443
70389,3.007420705896173
70392,3.9730054254323024
70393,4.735811354560096
70399,4.688962796644542
70403,4.030291610241766
70407,2.4938223213801898
70412,1.0884656342355599
70414,4.764498747900958
70422,6.681373069072884
70423,8.651282369168102
70424,3.8914798037829144
70447,4.607782825940444
70452,6.235406382993813
70463,3.5932643050821516
70473,5.364477428866679
70480,4.796313895369656
70481,3.64446798702461
70484,4.047422310280826
70490,5.492007078351758
70494,3.3626771182515416
70496,0.8963257023449613
70499,4.796795566099215
70501,7.625962232593508
70505,4.610488728286922
70508,7.175990582193745
70515,1.735267359881548
70519,3.6278345502342604
70523,5.06079065518451
70526,6.251656156587583
70529,2.769818106569474
70543,2.428758101644258
70550,7.718608780124427
70553,5.978603317703016
70563,1.0701406615191216
70564,5.903819051535907
70572,1.1538692952027652
70580,3.964153103831786
70584,6.1206344253271165
70594,8.069395432746493
70600,5.905078045177734
70603,1.8248731903832778
70605,4.503172612800783
70608,2.3689637530818493
70613,5.878680864554837
70625,6.056987578602502
70638,4.008311483343608
70639,3.6722145576048186
70650,4.085161687130337
70653,5.914337412925725
70656,6.673975743768041
70668,1.897472811107483
70679,4.2696064356590275
70684,5.905352852374666
70690,1.7296857389559004
70705,3.189817788325745
70709,1.0586695677810365
70711,3.3264844318344915
70712,6.122092869852173
70714,1.1037349090535664
70722,1.94024527181497
70728,3.712835523892633
70731,1.0521948992595545
70733,3.942189919178616
70734,2.8821089559459474
70735,2.83896745545466
70742,2.3257068634514257
70745,2.5385793119306976
70746,1.7101129722489739
70747,3.689929101071216
70748,2.536829078843507
70749,5.57489759182625
70754,3.219474423681213
70760,2.774910124313755
70764,2.644431237698618
70768,5.231954610101861
70774,6.864076219403239
70775,3.862893246546512
70783,2.727891641944859
70786,9.791272795251988
70796,5.861530711921955
70798,2.8302216604724895
70799,3.7733209993869767
70804,2.703392916090003
70806,2.7748003973468958
70807,7.6006823890347395
70808,6.649777110696256
70814,1.1103757731543356
70815,0.9056023796889576
70823,1.6601395997829234
70829,3.733431157105413
70831,5.146836760077052
70838,5.892995745576447
70848,2.972344219605108
70854,3.3060135263263932
70862,3.0745977019616806
70865,11.24842326558519
70868,1.7281871267226059
70875,3.120208650139607
70881,1.0379695635998436
70891,7.885830875215333
70897,3.0812548198050713
70902,12.03862866369079
70904,5.6295313645021565
70913,2.0957059698407687
70922,1.7274907938551443
70930,6.087897868379702
70934,6.048407638579173
70937,5.300851303892765
70941,3.2266019879079066
70945,3.6261925927451837
70950,1.057992083906445
70954,2.520991723771596
70956,0.846712759143252
70964,1.126735353880318
70967,3.7629201480492034
70976,2.085522262638086
70986,1.1235253290266756
70988,6.646842493672454
70992,6.948175388078357
70999,3.320257415750384
71013,5.635242906755401
71015,0.9210093354491442
71025,6.722255605023708
71027,4.78559438234207
71028,5.121223609852539
71029,3.6571050077849656
71030,1.6912726766275763
71032,2.9225165782299216
71040,4.8930222119460245
71048,1.181192785932152
71057,4.103230222644398
71059,7.364897380617446
71066,1.1775273221926397
71068,1.1979699716779164
71077,8.726205001617277
71084,1.7170352111667375
71086,7.706260931009147
71089,2.727645777721228
71095,2.852916133818987
71096,3.76800869936807
71098,6.722850537527018
71107,4.461665657767035
71112,3.6721100097053077
71114,1.6696597115699712
71116,5.57799404703896
71117,2.905513681659425
71125,1.7319107285397628
71127,4.429292630320967
71128,7.147450903931013
71133,3.675246701998246
71135,1.7073907677910225
71139,2.7834551150688878
71142,0.89889019356806
71147,0.9144578027639549
71157,5.8088125760862255
71158,1.4109893605360653
71165,1.2657802851228714
71168,8.129540981944302
71171,8.638402700577716
71183,0.8648057553848658
71187,7.091150054713934
71189,1.6197106301384459
71190,6.90557408079404
71191,7.736962381925674
71194,0.8980154246619545
71203,1.7039327423998345
71204,4.644672673642651
71206,2.47790669318434
71222,3.56721666883896
71245,0.8744407051318936
71246,2.6752563684021684
71250,1.7748811905695137
71254,7.095326938294974
71259,7.1754353113820875
71262,2.7285520618657153
71269,4.12256965701263
71277,1.1481604226348066
71279,4.23592345941042
71280,4.358529484651403
71283,3.826868499861864
71285,8.662408623141213
71293,5.807603331751277
71295,4.0705316857432345
71299,1.7020983016418545
71307,0.8556206883883233
71313,6.686872570758694
71326,1.1069123206243532
71330,4.547280898408738
71339,3.817639887507681
71341,7.630650345523345
71342,2.9747388441630864
71343,7.709875215774757
71351,4.886063017253601
71356,1.6676509967710302
71359,4.653523497451313
71367,3.6816115821982605
71368,4.0856195463903475
71369,5.153452469597355
71371,5.7021854543716035
71375,6.063721983727671
71386,6.57369983147575
71387,0.8763684604852044
71392,6.676706354231703
71400,7.336497690484457
71405,1.6760626852018787
71413,5.737336986616592
71415,9.257483288082778
71427,3.1578766623585404
71429,4.7061332225280825
71431,8.668942839040984
71432,7.760970986350686
71437,1.1598286996188008
71438,1.1248061765148827
71449,6.6467205795942945
71450,1.6786167695365268
71452,1.1177451114066543
71457,1.7030923032148904
71469,2.560798241310975
71493,1.0713747852942084
71497,3.8243534472276264
71503,2.6896800353046606
71505,3.881538480334503
71506,5.0088694764441435
71511,1.0511465298910299
71513,7.9003175703856146
71515,8.654707749700723
71517,1.0998822360187184
71526,4.325891000306679
71528,1.0630062597529766
71538,12.680335242468525
71542,3.7271586041915286
71555,4.116724809046212
71559,2.1430006572172564
71560,1.6936549277269854
71563,2.821557957850213
71565,6.533690849600009
71566,3.901069776779807
71567,1.6805323004892152
71568,2.0875289659103675
71574,4.719055864062674
71575,1.9168770113041562
71579,3.0874216730214616
71596,5.5591777710128465
71606,2.6604801381954486
71613,3.777535002688334
71622,1.6997751121339255
71642,4.060683642915429
71648,7.957202863246058
71674,2.0856518831023685
71678,3.9132110696724127
71680,5.615042184102694
71686,4.590387301184723
71691,5.775880536282155
71700,6.0779416503600405
71706,2.1034264187819645
71707,2.0772883520761565
71710,0.9504776178673984
71712,1.0582736113245397
71713,6.227073475084477
71714,3.1047764925601626
71717,2.8036908433734107
71725,4.729620322771053
71726,1.1436796893628274
71728,1.7723191774518186
71734,1.072904433632678
71735,1.0953168926057653
71744,3.9982675116720467
71760,5.896990475588294
71762,5.621410441523391
71764,5.011618536745306
71765,1.9388640477643162
71776,5.614870331104325
71783,6.583461224449593
71784,4.059757747144856
71790,5.778965990603841
71795,3.614630239561183
71797,4.848710184078803
71798,6.889535297514105
71806,2.702904685672553
71818,7.962328221388543
71821,8.911222004877922
71824,7.9366306538815
71825,5.858950416300445
71828,5.741184472254887
71830,3.7605502199092946
71840,5.524414878474756
71844,1.7200768281920875
71847,5.834843603792498
71851,1.1285635785221095
71859,1.662600697917619
71867,3.7227491957465686
71868,1.5093500159601878
71869,8.8402607613413
71871,6.84463745853949
71872,3.7260524797690966
71874,5.594753330106687
71877,4.702775693400216
71894,6.05196672400009
71895,3.8322125222568855
71900,0.892812583715672
71903,8.788900927504248
71911,6.909510515260087
71912,3.715918000420819
71916,1.0875005216913602
71919,8.80107769434871
71929,8.657459366557621
71952,0.9171491089133772
71955,4.534885776779515
71957,1.071882250332305
71961,3.6413677311401735
71963,3.6747870132697775
71964,4.608412461594886
71968,6.1279281299877475
71971,6.6116928796595325
71972,5.055053649439215
71984,8.601634223399039
71987,1.653138714288798
71988,4.619054206839937
71996,4.6362253073881545
72000,6.037032170343099
72009,1.702980608790429
72013,1.6051801952346048
72018,1.6556946205952188
72029,7.889681402033544
72035,4.155646333865324
72039,1.7383542039539703
72041,3.8760329798431417
72045,3.0504882054001685
72054,9.396297864439351
72056,6.04094616192846
72062,7.830778887912185
72069,2.086602952057053
72074,6.380962153089987
72086,2.0565190046791804
72092,4.464713128999862
72102,0.8457187224794929
72103,5.115877407795141
72112,6.120782905148898
72114,2.726774173766683
72122,3.9374301105766523
72140,2.9304897183797305
72142,4.050484144190791
72149,1.1135729269710088
72153,2.5982831231740198
72160,1.0883991447172692
72161,1.8570919103476977
72167,4.1344933268068464
72168,1.6197593020178376
72172,6.597297681267219
72182,0.9042929763631746
72187,3.8197840461660997
72192,6.090401819725134
72195,1.1126054801245742
72196,0.9242566796783303
72197,5.871042048093765
72200,4.924780057252637
72204,5.373400479071083
72211,8.63204181070342
72229,4.568955513690861
72235,1.0638682844846774
72236,6.869054557538266
72238,1.9509574219206107
72239,3.5510929856157833
72241,8.639663567519047
72243,2.6540221016171337
72245,1.072162075370049
72246,2.823594944972621
72247,1.7357200179137364
72248,2.7281771946470252
72253,3.1225318120850822
72256,6.372150246363365
72259,1.9425286293753854
72274,1.9400222267531193
72278,4.471026519483494
72287,1.7181720988857427
72292,2.1848637726384945
72299,4.236349073060253
72300,2.9028667901235634
72305,5.135118526928367
72312,9.90058534869873
72322,3.636047583839705
72323,10.931082565421056
72340,7.7813978059754145
72341,6.17332343984104
72351,3.7158903163612425
72357,3.5616243113752097
72364,1.0990882702354683
72372,7.1230209265477775
72374,3.2493495940840247
72378,0.9452012412954827
72382,0.9179949792056754
72387,0.9087974459607984
72389,5.400282968767435
72390,10.338315549025722
72401,3.70807824770134
72414,7.751019168225217
72427,5.283869535774578
72434,5.081564098621392
72440,4.892958221546623
72444,5.0513092251346405
72453,1.1085727260056308
72474,5.130551757275999
72476,3.3035915460495486
72485,4.15458538955496
72486,5.097682131398009
72490,0.8626424192779027
72495,8.089249813404862
72496,0.8645913670043526
72497,4.959886645885974
72502,3.689220654486061
72503,7.28621192658235
72507,1.9566451365357778
72524,1.703488693499732
72525,6.055109445565259
72533,1.7984727220345156
72536,1.0613696098773358
72544,1.6901177415063109
72545,7.919235253776143
72552,5.654727901497393
72560,7.5618240622470685
72563,1.9298761363625383
72564,4.027277696150927
72567,1.6963579093491878
72568,2.091946895644855
72571,1.708645452355071
72577,5.57971445817059
72579,1.9301837098386052
72583,2.7096994743031635
72589,1.0531941172464068
72590,3.8363443145552076
72595,4.079382736686824
72600,7.204282010357789
72606,3.7067292323683514
72607,5.572873615218227
72618,2.667601758293127
72624,4.427159526014308
72635,0.8954583105942011
72639,4.793779702233236
72644,6.066498579686678
72645,2.5636885759461667
72647,1.6799983489526946
72655,1.071029446511233
72657,2.138003948725065
72658,10.094473660719547
72666,3.5249034720680146
72669,0.8657706810077204
72672,3.828689901723386
72673,3.9192163543930936
72674,6.8517983169442855
72685,1.0613844601505855
72687,7.159359634769157
72690,3.2035892673284145
72691,3.598816984382505
72699,2.094569304528331
72703,2.9620008907941937
72714,0.8805270369150189
72717,3.8068099719050283
72720,6.425186259610754
72725,6.159825789867304
72727,10.345819927643676
72729,5.901245167810056
72734,1.0859265531870825
72735,7.598492012498585
72737,2.9792640877991126
72738,2.0738607400103937
72743,1.2642979123744413
72746,1.7565592111439603
72753,1.106468056182043
72756,4.081594582681599
72758,5.54303646492015
72760,4.362109268575642
72769,4.754192642187303
72771,8.384232091009341
72782,3.627269310727848
72789,5.700361135799965
72799,6.672163557556835
72802,2.7455323854874765
72807,10.276802727141478
72808,4.647921481194478
72812,4.8045609392447455
72816,7.154902768669906
72826,4.461920236844187
72836,0.8971869955434202
72839,5.905689754490056
72841,4.020885739251039
72844,3.1759572367110454
72853,5.250949783583862
72866,1.75563144065099
72894,6.095137125529222
72895,1.034684120650196
72900,1.661664597492515
72903,9.836240326789788
72907,1.0868936443318855
72912,5.9036252931047795
72914,4.78598572113386
72916,2.6820590705580027
72919,7.636356705399332
72925,1.10198585909587
72927,1.1091105051733563
72929,9.463250755087865
72938,1.0600029345776463
72955,3.6163597474632336
72958,2.6906255069729923
72962,0.9082578858752117
72978,1.7203248907964466
72984,3.376329663579714
72997,5.751559675189064
73014,6.101205293349738
73015,2.1040215037148355
73016,5.009775884666718
73023,6.128775523000054
73028,2.9990489438321024
73029,0.853830212878572
73031,3.997688503649181
73033,5.881704387248375
73037,5.692258959806006
73049,8.121609157080922
73054,2.8626883653628665
73055,7.023723058753342
73064,2.7023363548782484
73067,0.8704227007392666
73074,2.609252617007055
73090,3.88645251342239
73093,2.660843136133389
73095,5.103031418621972
73105,4.797375996836305
73119,2.7760923286656243
73121,6.558765888783656
73127,1.6963031581377992
73135,5.280431343447764
73149,1.1383465723954287
73151,2.8955651470930457
73163,1.7375330314925828
73165,3.003744747550264
73166,6.779708248961138
73167,5.6193424875815445
73174,2.832681685130516
73177,5.749045411329073
73179,4.726461803721101
73185,1.7278023885154963
73186,0.899065509730435
73189,1.0585512973982945
73196,1.0823546613918906
73204,4.638861799322648
73208,3.125190089625713
73213,7.1508173876535
73224,6.341687182945973
73226,4.355072622039313
73235,6.962092646442003
73242,2.6930004207506926
73244,8.102219504756661
73251,2.7476943022476124
73253,3.8696706038454076
73266,3.6173905061241527
73267,5.479621648525358
73273,1.0968813956932113
73279,2.5260917889647083
73280,7.03521312348458
73291,2.6466908310409663
73299,3.237137385307544
73304,3.738998538398246
73305,2.7581404214761287
73306,1.7486865631270816
73314,0.8731941941336361
73318,0.902430774314757
73320,5.708723654036076
73321,5.767385147016534
73322,11.334778238633842
73336,2.652325601409312
73341,9.263239320795787
73342,8.756245389058154
73347,5.093786196690215
73357,1.0734452016497276
73364,2.1888697757709803
73369,5.0676103387093
73373,2.7675880066916676
73383,6.794670746175868
73388,1.6514601768853314
73393,1.6529925666591296
73401,3.3087721106923147
73406,6.83778534752481
73423,4.750440468192438
73427,6.932691665084278
73429,5.129077210324938
73430,2.6055055924656925
73442,5.890823151732915
73445,7.624190492542564
73451,1.0548122461827698
73453,5.687900236625509
73459,2.289330410346068
73461,6.810210073952508
73466,6.116973952855872
73471,5.651522893980738
73473,3.087376576630242
73478,8.039741322552505
73479,4.360962642552501
73480,1.7440522057503327
73482,1.7282568086032386
73483,1.8355766194570413
73486,3.8054354341043948
73487,3.70653566278338
73490,4.890314459052756
73502,8.954736009951104
73512,2.704988506734197
73513,1.7389109633959126
73517,2.7854356196063677
73518,2.748968632199664
73527,5.420761345484071
73532,3.679402567638098
73533,1.7066051965596647
73550,1.0761702327686624
73554,3.8956199659799973
73555,6.780809309571822
73558,2.6168229912581245
73559,8.632609775309607
73570,2.8828554764991763
73571,6.511551635455642
73573,3.7203534158207945
73574,9.324584214834172
73576,8.494982867310117
73580,2.6421575632900782
73583,1.7108962982742382
73585,2.5381231836742693
73587,1.0730988345448798
73590,3.1383437527168514
73609,5.570966643351681
73610,1.776704012367453
73621,3.8588480885825667
73625,1.1388734208119016
73627,1.918361749512714
73628,1.0513289867432687
73630,1.0505140506137596
73632,5.109589658155424
73634,1.1116854027017933
73639,3.63586375597092
73658,2.6239245362024226
73660,5.01027778072997
73661,1.0740829225406308
73667,3.7385481716902236
73681,7.04449240274903
73682,3.883241151767557
73711,3.172966378013306
73718,5.152138351489654
73725,5.714338888840219
73730,2.1375109358393516
73743,2.6924686971245313
73756,0.8978672420931111
73761,8.002820223986664
73767,1.0198618451083514
73775,4.209344073479818
73785,7.495023560483318
73800,8.353761693708625
73802,1.916889990746537
73808,7.167270082723142
73809,1.124680895173622
73816,8.046986056742945
73822,2.7483668641965204
73827,5.693558063557113
73831,1.17858334638751
73834,4.182415183802365
73847,0.851305686333204
73850,5.678423795434561
73858,4.805653891090099
73864,1.0729082858847843
73868,3.737452416880172
73871,5.8115110408758275
73872,7.779277677228232
73878,3.7953662449164187
73884,5.061232334661116
73889,4.762042069886771
73890,11.078348676638154
73891,1.0951510779005997
73894,1.6785980186931844
73904,2.151878462868255
73908,4.171764000699724
73912,7.48965063035952
73916,3.7455477439270535
73917,5.86274845710331
73918,2.6643915525591586
73922,7.113019415662349
73924,3.8707345425808835
73929,3.6286216460091585
73932,2.8920058541924645
73934,1.8841604307503448
73936,5.751778565966314
73938,2.9015276246222754
73949,3.6462508329108654
73950,4.7981149263826985
73953,1.1042788043462441
73955,3.704461466927967
73963,3.703004784279243
73976,2.721827839852662
73978,1.0620304247657555
73981,1.653091948857944
73982,1.5794476282275474
73984,7.743010409404812
74005,1.098854000901209
74014,3.0916416712844716
74016,2.977216176140879
74019,6.663903426129805
74020,2.1404380720821754
74022,2.126737722554409
74027,3.0627983978975672
74032,0.9266203929387697
74033,7.445732623147215
74041,2.682726028967978
74049,5.365189199615865
74051,4.113085427377106
74052,5.530843377037429
74055,4.006543468896649
74058,3.724234046570147
74060,1.0387441575117475
74062,1.5690542313207199
74065,7.754813784779319
74074,3.627104605828178
74075,3.0829812933263883
74076,3.86402336714389
74077,4.639858998918416
74078,5.130511988261981
74079,9.127272272783966
74084,4.020465776214223
74085,4.643704944491199
74096,1.0842226981258705
74101,1.0668208975824145
74106,0.9818970978429218
74112,2.8921554840826493
74113,5.753669577706915
74121,7.861269325098284
74128,2.8572672541191
74132,3.9474836358183043
74135,5.188631869616745
74140,1.7247120388123887
74160,5.646973819020924
74164,1.0546593693141841
74175,5.827241736375313
74177,0.9027306644810595
74179,1.5775562106425292
74187,3.547126208661058
74190,1.863307353740674
74191,5.41133882137811
74196,1.8208399404035807
74200,5.805247932362663
74214,1.8508562681393643
74221,3.698830654923718
74230,2.986787888911544
74236,5.739407098607188
74239,3.541952107081421
74240,10.056518252505889
74246,4.97547607130997
74261,7.0594570807932016
74266,0.9023266368398271
74270,3.5346614336109523
74272,3.0282598402678818
74278,6.695209977022548
74289,3.589129958323724
74291,7.570272191112149
74305,2.729478937630585
74308,1.7184166182461453
74316,8.85257474444074
74317,3.9507461090431413
74328,7.132880449114239
74334,5.095453269536759
74336,3.3375449533437087
74340,8.595053976789888
74350,2.971757912871156
74353,7.893536238184938
74360,1.070616795263625
74361,2.5733006478290985
74362,2.46704296954072
74376,3.813728042875189
74377,1.0996290679870735
74382,7.838811731475248
74383,2.849415563402654
74385,6.121352538150011
74401,2.127577124240851
74406,1.047844576004795
74409,7.73306975130583
74424,3.49679955686767
74429,1.6617493978189524
74433,5.5357415505505525
74436,3.665608187853081
74442,3.120325392894972
74444,1.8947256064137057
74452,1.7017424702264305
74456,1.1155815893752874
74462,7.1469621185285614
74464,1.6356136912612356
74465,5.485109926231265
74476,1.7922634452266615
74481,1.6518210776478055
74483,3.2526774982147053
74485,3.6883269302007675
74488,10.79957502831105
74493,3.7384508580634206
74498,3.7297081954083344
74500,4.022811290848305
74504,4.646629416889598
74510,3.6565591340960735
74514,10.058444556583323
74527,3.935311745142145
74534,3.3616066308564703
74535,3.7633764423306793
74549,4.900620496204672
74550,6.4786084126124
74552,2.576218544654898
74559,3.8548509281869268
74560,4.753588884804548
74568,1.6805166097328983
74569,3.8460706988015554
74570,1.2182211350465804
74576,2.6550640652331756
74577,2.7281358587791336
74580,4.444201375441858
74582,6.889757209987174
74586,3.8695737890350625
74588,1.1883484926678234
74590,4.752231829361766
74592,4.728458309632978
74593,5.371563794852394
74596,1.0774350539122697
74598,5.678549851376406
74601,4.041714794639417
74602,7.137529928021944
74604,1.6950422525170938
74607,1.7536717877864731
74608,5.6947134713933565
74609,7.954568035125141
74610,3.6504500154211454
74611,6.8569176728169765
74616,10.40435560103962
74621,2.7532159438238324
74624,8.548731406586207
74627,4.685449218913
74631,1.8891949023692547
74634,1.0523311582025063
74635,1.1945775612644147
74637,7.1180117625375665
74638,3.9490561638099932
74640,6.71194584234426
74642,5.086619441085828
74645,1.7509789548408925
74651,1.0543371143093356
74656,2.49119419155705
74659,1.9057034284368441
74660,0.8884106354273777
74665,4.0465862730303
74670,0.8563188500064043
74672,7.345617580949616
74680,3.629500865432362
74682,1.0821181042176788
74683,3.7921859608527875
74684,7.053055735033206
74695,1.7386710843286406
74697,6.451715929517853
74700,7.080094071802201
74702,3.5992003888343067
74712,3.8692815033155563
74715,3.804053576763507
74718,6.664375842627248
74724,3.870346192363523
74725,5.217718484662483
74729,2.121362321420255
74737,3.471201058522516
74746,2.7909230894833166
74749,2.76627132148322
74757,9.345392815828916
74758,4.737228881960703
74762,4.606986527847144
74763,3.9028157983633642
74764,1.0721645301050855
74767,3.4460273194966993
74770,8.850099379872663
74775,1.8049006056284167
74780,7.8332010897434
74788,7.047169596874548
74791,4.623707787413498
74796,0.8928472276972439
74798,2.7219784463863332
74801,1.5824315471199077
74804,1.918422934279854
74808,1.5710098221534414
74822,2.086988217242726
74824,0.9077487207873873
74831,2.5342167737112713
74836,2.6927034059491692
74840,1.6912151660695018
74847,3.649530340351143
74849,2.073182926739349
74853,5.543467314799567
74857,6.826613280455976
74861,7.772747989860406
74863,4.0810714412143625
74867,2.926290742798577
74871,3.0001362866177015
74872,4.445418981165685
74882,4.848132651917813
74886,1.828974834320106
74890,5.13891066949334
74902,3.309748935957524
74907,2.650329733230195
74927,0.9340348248202717
74929,6.0630988087319455
74930,7.953303726539869
74934,3.6282455875016653
74942,1.7268329433479703
74943,8.145517128448946
74944,2.729341959247213
74948,1.098978780093363
74952,3.973147174798839
74957,3.832123292869434
74963,6.144102033705737
74968,4.6474359509335335
74972,1.1610276400315893
74976,1.0746524259235626
74977,1.1239804810060137
74979,7.95176679862581
74980,2.6452304892055887
74981,2.5749161550037325
74983,4.589649501589762
74993,5.892374821389144
74995,7.790249068894616
74997,4.654436029464358
75011,2.6138454460263016
75021,6.939419416517538
75024,2.9012525398906366
75028,4.727380316181776
75034,1.7180316247544187
75036,3.969937835070185
75047,8.688529280680338
75054,5.9695840427167255
75060,7.2558055045134555
75066,1.1435175514829976
75069,0.8592030436148801
75080,1.1568139382038187
75084,3.3727549557699907
75086,3.683357963539426
75101,1.1436550379925166
75102,1.7518716427069805
75105,0.9062164129468919
75106,5.910453727272333
75109,3.2083110820994447
75112,5.33297523030949
75118,4.018002698903722
75120,4.076851750272158
75122,3.728515939075826
75124,0.9741158049810053
75125,3.833264928943334
75131,6.9880402827483055
75133,2.737500340858101
75134,1.7587475081222497
75136,1.695081395389832
75140,5.084379805215194
75151,6.712266926616939
75158,6.589108673936106
75161,6.187647472007573
75164,6.076108618361593
75167,7.6985558459365055
75169,6.783326122999962
75176,3.8608014443696854
75178,2.968779552349876
75180,3.918975933721011
75183,10.564571216156107
75197,8.736744690883361
75201,6.765361908513156
75210,2.180526227966814
75214,1.1213093372677347
75216,1.1214405691607254
75218,4.404620933533606
75220,2.799840253978585
75228,2.7713126742409795
75232,4.5012715509000145
75247,1.0868588690544168
75255,3.697054185179894
75258,7.105776084157985
75259,6.223203870369902
75264,8.140295011509512
75276,3.3511714917927895
75281,2.9978512114032707
75283,0.908777118889009
75284,7.070308567399213
75290,9.786613614569657
75293,2.9457205390749728
75296,0.9020600262431824
75297,1.7034729826494108
75305,2.7606632360373284
75310,3.2677991873334467
75318,5.192687911560142
75321,5.222475899926735
75328,6.714806664941047
75330,2.7572599383159955
75332,6.003196596118494
75333,1.1594427064908945
75339,1.836454177003469
75351,1.0742161800521215
75364,6.833320795202137
75366,2.898114167408092
75368,2.809122618106702
75378,4.547827479848712
75379,2.8839386681760466
75386,1.7324569747263374
75401,3.084871522114217
75412,1.517369178950371
75413,3.1254805819973956
75414,4.45777387762198
75415,7.051466755319195
75419,1.6739771464037023
75424,4.626267076888996
75425,5.199164853816982
75426,2.54549802620579
75429,7.747400628414665
75433,3.7130745616496452
75441,2.892635232862362
75446,3.184727770283607
75448,6.762017440297575
75451,1.661301434504714
75455,7.0396310418493595
75460,4.64888448328457
75464,3.1089741063298604
75467,4.067704958066503
75473,3.7042400524294905
75487,4.601815805331561
75491,5.045267812640774
75495,2.1005083255072905
75496,6.66058949208127
75497,4.888862765598102
75507,6.910504085462481
75508,4.6288909862651435
75522,10.349024162645609
75525,4.808352087428484
75532,10.942223188408999
75542,2.5311637425997047
75548,3.120757135784826
75557,2.766693919589843
75562,8.698072808571158
75566,5.693843809873986
75568,5.183980289355701
75569,4.700159982014396
75570,7.014821454021711
75576,7.647294495633425
75587,4.077884991982741
75590,5.768221882506665
75600,2.7639401585376646
75602,3.6207631160676086
75603,8.281952154888986
75607,1.8204874565616547
75608,2.6043564025566575
75611,7.067686430147136
75614,2.750075437311151
75627,5.084151006047715
75633,8.705960992688187
75634,5.487206592081678
75636,3.100366519891534
75644,3.7279986941857746
75646,5.678583952702752
75653,1.9237265302344904
75660,5.960744241395315
75661,1.094433691633125
75667,4.117040536286192
75670,1.1651468140230636
75681,7.0575184471027885
75691,1.0679946823307431
75699,3.8141902008800637
75708,7.9199613719020885
75719,1.1318352656903365
75732,1.1068677803916138
75743,3.095417177151027
75744,7.11100807592601
75746,5.680849761091812
75750,4.694495289098198
75751,0.8322601399778629
75767,2.159571564229619
75770,0.9376592314111325
75776,5.148640418715949
75799,3.9463509904604637
75800,1.2082164266110285
75806,0.8622150324315827
75824,5.916305361873799
75829,3.8745713082563484
75832,7.7135749738891946
75838,1.1168868806639898
75840,4.130967938665967
75849,7.101641322574108
75850,0.9018311655364117
75851,1.045681172035299
75855,1.1639597504846195
75869,3.638796526377201
75873,1.664452757190276
75878,5.612422755107223
75881,1.1316544603773098
75883,7.6899572265083
75884,1.7303674704429235
75888,3.748316571829648
75893,1.9052612747722049
75895,1.6600163261603842
75896,2.1978862856368826
75903,7.508571924384773
75915,5.048769980518768
75922,1.2274321236849235
75925,1.0675822665677237
75931,5.5682338655583425
75938,1.1967519759161012
75942,6.688146426178546
75948,8.94618415874665
75952,3.885486573058743
75961,0.9256046184583901
75963,1.732513239498525
75964,6.696939446545352
75977,5.074751891195806
75979,8.281276886752583
75981,3.0441969309155072
75987,4.9232509495515835
75988,5.978679409442785
75999,1.4092086669159714
76010,5.691053934284362
76011,6.904474231672928
76016,5.052925042412093
76017,3.892329834028069
76019,1.6773257495796177
76020,5.0426309379449865
76021,1.0988373991958924
76023,6.796839906174585
76026,4.788682838993193
76030,6.006777583470038
76037,3.606969683666912
76041,1.8408385906845024
76044,6.086662347493858
76045,7.754364197957784
76049,3.757569848629899
76064,7.0966105278653
76067,5.882960249675767
76069,5.368303377414081
76076,6.913540453568076
76079,1.032446154001252
76081,7.659192590037064
76085,0.898482560770161
76088,1.7623881056499275
76096,3.79627613423994
76100,5.929019878436709
76101,5.167450690620546
76104,3.8303246650803766
76110,4.686602539430025
76115,1.7309415906123746
76120,2.1220730493588653
76124,4.423211916973419
76132,4.684720519932907
76135,1.853805841326388
76149,2.5914828127378513
76171,8.672917552980389
76188,3.597956511671554
76193,4.561401846525095
76195,4.274435999887159
76205,1.6598763199499498
76208,1.704603174587036
76222,7.553653618540444
76223,6.766531862787742
76239,2.8021667354477913
76244,2.6536986796066735
76245,1.0685493632139078
76247,5.673617122077321
76252,1.1253328900057062
76258,2.793007000730479
76262,2.6127923005300864
76265,5.4369502250416195
76269,4.455403237587078
76275,5.084435150582577
76278,0.8538918761873964
76279,3.011043784255628
76283,8.158118983985442
76286,1.7626735119103807
76298,3.847108433943197
76305,1.1468442178268092
76307,4.6831376701498595
76308,1.1131876407349872
76312,6.092163866684491
76328,4.15592926453749
76332,4.0952787294978625
76335,4.908654641529287
76337,4.295129721170321
76340,2.73988162399524
76347,1.1192407732380985
76353,6.671643698865598
76362,3.507035649855101
76363,0.9000326056572465
76370,3.3278704536370065
76373,4.050528200589541
76377,8.624135419267407
76387,3.696765642843721
76389,1.6834920983931179
76394,4.843899236857244
76400,2.8233344807960474
76402,1.070293130354897
76416,6.659913357459201
76418,2.7412149090139293
76423,4.025402691446719
76431,7.476836960932188
76432,1.7508625713882982
76434,2.734901575020664
76437,2.586845397773618
76455,4.630319975651412
76456,3.0672859845290983
76460,3.6325866285085544
76473,4.624090822562629
76474,3.9988239077906553
76478,3.080581284663084
76480,5.652651733650639
76483,1.1125884553944703
76485,1.1793498098946689
76486,5.898032984126933
76495,5.7715512130348525
76503,5.101637446760895
76506,1.0979097790528747
76508,2.996800420984803
76514,9.32924822492948
76515,5.112379575129444
76518,4.0645433092854395
76520,2.8932756096218686
76529,7.1237299136987815
76533,1.706863662756895
76543,2.6988268287747967
76545,6.756530978433631
76549,1.7403155036775888
76550,5.150790303148363
76555,6.1237644675625384
76567,4.184168155074403
76573,7.349748130122213
76588,5.9386451084690695
76596,1.5833979062743788
76597,7.735912636865542
76600,6.846028777729871
76606,5.875742293374791
76608,6.9250069378722845
76614,2.1100491615452674
76625,6.9089122327034875
76638,3.670646402983682
76645,4.0694269229400035
76646,2.655111560138522
76647,1.9106165858258497
76648,8.097236669711119
76650,4.881854225003819
76668,0.9208910099452301
76669,1.2247421067715196
76687,7.870620515279027
76688,4.704231318104714
76689,9.512680107504632
76710,3.115573570542022
76715,2.2492650470250273
76717,5.907150487019217
76718,7.675747103410371
76720,4.162622274736019
76722,2.1019983673628473
76726,2.7199921378004683
76732,1.7263910950316883
76734,2.5133196874521824
76736,3.7346203941249208
76742,10.02374790443788
76747,4.544021120673097
76754,2.722666104419801
76761,5.702227486472409
76764,5.860485280837752
76766,4.065270249434599
76773,7.656199433702918
76774,3.778216383482631
76780,3.0873870534897554
76785,1.7762205484096274
76791,7.004594911137118
76803,2.092179526283151
76808,2.8099557156263737
76811,1.053024203418584
76814,2.914939838367739
76818,7.104393329149085
76827,5.115987632229875
76828,5.781953737217809
76833,4.741966632950045
76838,7.793627481543394
76840,0.9164613893454505
76842,4.692496590584529
76843,9.99475201273551
76846,3.889413259543064
76848,3.6839075993140367
76854,4.753803889709474
76860,0.8872855115143374
76862,0.9117876191863861
76864,3.542808678107739
76867,4.5558292459755965
76875,5.056840402922193
76878,3.3063245918175244
76881,1.0905931454472504
76882,4.146317832220757
76883,4.953235295877932
76886,2.535245869252191
76891,5.772625691709582
76894,4.629579597783493
76896,2.952656473217484
76900,7.010272273248852
76901,7.960270585169834
76905,6.925165177901748
76908,3.3879546281216877
76918,6.096042894590133
76931,0.9034690602782027
76937,6.937796610300737
76943,6.913214013754702
76945,7.295225535360652
76947,3.7449916965594383
76949,1.1315145125296255
76951,2.7657493777710904
76965,3.062534336768312
76966,7.624432076613669
76976,6.804927384142136
76986,6.596341882412595
76987,4.454654338671591
76988,2.7256896799389114
76999,4.6646577591395895
77003,1.6522936332553604
77009,4.08402797661792
77018,3.8069016093220283
77021,3.894134411555359
77022,6.838315463861768
77036,4.778174061538987
77037,1.0886880058952482
77039,5.802507833563268
77041,2.1273121677431295
77042,3.1098516875184083
77044,3.17731633417228
77054,5.091920077410615
77061,2.7346881704323707
77067,7.772403938602883
77071,6.485651828505991
77081,2.0755834181468247
77098,6.629707142888822
77105,1.6484418354403623
77106,1.1115089537826202
77116,9.351607855323266
77117,1.6339172272587126
77121,3.887526255945941
77130,7.157571901657588
77131,3.100378896369759
77141,2.8889373578654456
77142,4.884249886622144
77147,3.7119161095631927
77150,4.6394581337871665
77156,1.7755459734777124
77160,6.08927411716953
77163,0.9076401970954397
77168,4.678045475191599
77179,5.201981162927852
77180,3.057051190838217
77186,4.636196530566179
77188,4.6175280423107985
77200,5.42797725913873
77206,8.473726327583172
77208,2.66912618573519
77210,5.649473990214995
77211,4.066500917201729
77212,8.605189645382076
77213,6.662227427702302
77221,1.6368312129954408
77237,7.729210850196971
77239,7.148462774130451
77246,4.794315906731562
77261,1.7808713711573811
77267,4.038160260554718
77269,3.7989168972887803
77272,1.2000830934943045
77276,3.073593859290338
77285,7.9284152735254345
77287,5.901308969992382
77298,4.2625608222302995
77301,8.57040728000445
77303,6.124208498630637
77304,7.937698663033329
77305,1.7475381692314969
77314,5.464707543266517
77338,1.1031142214780285
77340,4.048314596329911
77342,2.091668576975372
77357,3.5747402022880927
77358,1.3749110188341094
77360,1.1473364998053062
77369,0.8909329513418132
77370,1.1765674399324322
77382,3.0367178665030985
77384,4.7519027163216725
77387,4.065984324687476
77389,7.617964152825048
77395,1.087352322825244
77401,1.663652474406609
77409,4.03243380356905
77415,2.758516139005801
77420,4.028048783659547
77421,10.754384304932461
77424,8.007026899577303
77426,4.770495936540169
77434,1.9178086840826434
77435,3.185644190887971
77440,2.1513722840669294
77445,2.097538336943182
77450,3.865053197937161
77452,1.098877453426152
77463,1.666058948413128
77467,5.095192004712218
77468,1.679261701351376
77474,2.6559212277649986
77488,3.3019153620562207
77496,1.109493175510587
77502,6.100758915833367
77507,2.187632312644105
77523,4.799521121894998
77525,6.882365629248605
77526,3.870283463148186
77534,2.106358971241659
77535,4.099982617689399
77536,1.6721189517935628
77539,4.677375047577189
77553,1.1130802041827352
77556,3.239390619475789
77563,4.647809315719534
77569,1.0861942861290887
77576,3.8717285521598384
77582,5.897143186132331
77583,3.0565994038268163
77588,5.973439136196185
77590,4.030207750352926
77591,2.8682634842170778
77592,7.726087370626676
77600,3.370272744374829
77607,0.8755523537900505
77608,1.2468122526931449
77621,6.108902559708494
77632,5.337071257376264
77633,1.8563733612339912
77642,2.1294390816612516
77649,6.546782826713787
77654,3.7230342231122093
77655,2.110578028904685
77657,3.782510912899656
77658,3.098503830430978
77661,1.8007496065018036
77663,2.6418785278936987
77669,1.1635685964698625
77672,0.8900980951779438
77678,3.900438158913426
77689,10.061818042243527
77698,3.921618926218345
77702,4.052294147922417
77703,7.605303859042819
77712,9.708599841943212
77715,1.0865148635085213
77721,3.8423483278259543
77724,3.963545038952247
77727,5.048686125269825
77728,4.913096463176476
77732,0.8872963294412974
77735,9.555985882829699
77737,2.67943947142425
77738,2.7704238032557886
77745,7.0920753607180185
77750,2.20015205797927
77762,3.7639459871548864
77767,6.421550391486763
77779,4.425524653194181
77787,0.8721624654732167
77792,7.434610629775573
77794,1.6170613969243597
77795,5.7445152322052895
77801,6.197010485122231
77804,1.708113373445829
77806,2.9976759010704717
77808,1.9790117246864987
77814,1.7840214751094114
77816,6.055446957887481
77817,3.443210679393001
77832,5.081612763161097
77833,10.354150591423142
77843,4.661785136308479
77853,2.6660097383429004
77867,1.0258253542035094
77870,3.5995802576443974
77875,5.03597687500674
77881,6.18631409357015
77883,8.04428643840703
77887,3.755571605764688
77889,3.7469929393593473
77891,5.904252436694736
77897,4.610471047111135
77903,0.835048360258404
77904,0.9007067775722
77907,8.644282706882617
77909,2.304347299485956
77911,8.64064230972503
77913,4.89139010040994
77915,4.793974942366487
77924,5.935672793973982
77930,5.740020481857712
77934,3.0513562112625214
77935,7.987413602505919
77937,1.450637555300574
77938,1.1239475377392605
77944,2.789068814323395
77947,2.7369719474697476
77951,8.329982681931359
77966,6.326345298239026
77969,2.8774119100357223
77970,1.773140780562105
77976,3.1780924858852053
77984,2.8025415495430286
77986,4.836234700045737
77994,2.934703498438353
77999,1.0643569342221526
78017,1.089863870415091
78018,2.6507488232961043
78021,1.791766697790838
78025,3.640563633645213
78029,5.325511144035861
78030,4.2899249753613855
78036,1.120096014559219
78047,2.9542562540858555
78049,4.654143223760791
78053,2.7851057081452453
78058,2.6582885576389463
78063,4.893033343572134
78064,4.1355990979267805
78066,2.910988247802491
78074,6.628899189900293
78088,4.442469544457381
78095,6.3794730580370285
78103,9.626952780558389
78104,5.026210213903216
78114,3.796337591883726
78127,1.73174718197772
78132,5.089533321206714
78134,7.583363229604047
78136,2.8762440041457387
78138,4.74730384598861
78144,3.9124918113654066
78146,5.581091072752218
78150,7.819427928563066
78153,4.780597076131728
78157,4.642408312469966
78158,5.659469827162421
78160,2.216323209619465
78163,5.2962909043840245
78166,3.669109538104005
78170,6.509236251468046
78176,4.266789546263278
78177,3.6715328631448974
78184,0.8950088811065209
78189,9.585671618190418
78190,5.030613870862729
78198,4.461710088897614
78202,1.6962782617285859
78203,8.22616765128404
78209,6.133870437816134
78212,4.137338980795178
78221,3.0189360972181447
78223,6.069537398182176
78226,1.081107296264733
78227,5.009138618281189
78229,1.7652162249885315
78237,1.7853161684848131
78239,4.700029207551622
78243,1.0873266046699208
78245,4.552256933062555
78254,4.633917196642727
78255,3.1657551836587485
78262,5.350661971146791
78269,2.1194962007347806
78282,5.376414160064982
78296,6.965563819079003
78304,4.653253167866239
78307,2.4838418585457465
78310,1.0638206338049123
78312,0.8513364723969126
78316,2.973068586545855
78317,8.972204428777925
78319,0.8879312118141214
78324,5.143155456261389
78331,1.083359135237692
78335,1.1976893682190974
78337,2.899451559632059
78338,1.8099086905535327
78352,7.029001965957902
78356,1.063393110327779
78357,1.9337663904614981
78360,1.093069018348031
78364,4.215190066096723
78368,1.9132084934920566
78371,5.512129528711114
78374,1.0792304295629873
78392,4.084532915190981
78393,5.068068878030047
78400,5.128580904454395
78409,1.7160413501372345
78413,3.0319853036923763
78414,5.128199497499991
78416,8.398867812975496
78420,3.1394359158707563
78422,4.471408462056469
78424,4.801924629023314
78428,3.2516632099640033
78429,8.959424776095045
78433,1.2186555899953824
78435,5.667368322768201
78437,2.6282122868573987
78446,8.853181810562635
78449,0.9009159035925594
78460,4.441763526971697
78461,5.5462473028210315
78464,6.077585270480824
78466,1.7059550969995456
78468,3.5624170624536893
78469,2.0069617540198115
78473,5.83260490384142
78481,1.1546916998543248
78486,0.9441575020205799
78487,2.976951691059255
78488,1.0892210696164306
78489,4.07946146542708
78493,6.923286929294726
78494,1.7276363802437142
78499,5.717177892882809
78501,4.125382355757213
78503,1.694948977750026
78508,4.264181290275933
78510,0.8912598686934032
78513,8.074863402988209
78515,6.663532856379907
78516,2.6609813879678
78517,1.6353199405943855
78521,6.6082250829008835
78523,1.089131255051813
78526,6.446699239030481
78534,1.0781731249404665
78552,2.859995937987923
78553,7.118784847019315
78557,3.762850420090336
78562,3.173810276040776
78563,1.0542038502514606
78569,1.8833919181186256
78577,7.442451112553396
78580,5.024301915716725
78597,6.501475966453659
78603,6.463116654717164
78605,5.675756891196253
78608,2.1023308633715523
78611,1.0938909316520435
78619,4.44246018159077
78620,0.8801590795397014
78629,5.815417962547779
78632,5.615020640693594
78634,2.0666363368574667
78642,8.053804359736006
78650,2.112908284929918
78653,2.6677295048351692
78661,2.999663267226071
78663,2.109574203446189
78671,5.794341447656904
78681,3.783668697797267
78683,1.2588542843082178
78685,3.597389471488303
78687,5.083996960315085
78688,8.054082683981116
78691,2.746927510055327
78692,1.0949947556077744
78693,3.87977520201593
78700,0.8933504223091666
78703,4.685787252212584
78724,5.698321096279614
78737,1.136261825265882
78746,4.7827628778268005
78748,1.0998170634353683
78752,1.5368471244132058
78759,1.7347973613563497
78760,1.0593950282601017
78761,6.800264204286859
78762,5.091081885948031
78769,3.607700767902045
78772,1.387889390065773
78774,3.1130580662996454
78782,5.961497395279528
78790,4.90887860260765
78799,1.738612041764696
78806,5.034905926549622
78807,0.9005154936764193
78813,1.0340872303256599
78816,7.781488423323028
78817,8.627164358426896
78822,3.417903319427843
78826,4.808437250991259
78830,1.0675738462626283
78831,7.139697748120402
78833,5.983329004946501
78845,4.086458151208617
78848,6.056382871788968
78852,2.8047003040724263
78864,3.6296129671052744
78868,1.7388063118278252
78869,1.354100179597269
78870,12.676084387663941
78871,4.89637553909242
78874,5.830305980046637
78875,4.562605337749587
78883,1.1452752775225785
78900,2.997228970007101
78908,1.3472315241433872
78917,3.2079481406362054
78919,1.5102469672287757
78923,4.508877958038337
78931,5.963428280347121
78939,9.997178894178676
78940,3.0460058946838564
78944,5.9593020530850715
78949,1.6971659013949307
78952,4.042727370809665
78953,4.9378459412718065
78969,2.9926940987441184
78971,5.564774239219713
78972,7.1900521780712925
78975,4.500315753211522
78977,2.7579341404365656
78982,5.013180875232543
78988,6.9036891330453365
78989,6.833967582296598
78992,4.43810139773496
78996,5.9091063104474575
78999,4.655913975350217
79002,6.682985326165289
79003,4.292030269823852
79011,1.1046042260512454
79018,6.388218884861724
79037,2.8276157300565803
79046,1.751297739224078
79049,5.681221370993864
79051,6.090414325027366
79052,2.2182233176832797
79057,2.9676470603837735
79059,1.115916217567241
79062,1.0617859300797914
79064,1.0389677388674539
79072,1.1144619012157082
79074,2.094947710442944
79075,7.137325210377643
79080,1.1108422454188625
79088,4.5555918078628626
79090,3.7902144611145325
79094,7.7461384377960565
79100,7.756282503951285
79104,2.598934247058917
79108,7.167457092369462
79109,8.912327989963565
79110,1.112174901843201
79113,6.186605009297011
79120,6.436551480460648
79135,4.85765547790695
79146,5.703529951491933
79149,7.658741596321866
79150,0.8477117224918969
79153,3.745487200552855
79158,3.93375235422141
79160,0.9988317625211587
79163,6.674671188760697
79164,6.2623338721905695
79172,1.681832381889424
79175,5.946542422631286
79182,3.6658344483807674
79184,3.5797343861930098
79185,0.917306879673764
79187,2.8770077131214484
79191,1.09027300548947
79197,2.8327648468059476
79204,7.635426217607478
79224,7.631196992263276
79227,2.5914272241336285
79229,2.1398002855568734
79236,1.6630967374713261
79239,1.9363538400728721
79242,4.699084210003427
79244,2.831379852716524
79249,2.1291080639038458
79256,3.7012497049001767
79263,3.304439327220304
79270,7.218941107165665
79272,7.055426924227357
79280,6.450960905042788
79282,3.412317245804683
79296,5.829298269356746
79301,4.320845684157472
79302,5.1240340900511
79310,3.7999423861516797
79311,5.068752510570466
79322,1.7085860954566479
79324,0.9111508978641192
79337,1.123297607503115
79348,1.1235302930154085
79363,1.7487904580356837
79366,4.643989493274912
79384,3.9226091414912507
79387,0.898802677327541
79388,7.870697924184393
79409,5.3783241279008
79411,0.8997555429191375
79413,1.105013516896343
79414,1.4704606443670216
79417,6.040283923981644
79418,8.964698850757728
79429,1.7642415463937988
79430,5.651887950311791
79434,8.345770822114014
79438,1.6978194807811664
79441,7.759924235486654
79448,0.8799158838230783
79451,1.7076977263569355
79452,5.108212362233441
79458,2.624334774112541
79471,6.420771993297743
79472,1.0473154089346721
79479,2.8983351247048206
79481,4.586549999437139
79489,2.5783661721903983
79490,1.0985042322998217
79491,1.074271337605555
79512,4.905129321736485
79522,6.834708060272221
79527,2.7507386951809982
79531,4.125232327318149
79537,1.0757727934075874
79550,6.755298414535303
79552,2.121693066999973
79555,3.5535948000836854
79558,2.7978159135232
79561,6.463851791422178
79566,1.6798909143450933
79574,0.9166498524256714
79586,9.585223361523646
79605,2.9621566930302263
79606,3.247666039173041
79617,8.803570704785907
79626,2.976381942663462
79630,6.913697676839182
79632,4.520821758739019
79633,4.490424428588233
79637,5.831033852094938
79643,4.73974066286016
79645,2.854199796328846
79647,3.8349456668320476
79654,5.584418220968452
79662,2.8064217311566955
79668,4.680591276274088
79680,4.283391109376218
79681,2.705996386392063
79687,2.6817925702914325
79690,5.247201272317782
79693,7.098852053069204
79708,12.06970408802784
79711,5.935398260581693
79713,0.887057870304317
79716,2.2968957340946092
79718,4.182036038092058
79721,1.7182249474094045
79728,1.3471584349591597
79734,1.133250984829477
79742,2.957846808619516
79748,1.7712088551107477
79764,1.0560337446147803
79772,3.1332008238361313
79774,1.0595647382728712
79778,5.749566858274933
79780,4.5494443502569855
79784,6.455108139797858
79785,4.453740656134717
79786,4.08550474550249
79794,5.114771114749844
79798,1.630652635321518
79802,2.619501518271344
79806,1.6799006935461387
79815,2.7553199234392496
79830,4.705705241741243
79831,3.3817744580497306
79839,1.1431142224815556
79841,5.983080959441213
79849,3.582050742991036
79855,4.405869921072795
79860,1.1238377019178287
79863,9.351717514469406
79866,2.4170445565638174
79883,4.626378801306711
79887,2.9381646582311784
79906,6.72494276848839
79910,4.445844671671344
79912,1.9296268786638908
79924,3.4665451991763936
79927,1.217127288398148
79929,3.537330286612764
79933,1.103916233639218
79935,6.804361642811877
79945,6.706606070144365
79962,1.1116465406966731
79976,6.150164828428462
79977,0.9240970440780245
79988,2.7605852285532757
79995,6.2192189191166785
79998,2.749073601010344
80003,7.880557286336989
80005,10.328471810659417
80012,7.74050916811149
80019,9.794669620640901
80033,7.531496811272626
80041,5.244928357862541
80054,3.7549147078327048
80056,3.1351053408402265
80062,1.0996583068086658
80065,5.6992153582997975
80075,4.181321671103671
80077,1.7966020501400606
80091,3.3011149231385692
80092,7.550913056677353
80093,7.6357897645216655
80102,4.672514252813885
80109,1.1536915151887226
80118,5.130907022140023
80127,0.9190449543109418
80132,5.838587063508367
80140,3.072628279510794
80143,1.6831621719713774
80145,0.9246936866256004
80149,2.126038058205655
80167,3.4423887116909264
80174,9.738789655467247
80180,0.9086787995020074
80185,0.9172139842353153
80196,1.7062883740465455
80198,5.920558052571254
80201,2.528268295754393
80203,0.8931590428010123
80211,3.8812538479157705
80213,2.2233406608988333
80218,4.136879497984983
80221,7.7282582533091055
80222,1.954040240584063
80233,0.8789894534647971
80235,6.794670183049194
80243,3.336654807503976
80247,3.030503009349844
80255,5.567254755827337
80261,5.905858670668288
80263,2.2383797750570773
80280,4.271738640533908
80289,3.9236035120520794
80290,2.833755962970898
80291,8.660500576921617
80296,4.518622087628376
80297,4.130426981928431
80307,5.888571801286631
80319,3.8125809952150154
80331,0.9058274012834118
80332,7.171564066755116
80337,2.6795956648254062
80343,8.636289775136182
80347,5.704301943964342
80349,5.120466497567839
80354,0.9110663794016793
80357,7.59733899658668
80360,3.090931493959683
80366,1.0738526650507398
80379,6.7206693950718694
80380,1.0571310021406726
80383,6.916673967574225
80387,1.040225535756227
80393,6.1460796636274715
80394,6.181488633540734
80395,1.6708580644023714
80403,2.8732325509785595
80407,6.90627308768986
80408,2.6500837672939133
80414,3.4696114495681485
80422,0.8639115964319379
80424,1.1412054010765367
80426,2.220585758914826
80428,0.9149171311339059
80432,4.686620883615408
80435,4.040979150812122
80441,4.9222485064478185
80443,4.0879414968872085
80446,5.885375068911323
80454,9.760520494826155
80456,4.3294095306007
80458,4.837711320245521
80471,6.731760399820402
80479,5.6246761347685155
80480,2.798602066892406
80490,2.9235556402665983
80522,3.7268056267818364
80528,0.9293560370785405
80535,8.689902482937107
80541,1.7842691479666266
80542,4.672171773936842
80554,1.9365176967620532
80558,4.051576348085004
80559,5.838282809393056
80560,1.7375911515403266
80568,5.279709912826744
80571,3.7285489769205626
80574,4.619945120713891
80575,1.0538228147613964
80576,1.1075082944782246
80578,1.1184630803057494
80579,4.64408920259212
80587,2.170987658480483
80598,4.735561536480337
80611,3.2806470647964336
80613,8.690647897503828
80615,2.721188040882421
80617,4.877614104597396
80619,3.0874144209152328
80622,1.0746125012167989
80623,1.5086951101091595
80626,3.6670968779292488
80628,0.9074640969108514
80630,6.585966863398733
80636,1.064708344443404
80639,4.639600702529993
80644,2.6920759757886756
80647,6.089548785494859
80648,3.0001287647642596
80655,7.991547236919847
80656,2.1084259976151976
80660,6.313156900954814
80664,1.4666836940071342
80667,5.852966203373295
80669,1.7243247461300575
80670,2.767559050003916
80674,4.6580092064297185
80678,6.6323652055665265
80711,3.7220342479399355
80712,4.633117338431184
80713,7.855679354278711
80714,6.064636048026754
80715,3.872274518707515
80716,2.7604582780954825
80717,3.6242883778167325
80719,1.7003889723493293
80725,5.639919929159023
80728,3.8050739020495103
80729,7.2070878716874525
80732,5.7714021819693375
80749,3.0952222761330126
80750,2.908398938668511
80760,0.8908480264955241
80766,3.542344032551498
80767,5.972780003884745
80773,0.9414637318474908
80774,5.999067404538194
80781,2.677356767917815
80784,6.487668642815892
80787,1.1947555042632492
80789,0.8958603660474131
80799,3.836647253441557
80805,5.502435176438742
80807,4.421094227833487
80811,6.62052339178962
80815,4.666411003248344
80816,6.026413564497071
80820,5.680592890397096
80830,4.079175620849514
80835,1.6774486869029883
80837,1.1128328644716383
80846,4.049999681402342
80847,6.95047962467471
80852,2.968847331043021
80854,1.6992105232172805
80856,5.094421520586616
80860,6.080247048147427
80866,2.7241975409536576
80876,1.6616409377405472
80885,0.8579872313062835
80886,3.748901037994191
80887,5.679350166991575
80888,1.6742037116790032
80898,4.977334835543054
80899,1.075720984469823
80901,6.894828551129699
80909,2.674933882943635
80911,4.7447819618163525
80916,8.773451085467482
80917,5.733525049949169
80919,3.5252000973307385
80922,4.656221201080628
80926,5.825720287068517
80927,1.7348847442168993
80932,1.0764787312945914
80933,1.356025866183022
80935,1.654358883307669
80938,0.8276149461640179
80941,1.7181796565756864
80942,5.716559257935806
80944,6.124260026688766
80947,5.622544067341286
80953,2.834426929078785
80955,6.785950695400359
80956,3.5269992553263294
80964,0.8977702293222709
80966,6.922821630251989
80971,1.6739066273995005
80972,1.022421289092554
80974,6.585364029346096
80982,6.202151190844747
81003,3.1955665503364803
81007,6.7669616340143754
81010,10.050760212579068
81022,4.851820692421461
81026,1.1238334236772962
81034,6.712012239925652
81036,4.8846560395259315
81039,3.081941610213552
81041,7.525703766384865
81049,8.22015292325575
81052,4.04796044451628
81057,8.96708039023341
81058,7.626171922906726
81061,1.0720344307514402
81076,2.57819802311546
81077,11.005958784844463
81083,6.796282877630732
81089,3.1695426494849346
81090,1.7572924915834145
81095,5.730964274084581
81098,6.645823690553823
81104,4.909228792032657
81107,2.74160000897162
81108,1.1251597987312145
81110,4.6043188988061425
81115,1.762172746905485
81118,2.865321378984481
81119,4.2855896173680454
81128,5.468260463193428
81130,7.044314356306337
81136,1.0544176301920776
81154,6.3682582697934125
81155,6.0315506714638065
81158,6.555276246642039
81167,2.8577702527868736
81168,8.091063878796835
81169,7.6114217822711225
81170,4.582485587433002
81179,1.7861795777312395
81185,3.7935632939101853
81195,3.7169616886386683
81208,1.763670709587236
81213,7.707466009864675
81216,1.1096296550691656
81219,4.343344209799853
81225,3.33489099516347
81226,3.7492135891006524
81232,3.7094214409488955
81236,0.8446310532744197
81240,3.0450613718909216
81246,4.0245593087929885
81247,8.968412669508883
81253,4.135476550356876
81257,8.15754931504116
81258,7.424621357966647
81260,5.901608489629715
81262,2.6899431164797627
81264,1.6733222047970346
81266,6.620741031300396
81270,2.745374105742795
81272,2.674056391723075
81276,3.6511061941534737
81280,0.9126498681227173
81291,1.1099564162899247
81293,8.205531781164334
81299,1.0960260116936467
81307,2.1074123008309615
81312,0.9047831342111023
81316,4.06233625848971
81321,4.802024125365991
81322,3.9580534070321893
81326,3.2193027862277708
81329,8.003701460424242
81333,5.627981962455018
81336,1.0905651750338325
81338,2.5988048023792856
81340,7.106672172788315
81347,3.7143184676165055
81351,1.1292782257862641
81353,3.8808263710913935
81359,1.7630816710816264
81363,2.6989645864785254
81384,3.7077443238115086
81391,7.744287054190972
81396,5.095258038018818
81399,4.123747156175397
81404,3.422910578326862
81408,4.109389820159863
81410,3.0903372183818956
81413,3.809855900097013
81418,6.976277987125109
81430,2.651338804346559
81436,4.075194721420869
81440,1.056471266170568
81442,5.169177210513404
81454,7.011926583278157
81457,5.769257218269022
81459,6.191115946217142
81464,5.807034287792332
81468,6.50429735703679
81488,6.767149807304133
81493,1.1098736104782656
81500,7.197580480815597
81502,8.77543814297011
81514,8.114012170763782
81520,5.146590121088426
81533,4.00577244705564
81534,3.6214118922769076
81535,4.285069156842483
81542,2.9108347981262614
81555,3.4704989245530005
81564,2.601062502158454
81568,1.9026287055387674
81570,7.161989523281614
81575,4.76689522868605
81577,4.948549122448189
81578,10.026345655504402
81579,4.8254572958669195
81583,3.219849329763258
81584,3.1595386966885632
81590,1.0702286264037584
81593,4.902503540872542
81596,2.756261333897597
81599,1.7167761927884277
81601,2.562493498619502
81605,6.094474219736744
81607,1.649970723453194
81608,1.0718774804499813
81617,4.645028595006973
81618,2.889452181542959
81619,4.804938250553256
81622,4.632516078342166
81633,4.606503482997122
81640,2.714275828012193
81643,1.7144599874238393
81644,1.7039425550490348
81652,8.655305504672805
81660,3.7996910380881244
81668,3.029542006861337
81676,3.230671861993721
81681,8.812839755531048
81683,3.7032201182157083
81689,8.294459089261144
81691,3.879680134105471
81695,4.978056144690359
81707,4.451014657367565
81710,1.0659214526936966
81718,5.702268674964902
81724,1.0790474217290975
81734,1.2333985794454208
81741,5.042677193778445
81756,1.0781357975118477
81760,6.327923266982091
81761,3.5283065622323684
81768,5.094870366047093
81770,6.731763095509342
81777,5.935188471450784
81784,2.148128773789215
81788,3.0858013883455975
81789,5.155982255319015
81790,6.527319282131426
81803,4.051189291127503
81805,7.76156167016902
81807,1.1357798895340872
81810,1.7189536514600827
81820,1.3326793509843289
81821,3.6076482540199954
81825,3.122830243231653
81831,7.726564362250144
81843,1.1001393462421145
81848,1.0530061328280462
81850,3.801987950622614
81853,6.739340060233704
81855,5.8668142117588
81856,7.75772026982338
81864,0.8844132427180997
81865,3.699268460144709
81873,1.140492980137532
81878,5.110458140152818
81879,6.746757462379636
81882,7.879387622563236
81883,0.9077893454111954
81891,4.943746301558123
81893,5.897466902164285
81895,1.635456969213887
81897,1.663909233930743
81902,2.9057774674905232
81905,5.189204678317606
81907,6.058913025703175
81913,2.8162177126965053
81914,4.741144001433178
81920,6.038356193514874
81922,5.0817371601621915
81927,4.6266582633722235
81937,2.885094661137036
81938,0.9066341482322966
81943,5.817193456281981
81946,5.778920759584071
81947,4.837807891504846
81948,1.6537431170869317
81952,1.1339654321273165
81954,2.527777750638169
81955,1.698558003471227
81966,1.0602950831404518
81968,4.5695462099323985
81976,5.078453807837901
81987,5.634429615832857
81988,8.853705198952412
81993,2.7097978781314698
81995,7.726907086078634
81998,9.070091684644026
82004,5.681832823869289
82007,1.0945709822659215
82013,2.847752751038905
82017,3.5776064260432445
82018,5.944498461996247
82021,4.016804701365901
82033,10.63729001520812
82034,3.7146647260505574
82060,0.9155318343982879
82062,1.5931934140079855
82065,2.6193668487157153
82068,1.1322894933832743
82074,8.020205210471532
82077,6.607653134049912
82078,0.9021395554383655
82079,6.1258752381702575
82085,7.3111337038551225
82089,3.486060412196286
82090,0.9979957727990811
82096,4.677945673469357
82100,1.113691687272262
82111,1.0831710664143106
82112,5.120710892096078
82119,5.016817374110843
82129,8.669517173684547
82136,3.37726653773517
82144,3.0860052904826993
82149,2.7545944909240365
82157,5.712950548215124
82159,7.586906198127818
82160,5.968553859054191
82165,3.764954788723739
82172,3.7303405202901936
82174,4.683632492839574
82191,2.833142880249917
82197,7.078559220045104
82202,1.7099752175347693
82224,6.082404308229977
82227,4.3223749621242575
82231,4.184024824096098
82232,1.6848306460414837
82238,3.792491746321072
82239,4.832043270454698
82241,1.2228465993466289
82244,6.271897258991441
82250,6.9556572035461315
82256,2.1263354065958495
82257,1.184890400001025
82263,2.535608490250167
82264,11.013361389156309
82273,5.627067191693212
82275,0.9020326921175257
82276,1.1708597857032261
82278,2.7203769062832155
82282,3.012759629832891
82295,6.09365824372132
82298,4.590128644934644
82300,2.597195409924222
82305,2.757941955459642
82330,7.624780989528373
82335,7.697128972044396
82336,9.580890661551123
82337,5.282912924274149
82340,3.8791774677384776
82341,2.228396245418368
82342,3.1391912030749527
82343,1.1679047255871358
82344,3.1059024677531566
82350,5.302254148681039
82351,4.989047760365484
82355,1.6935324662547888
82358,2.8828294626360815
82359,6.706181805831941
82373,1.172079906677867
82375,5.64832566129822
82380,1.1618027300965053
82382,7.719519483697361
82393,5.716476840703958
82394,5.63069051379006
82399,2.888984271216601
82405,1.1281331283523088
82406,6.636780819737385
82412,2.9571572269588726
82418,4.467893781573067
82420,6.706466335037927
82422,4.090274626285752
82426,4.0457107536456505
82427,3.5011609160482124
82429,3.1324379339117736
82439,3.509603102921898
82446,7.925998896125467
82447,2.939891195028718
82450,3.8873990018938827
82468,6.0791526749196425
82471,3.8120505439884083
82473,5.847424489980197
82474,11.136232310223608
82478,5.76826657775905
82483,6.093128963559387
82498,4.707178111220489
82500,5.726321659704998
82512,6.813759839835974
82513,6.119429031895042
82516,2.261779434424601
82522,4.658167217150561
82524,1.9307689385870321
82532,4.733057673666438
82535,1.7476296138676592
82537,11.093274071334582
82538,5.82892096357967
82544,2.7924716422481515
82554,7.619884927312395
82559,1.118408218609933
82561,3.1460727861613105
82565,6.834292509180109
82572,7.595671342396612
82574,4.297828094026943
82575,1.6236014829066638
82577,6.781020110980499
82581,4.108885827364654
82583,6.659040755168023
82585,4.274334822641312
82591,3.5887849138702004
82595,3.9813978213195056
82596,6.144111733559246
82601,1.0603668549098848
82603,1.0876144052538148
82607,6.75793941261449
82610,1.7660897065121226
82611,10.53047898279993
82614,5.66436920643654
82617,8.736038792079764
82618,3.4539830732586703
82627,1.721963164261247
82628,2.6119262052464567
82631,4.033704403549316
82633,6.134819396231185
82644,2.6575473796644205
82645,6.996465549857206
82647,4.789840882754934
82648,4.0363517428982245
82652,1.846226258411658
82653,1.1328352730563958
82658,5.155271792383935
82659,5.89353893310259
82660,2.7882122544152805
82685,2.095528994634928
82688,9.956680566316681
82691,5.776873550120429
82693,1.9485081724172115
82697,1.0252211926102603
82699,1.106742907783235
82701,1.0731946907324637
82710,4.578799480222084
82717,1.0658369154865124
82718,8.591871804399243
82723,6.054666738688069
82725,2.678232865741579
82730,4.577696005501005
82735,1.7887235179721035
82736,0.910516621759696
82741,5.7210572957981505
82749,3.757286094121764
82754,3.873520194722473
82755,7.708930027871505
82757,1.6650971601150322
82763,1.6333560180857263
82771,8.869589330089866
82775,3.478748526790884
82789,3.6460583016345405
82792,1.1145289491324855
82795,1.9329219849263959
82799,3.64023755488008
82807,8.572084030673537
82809,4.092038855491467
82821,7.6972551180814035
82831,5.780338234158729
82837,4.730626726091991
82845,2.6272770581615754
82848,1.757772499991629
82854,6.682605917751064
82858,1.1996907198573012
82864,4.620295533536138
82865,4.961615685512216
82867,5.4353269568246585
82870,0.8797106013312437
82879,1.6620463366661506
82880,4.494352244799503
82883,2.70956358623906
82884,1.1434543995920343
82889,2.7891934472114803
82890,6.200751966497546
82900,3.572834285495384
82906,4.914438933696975
82909,2.749098482526132
82911,6.128826553501379
82917,7.247855815725377
82918,2.9549834707775666
82922,1.6716691752699027
82928,8.079202896381931
82930,9.723075629336648
82937,5.3449250178537655
82940,4.942903272551152
82943,10.742437057906029
82949,4.750752554847376
82950,5.847694778102308
82961,1.0858122139710762
82962,0.9273017656472362
82963,7.94396951660102
82965,1.4824513242945812
82968,5.176469410833827
82972,1.9571461430578503
82981,0.9194438269907526
82985,0.8785668555453303
82988,2.0588923914729804
82990,2.5573211633679955
82991,1.703875261317009
82997,2.198689167716504
83011,1.8093636764797667
83012,0.8941874287574514
83025,2.7424721588423635
83046,5.063099075187396
83048,1.916207776894904
83052,2.765178396987098
83086,6.537798763628343
83096,1.7176047872899214
83097,2.1119703990758767
83099,1.9324989611972825
83101,8.672505406036436
83105,1.1831830083755204
83107,8.032327224728292
83109,7.999569160026284
83135,5.710477300222194
83145,6.72471845378551
83161,5.073508763826105
83171,3.9745074622754495
83173,1.8966001704494126
83175,2.9048762460185404
83176,1.1194969855673147
83180,1.6738476462925296
83184,5.277629286451752
83190,4.032555366415822
83200,1.513311354343176
83208,4.904033136357018
83210,0.9294248663993279
83225,2.8649160155010396
83227,1.8285405438714912
83228,1.7447880207783322
83229,3.235808896492484
83234,4.62404061258654
83238,5.747102907127436
83243,2.0786811408551116
83247,3.8377180502706687
83250,0.9014771408386544
83252,3.721457725268577
83255,6.959626123085889
83266,3.30771072544525
83267,2.7036050889382386
83268,4.986710094564457
83269,1.6951366978942208
83270,6.733941162088485
83271,6.740540095740668
83278,7.944653705914442
83290,4.012144207409691
83292,6.589319439290755
83300,3.2943550513156494
83302,3.7539863126329998
83303,3.8519400702482414
83310,5.08362052929445
83315,2.5871050107768534
83319,7.768686033674053
83322,4.080200211408467
83325,3.7444409704778305
83327,1.1785547362961308
83334,1.0794499282349372
83335,1.0794399946223665
83340,4.6445210892933595
83342,3.043381961310999
83348,10.522787597448897
83359,1.078825545769568
83367,2.6103276199900263
83382,2.9089644139397874
83383,2.879428438180156
83390,2.1961169725354575
83391,2.656860350078456
83396,8.927682532444406
83400,4.764183937418157
83402,3.8895794315977437
83409,4.03147501460134
83410,2.679762456547535
83411,3.927600163462882
83412,4.7040575716554525
83414,1.0100853025825982
83420,3.1107322465158536
83421,5.829271722164265
83430,5.878067192547885
83437,2.6314440010776337
83440,1.6853947444391593
83445,1.1061850330625647
83446,8.655719767122234
83448,7.624534467865437
83460,4.870098627133234
83461,4.774872484066927
83464,0.926614532109129
83483,3.862316755277848
83484,7.470734647329293
83504,1.7280917390565032
83509,2.090163363201396
83511,1.1691140243531843
83520,1.1093239487183282
83523,5.6668481049047
83527,0.8730522726444536
83530,1.0465635062085563
83553,3.705040321030182
83555,5.152062592917292
83557,1.9474010265614083
83558,4.415671238014416
83570,1.7835750223794564
83583,0.9241608283650442
83603,5.738214995898727
83605,3.90598745034789
83616,0.9017770626095185
83618,3.736256364916214
83619,6.044290119157729
83620,4.605465470916873
83631,6.0657226763801955
83633,2.7476044877123513
83634,5.237712848333956
83638,4.783686150859102
83644,3.7397174480588893
83650,1.9243594161298754
83651,3.10704348199216
83654,4.953878882479009
83659,5.458628152716882
83663,5.502566845582507
83674,4.733502842522746
83676,2.1858888709393307
83680,8.678299289639018
83691,0.9149527403695963
83699,2.9049913815815858
83702,6.032203796621912
83705,5.31881423463946
83708,1.9267588562464204
83709,5.166552788079118
83713,1.6898032739640505
83720,4.65376886133272
83724,6.041229515962195
83725,1.124335891669407
83727,1.7483523308446465
83728,4.7346841804982915
83736,0.8806867015529907
83740,2.227599302758544
83746,5.729082633195251
83747,6.391006510964113
83748,2.6570941969701325
83754,7.114352851614287
83756,1.0784804714693923
83762,3.6264620057890515
83765,2.755929893289215
83768,2.9578741441715457
83778,0.8582313619770163
83782,4.677143778745818
83821,2.080978971583784
83822,0.9094705229033284
83850,2.447385037470447
83856,4.230092960657291
83862,2.717005689608601
83863,5.686471845664447
83864,5.629695653634757
83868,4.7385441383380895
83870,1.1419666129745227
83882,2.7399386642170365
83885,2.9384541894579437
83886,1.115384657599869
83894,3.2857609239359333
83896,4.8557385613555395
83902,3.622289984306053
83914,2.8807054583614775
83924,6.477845650457304
83933,1.8221159298709306
83937,1.7591052925757449
83938,4.028046015816011
83941,3.634285388660103
83952,1.5064443958526392
83958,4.67014530793205
83959,1.7397939377037805
83961,1.0876426993104755
83965,0.8776994343933655
83966,6.146915722760432
83968,0.9645360524901911
83974,3.7291097041916825
83979,3.838019259597569
83981,2.1187195084161843
83990,8.636322715161953
83993,4.768781392538969
84002,7.665800638654243
84003,1.1109127297335508
84004,4.044622276678382
84006,3.046941416298505
84011,3.6204034490438985
84027,5.861475233508797
84032,1.646453622315868
84049,1.718228311770989
84051,3.111556862267176
84055,2.8776833202743166
84056,1.929940656426778
84063,1.0447862559375007
84065,5.11191680127964
84073,1.1140239474768836
84080,3.8849315658362484
84082,7.642175388169664
84084,2.5890198229936683
84092,4.444624906044091
84093,1.6928225528623266
84097,2.0939496535130866
84102,1.791046049783874
84103,6.609874429645152
84109,6.083540380972747
84112,2.6983743582597897
84115,1.6532265489834779
84116,2.766405569090096
84123,1.8998785142497692
84129,1.650644475863765
84131,2.662943028170649
84133,5.085162937351539
84137,1.0312928007415376
84138,1.1337630029065258
84145,1.8191375514689963
84146,1.7069903653890925
84155,7.806104410795012
84170,3.8819117355991013
84171,1.758887614328016
84174,2.71104999120129
84177,1.8344946727243858
84179,7.052703334688544
84188,6.653020447806556
84194,0.864854991296109
84196,3.5850718228058036
84201,5.5382284461389935
84207,6.675138437975676
84209,8.932225678642368
84215,3.2647875505457105
84221,1.1086807726825736
84228,2.5519107015559648
84232,1.8559424335851622
84233,2.572167236667244
84236,1.910175668291572
84243,1.7214480010687296
84248,7.443662685992326
84252,4.022330102703421
84265,0.8679833460079256
84270,1.878151201384643
84286,4.57148916716777
84291,9.880676174511729
84301,4.077163784680069
84307,1.683186772028086
84314,4.924657509855032
84317,3.733953072677396
84318,1.8106455286757481
84331,1.6719353048044407
84337,3.762511227942833
84338,4.900191001517502
84344,2.9353786519352205
84349,1.1209723546138433
84350,2.8878026486687
84351,0.8953553554517533
84353,2.6301147175294215
84356,1.044451595031871
84369,1.07059708076976
84375,4.024455471908377
84376,1.091021097710584
84379,5.153417094030558
84384,4.50828531469457
84387,3.610364652522091
84389,6.6039186742117
84395,7.353807535965782
84398,1.691308283580272
84405,5.879438211768445
84415,10.07326105985991
84421,0.9170815711750326
84429,5.130876756922125
84431,2.7033106666471953
84432,2.789442663630195
84439,6.658295638934117
84442,3.0692117493716267
84446,3.964305012842364
84460,0.8932848972425931
84473,2.052723786788813
84474,0.90775792810483
84484,6.764573492612576
84488,5.7307256472355625
84491,3.1043504533949307
84503,1.7899917929973523
84509,7.812150203777896
84511,5.19589912908502
84515,4.57149643188613
84518,1.0888915156661905
84520,1.690613383606686
84523,4.308252383146889
84526,5.35683394066876
84527,1.1657895557339901
84533,1.112134752982521
84541,3.8730001779359493
84542,8.62851795093168
84544,4.740266446718575
84547,3.1097156771782917
84549,6.5950317912366
84550,7.949049161472429
84552,1.205259944793871
84557,1.708107598438274
84566,5.45619259962181
84573,3.9757008021990594
84588,3.7614293538875923
84596,2.715016476899006
84608,1.0498554255765016
84614,1.6857524273679432
84615,6.618738192631729
84631,4.761779662594355
84636,1.159062846775281
84646,4.69957620864969
84653,2.149501877496675
84661,3.08504813308439
84670,2.7605135996596637
84693,6.3248131385841155
84701,2.8133787665897305
84709,6.179357081661431
84710,5.624382200765554
84713,4.692924757710217
84715,6.145458238744952
84718,2.171720901504393
84719,3.71642248198697
84728,4.23735170501086
84735,1.7208514647016466
84736,6.0242728547822
84740,8.823445349703748
84741,3.5371241882198117
84746,3.107360036686381
84748,1.076999243398793
84749,7.9713407840350055
84752,3.6637102227718095
84753,3.105578324350234
84764,4.633603657105705
84767,2.123360124510708
84769,7.665354538129112
84774,2.914720694694405
84783,4.641076062860771
84786,4.830543804786233
84787,3.3881729346698055
84788,8.900881811794747
84794,3.867220013932613
84800,1.1995088968518277
84816,1.901312114059881
84817,9.35506366703989
84822,1.6641953936993867
84824,3.8001220436351657
84827,4.269612502582194
84829,4.774229419647771
84831,3.6873031262301734
84835,10.922438190127762
84836,0.8831613862998791
84847,3.67311301073173
84850,3.4831510686496454
84864,3.1065878578635484
84883,2.091702911436566
84886,4.329143227733818
84891,9.167778278002707
84901,10.104882213946262
84902,5.904242793827708
84903,5.062013857511504
84904,3.043393010301501
84906,2.7831716435629854
84914,1.6932737910019906
84915,6.746886860375563
84916,6.089003248564941
84917,5.098721459705373
84924,1.9028814906132823
84925,4.444448464647283
84928,1.6935373095485695
84930,2.1357041072692473
84933,3.8806039435452515
84939,4.051531841905832
84941,2.294834788718797
84942,3.813897648129903
84949,0.9188251433826271
84952,1.8288745433756852
84956,3.0563270532253517
84973,1.7276524329056993
84987,3.3567620323459604
84989,7.611602419784894
84990,1.9772107602471363
84993,2.354661222366435
84994,7.117784024377325
84996,6.977561793605737
84999,3.809616869972113
85000,1.716802338552284
85008,5.311023426144707
85019,2.095990440627664
85022,1.0968931567497529
85029,1.6586211670871087
85034,1.8969169379811621
85037,7.649067205274212
85038,6.435915644051589
85041,2.783444063245055
85043,3.761620458078454
85044,1.9451270419829845
85045,2.793685526332551
85048,1.0728723283284136
85049,2.6327999006211686
85053,2.117614274848938
85060,7.082052597774208
85061,6.026086301704805
85075,1.0707119300758405
85079,0.9082915253451445
85087,4.4186840507678165
85089,5.167473566864748
85094,3.0890533971560648
85098,3.054370313902708
85117,5.663751540510782
85130,0.9182912768743967
85143,5.595934580431981
85145,10.642354578092057
85148,7.020614003701782
85156,3.932350677242132
85167,5.402734468481977
85169,5.90435515880104
85170,7.080475228930478
85172,2.8218068025813032
85174,4.473532428969614
85177,1.9098963025672124
85178,3.31655251386493
85185,3.208717578751473
85186,7.125506118666328
85192,6.450676454729884
85196,6.038589954138617
85200,4.754430126161569
85201,1.284726171641788
85202,0.9917228106694425
85211,2.753717432655904
85214,3.114009761154516
85220,2.9289097237700217
85228,1.1822482400162517
85235,3.1295450122100124
85245,2.70629141398835
85247,7.6930377994778425
85250,1.115681224816615
85253,1.0966245854042338
85259,4.652548840915139
85261,7.977774070609307
85263,4.087577576261879
85265,3.4931191286927765
85269,5.899429830569558
85279,4.504113982965798
85284,3.5130008906871426
85286,3.1619638317276273
85287,1.0113085113124294
85290,7.914906147386997
85297,7.0822078835232976
85301,6.137268937882326
85306,5.4418597569603175
85312,1.0741891797086116
85325,7.155074747467675
85327,4.656239799006234
85339,3.897038253644927
85343,3.778154005593079
85346,1.8917952208780946
85350,4.314167434612251
85368,5.038189182556231
85370,1.6743342643164598
85372,1.7338395971583305
85377,1.1029219693266015
85378,6.928540930459334
85385,1.2591994204353973
85386,1.6831002602869267
85400,8.953360145346327
85401,6.062404776319481
85404,6.6273709101027904
85426,0.9096470886714227
85435,1.9332705506544818
85471,1.0557355293206556
85480,2.207906888976663
85482,8.423689450415942
85484,5.673445774126638
85491,7.080416066890048
85500,1.9244823399792943
85506,7.007050574391011
85522,12.2466012251719
85526,1.0563902990301677
85533,4.574363494339872
85535,3.5260323364583646
85539,3.9736265268860453
85543,2.412582921887185
85545,1.065231904445783
85554,1.788748852578343
85555,1.5749238106477224
85560,3.2374335662067057
85563,6.076202634902383
85570,6.190691229127111
85575,6.571038405601362
85576,3.0813548050218755
85578,4.835594530022567
85581,1.3574194995216602
85582,2.7395586016941698
85584,5.6410828629134775
85585,9.884032148905547
85592,3.8615044564519354
85594,0.9099653677207566
85602,2.7002411771479045
85604,1.0828799985216846
85608,1.1650550909103412
85627,6.788925272846929
85628,0.900253754206207
85642,7.553752126136839
85647,3.1102823227337444
85652,3.43651262178275
85655,6.101301956993049
85666,3.3153873672197633
85671,4.211011960008916
85674,6.211539603129175
85678,4.778059434106062
85685,2.7786203333616184
85686,1.7996050797154615
85688,6.030938537232503
85698,7.66069298394513
85714,6.686899560906609
85719,1.1241290274504117
85720,1.209542418698482
85727,1.661455399417806
85735,1.2241389994155392
85737,9.64011321420487
85740,5.809739089709188
85741,9.953972572936394
85752,3.8085834810098396
85758,6.881756224207363
85761,3.075137788880045
85762,1.0368867472405845
85774,3.8658253502159847
85777,1.8098124771852846
85778,2.15653137790808
85779,1.7924167924702368
85786,7.553862646906816
85789,2.6897214049941027
85791,3.0687906972684704
85801,6.52155166296524
85802,1.643274838863832
85809,4.144202174332517
85821,1.8598586096009826
85822,2.7350440603409494
85823,4.507000191200618
85824,5.666950857296965
85828,3.6002779621740975
85830,2.8138944954293454
85836,2.6205517659892967
85838,4.446073623757116
85840,1.0469067001201178
85845,1.7196162818091825
85849,3.0720381957034997
85856,1.755550809428867
85859,5.85446689998875
85873,3.547509673422977
85883,7.739674896488775
85884,1.6679094974135937
85887,7.088818440879371
85888,1.6690722942469671
85893,6.04977214810344
85899,1.547528933090768
85910,5.920955121696007
85916,5.531052133838581
85918,2.9195632715665822
85924,5.739293077739765
85927,5.0691226935215825
85929,1.9425052753464112
85932,3.093240287030138
85934,0.8621524280754858
85943,1.7061405999920378
85951,3.6996345774109045
85978,3.060377691238296
85980,8.051158153829835
85983,1.0652956201081194
85990,4.69319297397386
85993,1.9251846132898862
85994,2.1043291149787073
86001,8.210826771883934
86003,1.1331778201772544
86005,2.648635278371972
86010,1.1340299983476054
86011,4.647332437173382
86021,4.720319315679365
86026,2.645544297543095
86031,6.922722245007883
86036,5.734272402762952
86038,9.167024401553263
86039,3.563563952162669
86042,1.7044917351240056
86048,1.539894509410935
86049,5.413943199575796
86054,2.243639966036438
86059,0.8926057126817879
86066,7.116341619363347
86069,8.682514554539296
86071,1.765304476359379
86072,6.069040606668555
86074,1.6690259056258663
86076,4.273925214195446
86078,7.617896055489316
86090,3.731555252212973
86091,2.5348595998070422
86093,8.80461312885904
86103,3.8133159148736153
86107,6.902269387385386
86113,3.5302003127882395
86122,2.6731577652087504
86128,3.7710965203909437
86134,5.097367695606002
86138,8.628431879746003
86142,1.634140459982222
86143,10.979713623677384
86149,0.9253937786164639
86152,2.4201081276153227
86154,2.563307739849466
86156,3.9590400916647734
86159,2.9797305140388435
86167,0.8734399118453142
86168,1.6729598997374673
86171,2.777211290927315
86172,5.41273909018096
86176,8.958762863086012
86178,4.674026231601607
86185,6.7450492063313
86186,2.7645037108137513
86187,1.1325944107437373
86188,0.9033835450228573
86189,3.10057110179175
86192,0.9042391265036134
86198,3.015926752400421
86200,1.1018468626383529
86206,3.7178109617969084
86215,5.766981218098636
86221,1.182713853197915
86226,7.553255961773287
86229,3.790346969583492
86239,1.1571481875108844
86256,1.826838915240529
86271,6.11517569860105
86273,2.8464160402501233
86280,4.502535348677656
86288,2.6110288872243856
86289,3.6572399706649934
86290,7.735350740055347
86294,2.6433560633693016
86295,1.7485409771820302
86303,5.076750815425719
86305,2.0924865543100406
86307,4.9894298460759385
86309,9.47873868010848
86311,3.8240190816300705
86317,3.03972094510873
86319,6.488394557367163
86320,11.39124275520338
86331,8.926187421349141
86344,1.1218486136168169
86348,1.0992960132074736
86354,1.8027325307919373
86355,3.5804853974413295
86358,8.3359927011182
86362,3.8813116496366287
86363,2.717285444803095
86364,5.982285033792251
86373,5.6096539442592395
86378,2.133115934423463
86380,1.6785175405384396
86388,3.046015443681382
86390,1.0659609450521441
86392,4.078788136660519
86395,5.7376687202281484
86403,4.886878433154018
86411,1.8645985968905059
86413,3.8373769114158915
86415,1.0075412157760857
86424,4.575515472244134
86425,1.7256631077517852
86430,1.9167430479002987
86431,1.704039903795131
86435,1.9574500268858883
86436,3.6829520602440007
86438,4.652341888418416
86441,1.7295558768821864
86447,5.564957284297426
86454,1.0642255029535939
86457,3.8423514769319995
86458,3.171032410295341
86469,5.767815657473163
86482,6.754925630654214
86485,5.115319210686831
86490,1.1092769941870357
86499,2.866879991935849
86508,1.0451369112712956
86515,1.7943402343469153
86518,5.670437606859594
86522,3.6044298644141537
86525,2.6882968121995736
86528,9.847268033920848
86529,3.106454325158475
86533,8.230439350429004
86534,2.119751319290616
86542,4.762241803590253
86564,3.709018043482293
86568,3.110900472755023
86574,2.325273898544321
86575,3.0818972874006656
86576,5.521857727583389
86577,2.799740371820245
86579,1.714402540209039
86588,4.498391783807669
86597,3.6258710734932964
86598,3.6077095757006554
86601,7.834316679171452
86610,4.735796978736082
86620,4.063209094956618
86621,7.8717200073676805
86627,6.660461763891022
86635,1.8664491826844887
86638,5.378599972317755
86639,1.9133721922884863
86647,5.710578807501864
86650,3.718053479639141
86654,1.7009270623612545
86657,0.8945135171621228
86661,3.0767538854227547
86664,5.930463937902781
86665,4.482119043314164
86666,1.1222813510934073
86672,5.66108979196413
86675,1.5768043719020524
86676,5.153699455682303
86677,0.8953341465972091
86685,3.943112854692854
86687,6.910852073100986
86699,4.127740193752398
86706,9.557636556465116
86708,0.9163344121823376
86710,6.496554557803508
86712,7.736746101355267
86731,2.9291361999256416
86732,2.1443056141128647
86734,1.695672326666343
86741,0.906700046684048
86746,6.7800610176327964
86748,1.2846828273075
86754,4.889419878166624
86755,1.6560722446002654
86758,1.089215853643335
86759,3.43182988726229
86769,4.823629046377885
86771,1.6962981490312123
86775,5.98709245518114
86776,2.6965118019606216
86780,6.846691851865957
86782,0.8823088487759194
86784,8.570026725971827
86789,1.750536978163932
86799,4.149884182003805
86801,2.791351936416709
86810,0.8679523357701813
86814,9.75891786047398
86817,4.932141374647978
86821,7.315079005433744
86824,5.388003189461923
86827,1.776098774825258
86828,5.638948300434066
86830,4.712593856330692
86831,0.8610501951384717
86834,5.791046557264643
86843,6.88344100686572
86844,1.7618261907168336
86847,6.891642950679661
86851,8.785605843901454
86855,4.773318971425241
86860,7.417394290280213
86873,5.181253857290249
86878,0.9103836065401425
86882,1.6755128031130155
86892,1.9310005896356697
86893,2.1022030555851723
86895,7.770270875170554
86898,3.1958064853824633
86899,3.619174694840567
86900,2.7342282124130417
86907,3.559939442360634
86920,5.120177416159855
86922,4.573767134758064
86924,4.593370842538676
86935,4.755409955764063
86936,4.076138797580175
86947,0.8711874134527751
86949,3.0936285939370007
86961,3.189260465600083
86986,7.716200382907328
86997,2.0771912722343666
86998,4.173559399663952
87001,0.8902015853520622
87013,5.7731617755038025
87017,1.8069950109034174
87018,3.8836840379293642
87020,4.643131650647585
87024,3.3967641590705924
87026,3.049153032193022
87032,0.8821107368432313
87056,6.9201657269645445
87063,3.701509685129307
87064,5.905280879402147
87067,9.019795146976993
87069,0.9130957360673615
87081,2.157525384369406
87084,1.1150516666972834
87099,3.1439561022318605
87100,0.8442480863696296
87103,1.7000704578703156
87107,3.0086946575835025
87109,1.887484193952924
87117,5.878706922191296
87123,2.626838390472568
87124,3.2671439862657414
87125,1.0943233652413689
87131,1.18591537684551
87133,2.7354717246982223
87135,6.02078432490419
87141,1.7292515776300603
87152,2.7019393750051846
87157,1.083392667332908
87166,4.712819882001035
87167,3.8237851612898948
87168,4.386288028560491
87169,3.955902985793528
87172,5.677765707321777
87174,8.684263984835896
87175,4.908152696237916
87178,3.8820451085586747
87187,1.1538628346652846
87191,4.568821348852375
87198,6.360474305058201
87200,3.7467472777367155
87209,7.705888464503447
87210,1.7247605797280658
87216,2.6137224443629714
87218,4.4351797149056225
87226,4.05624627912161
87228,9.674937520864027
87231,3.005197316021171
87258,0.9177334558611512
87259,2.7371325208660604
87262,5.5131729222062695
87269,6.776919001161163
87278,4.612164546153005
87280,4.122269042837733
87281,2.878671571725197
87283,2.791579400860666
87297,6.881665138562473
87300,1.089299394702068
87302,5.593246984295167
87316,7.062037267398642
87320,6.92535482954524
87323,3.9891640596690263
87326,3.688360776185408
87335,4.6248166800766
87336,3.9621140787086353
87352,1.1594236612891016
87353,5.811666316412486
87358,2.9988629707466963
87360,2.7014643590194205
87364,1.8399913386548556
87381,1.0845315020850679
87383,1.7629874896719073
87393,2.788864013158185
87397,3.1332805536005637
87401,3.4200506786257807
87403,6.89023102093069
87405,7.903247441222861
87407,2.087098578577196
87430,7.686825469303946
87437,3.0496452035829775
87441,8.098607179022842
87450,10.808618864789102
87456,5.070298198034013
87465,6.561206406779354
87466,2.774411620419457
87467,4.574776922574018
87473,1.697164925310449
87475,3.693620813694376
87476,0.8952579671147083
87483,3.746055470373755
87490,6.123663084537675
87493,7.139382243624217
87495,7.713248011494954
87499,0.9054506237925191
87509,1.682674560293973
87513,7.768692990618192
87519,5.065210217057364
87520,10.061655021261744
87529,3.6676652697289027
87534,4.667727616223138
87537,5.68230265184488
87540,3.753530456912514
87543,6.97694580189773
87556,3.712352632963231
87574,1.6642253862733765
87580,1.771933995132144
87582,1.7405367479388714
87583,3.2977832758983765
87597,5.883285821809229
87598,6.1095572159565865
87601,6.94969182621789
87602,5.236748268697472
87623,7.622889105416145
87626,6.055790198551794
87630,5.7635287782899685
87633,7.835196165190929
87659,5.402777329635926
87669,2.4847032136668856
87680,7.3482060711999395
87682,6.400628695604253
87693,3.676399203413336
87701,3.6888370576377616
87703,4.13302392562801
87715,2.573001028045716
87719,1.4136759635490557
87729,5.047633463431677
87731,3.7205170429040386
87736,2.5000603733996933
87742,1.5056280497312473
87745,1.703024695955878
87753,2.0823048887747984
87756,1.027097044209352
87774,5.901558223384244
87779,7.64503296711086
87780,2.9487530803459436
87782,3.78044512834105
87796,5.649251289322082
87800,2.5960278073837593
87802,3.804513787544212
87811,7.316351086114139
87813,4.062828852829875
87818,3.7857684620198513
87819,4.062817667673583
87823,6.251077891236086
87824,3.9385700011956946
87828,3.0672472552396832
87836,5.031745769713504
87840,3.633113626481879
87842,5.802027554085067
87849,4.039562213655572
87856,3.965363773020181
87860,2.5519494843171975
87863,3.836138523185843
87865,2.7310852201594535
87870,7.414225155162271
87876,3.4525802281955746
87877,2.9970252690299533
87879,4.252683636338771
87882,4.099684761649649
87891,1.113979056473978
87908,2.721817971144846
87917,4.5315926922160426
87925,2.1181478824352795
87926,2.690501371536066
87934,7.12523365061757
87949,6.9041513079567345
87966,1.8229528186703088
87967,3.053325374780224
87968,3.822697374782445
87971,3.7778668376374163
87973,3.572874051274826
87974,6.714823073167672
87978,1.9186446905436525
87983,1.5207723359216785
87988,2.9526938231467588
87990,2.7104618695774283
87992,3.8851747070384945
87993,0.9302711074005243
87994,9.37530409762445
87998,1.9361458268717393
88007,1.7379485380727777
88017,10.951660853837705
88024,2.94493222407122
88030,4.166810070047071
88032,3.7246202294870696
88034,2.670824478020184
88035,2.7197968545203013
88049,6.658789105026651
88052,4.064576840528798
88057,3.773336598080403
88058,2.5501682055881565
88067,2.7808266498610656
88069,4.8950856999485906
88070,2.8241461063621687
88072,0.908179730448964
88075,3.2964811912783807
88082,1.9409916145395103
88087,4.6192657978136875
88089,10.194539493031048
88091,5.816034184160183
88106,8.920162261924606
88109,1.815347791042623
88111,7.0433135473922786
88112,3.227305040219716
88123,1.1300427088824936
88140,5.208257486711523
88142,5.200890553922523
88143,5.764874215735623
88145,0.9017592584447622
88150,7.640039620451818
88152,1.6827680200782202
88176,2.5332018993313996
88182,7.342813674240082
88184,4.374458859327017
88187,6.290447971185845
88199,3.329511109436356
88200,6.701235696947128
88202,8.797108844645432
88204,7.621687153713798
88206,1.6671397571187772
88208,4.832787995722828
88209,4.126612043195832
88213,0.9628400359568614
88217,5.800499868970653
88222,2.151307154068154
88224,1.1114054359051417
88227,3.8650138067194244
88228,4.901188420974581
88253,5.157303021056104
88261,1.615726133481438
88262,5.89036884068989
88268,3.048951680558148
88278,4.007585096542543
88281,4.645764495873307
88285,7.587109288277816
88293,5.0204912067865415
88294,2.964521318869542
88296,1.14227422614394
88310,6.139577632041631
88313,1.117984394696109
88327,7.242208450348354
88331,1.6356353825281533
88344,1.1126457895560482
88345,2.761217404917446
88348,0.8864150963776423
88355,1.1982507234607551
88363,4.299516193374841
88370,1.8807505218362488
88375,3.1258850833007603
88379,2.7254153775885515
88385,7.077272786082657
88388,7.1646792058087465
88389,8.658509055430828
88398,3.0724246685351355
88399,3.9012252555093365
88403,1.0512383909983312
88406,1.4845368678677842
88408,4.2003118546704945
88419,3.067433495943329
88425,2.7829835287249582
88432,8.051989942331232
88434,7.706405852941069
88439,2.5901890799072627
88447,4.6466402734321095
88454,7.545329870690012
88459,4.683875867722813
88467,3.783306782100304
88472,3.1568719661286586
88475,11.201269794622139
88478,2.1348531893932354
88487,3.5588098067259875
88498,4.127615509823083
88502,2.9530950979397987
88517,5.177101493460911
88523,6.044970124787362
88528,1.0402372473028856
88529,3.048893068946292
88530,6.849019327257478
88532,2.6332159798287655
88534,3.1110000359951187
88536,7.842198156688298
88542,1.7282903979181876
88547,1.9268722523248454
88551,5.027637269885786
88559,1.6255749091849667
88560,3.4935740523742544
88565,5.512854380786656
88583,3.872735187147115
88586,4.6683859840766475
88588,2.8912958229545707
88589,4.681992305060655
88590,3.7076514666565967
88591,4.612541738506341
88595,6.61570806474438
88601,1.0789850049084073
88605,3.2647701647599225
88606,6.769642383461762
88608,1.0855249363595703
88611,7.688852707941831
88627,2.887554068689256
88633,2.697982664947487
88653,6.600553009955185
88654,4.627501581569035
88658,1.6905162827735345
88662,7.164435062448563
88666,3.8888581595651686
88674,3.0907623025694986
88679,6.087530654569168
88688,4.749607256766286
88689,4.825235168846998
88693,5.735141592588116
88697,5.083318997709081
88699,5.082702007325068
88714,5.176260099837314
88724,3.9870849817892027
88725,3.533445695376205
88734,2.980741285094961
88736,1.1137638708378712
88743,8.710722996477937
88744,5.729695494409802
88745,4.564001865583743
88748,2.772112916417922
88749,5.645698532117746
88752,1.9429553291346204
88754,4.62657724068122
88755,3.6116541703871117
88756,3.744215659156516
88757,7.344570186037506
88764,0.870608170711693
88773,1.4453068767380186
88776,1.1077196415139867
88784,3.1057373496954
88787,8.90685869775626
88788,6.271710999495467
88790,7.809260832946732
88791,4.102649782766647
88797,6.10925145842249
88799,5.942992183544119
88801,3.1026976519609253
88805,4.142089470732185
88807,1.653372579018924
88813,3.554405754645536
88818,4.03689109963263
88827,5.979505593507742
88835,5.9677639431836065
88839,3.726255704382597
88844,6.661349885807066
88858,2.3908453561542204
88860,1.0578726051407226
88870,3.0966452583318858
88874,1.0614761271744477
88875,2.2658858218966698
88877,1.6216838175127792
88895,5.236254219175991
88909,2.712369660785151
88911,5.888754313118034
88918,3.8686874109820786
88927,0.8979000028925745
88933,2.12689260065191
88934,5.639738134168082
88940,3.9698811910335934
88943,0.9300885290402721
88944,2.0220599961468277
88945,3.1711111103970646
88950,1.9399403418393537
88957,1.4708249663667736
88959,1.0743599999445066
88960,4.281668068709471
88963,1.0956635851498704
88964,8.654138080198202
88967,7.497065388674381
88970,5.8263804098347345
88971,8.102514198620995
88980,4.203413142999334
88986,4.796637708372434
88989,1.5886409426387678
88991,5.705132466297397
89004,4.895662159509797
89014,3.7180342550121535
89017,7.058545379725125
89028,4.894145823228068
89029,1.1583661771865352
89033,1.9284740908694586
89046,4.106150654125679
89049,1.7329386048655135
89050,3.740390790185558
89051,3.1543493245395045
89053,1.726149444642242
89065,4.873042122128755
89068,1.1275321944958825
89069,3.9983689405911114
89075,3.106549097280383
89079,4.232788800992808
89083,3.682349280365097
89099,2.5622995757887606
89100,9.133616776396178
89104,2.7998009735431397
89107,7.76689899906125
89116,5.082454445289963
89117,1.6559652226138666
89120,4.864141547818344
89124,1.6736747874992934
89138,3.7199532814333915
89144,3.090661496916045
89148,1.0786280801958905
89150,3.791945099373137
89152,1.0990538753308563
89154,3.7677647438965285
89158,1.576798977073508
89169,10.951142692848297
89176,5.157894629046307
89178,1.0825966012219372
89179,6.676082492669244
89181,4.225270489206499
89185,7.288679314041762
89189,1.03224559885169
89190,1.9142882459379535
89200,1.6241229156924177
89202,0.9561118113609197
89204,3.7055482446916543
89205,4.022548933596961
89209,4.072022823140334
89224,4.9246120850715185
89230,4.102766327452806
89232,4.694872586227094
89233,1.6787228297936427
89240,5.834947405601014
89242,3.8031020883615567
89245,1.7038010613720207
89249,2.1697252284512163
89258,4.651408548221651
89260,2.3427985958250432
89270,6.7538891126942255
89274,1.745490341403046
89290,5.1327267714480485
89294,3.9704670601886294
89297,3.077741762968789
89310,4.010827058858524
89318,5.8808141533611344
89327,4.045708125015786
89329,2.7006806422827756
89330,5.905092781469516
89336,5.156917656180347
89343,4.678094996413657
89352,6.743732048332513
89358,3.9013949092241713
89359,7.0103568784591594
89367,3.490655310841906
89368,3.5981650573422232
89378,1.614921986802639
89379,3.679641899033551
89386,0.9155105579581129
89388,5.1000512638792665
89393,3.715675634134653
89394,2.642666638354826
89395,1.9320383240176655
89401,1.056151778678902
89416,2.1523566193851194
89419,1.7260633756919086
89422,5.7011132134617
89425,0.9071524335767811
89427,4.084858637893246
89434,4.529328127173069
89440,2.135992382815652
89442,1.0912626048822145
89446,3.5685479699080473
89447,6.573351952734324
89457,1.847411896915475
89470,1.686054872188643
89472,5.16147059683091
89477,5.883896836043459
89491,0.8991488922079669
89496,3.8564884555325714
89499,4.070466367208683
89500,1.7677470270121773
89502,5.057884358150189
89503,4.866639260346053
89508,4.066414169943724
89512,8.023092644856426
89522,8.99495593082328
89524,5.000251885532482
89534,3.2704356236110703
89547,7.514627910650544
89552,4.591793325224032
89556,2.8530084791354495
89558,1.7320574495250551
89563,11.641109580846368
89564,6.115518049450785
89566,5.994808029431974
89567,2.100570740067406
89568,1.7128687183046303
89582,5.736718565100332
89586,1.1749993500339029
89595,0.8902177740433483
89598,2.880853320973486
89608,0.8930409341359677
89611,4.674323822191338
89620,0.8701258543370911
89621,7.737698498888763
89622,3.8535140420959526
89627,0.9019319866956481
89628,6.316578148973755
89630,1.961770604155745
89633,2.6276162190288073
89639,5.075338177849266
89645,5.278716720264179
89646,2.5982084916996495
89648,6.679154761958125
89656,2.1303557764155725
89658,1.0827300980666963
89660,1.8209071479868544
89661,1.1906834056302515
89662,5.1108654458218545
89663,2.8092868812669307
89664,3.19293128462633
89667,3.843477054255928
89681,2.9853370144773654
89688,3.6036953915614016
89691,1.6965739736479808
89703,4.918473425136218
89705,1.7263272388441515
89718,3.756070951754508
89729,7.62720531765064
89734,3.797535728643549
89744,3.4073594942498673
89745,5.152278223679741
89748,6.398631891210502
89751,5.078162833765687
89759,1.9376404480093044
89761,2.739563931200019
89766,5.847704283487422
89769,5.885039961976533
89773,5.7695428906574495
89777,5.8841670291118815
89778,1.1414448387872556
89781,2.830669940387736
89785,3.680745649944176
89788,0.9968481113515044
89791,2.7868235087151003
89796,4.16047384811006
89799,6.7562655988589295
89801,6.920732891173933
89803,3.8634471547382745
89804,5.562400905436231
89807,4.045165920855252
89814,3.8199147993994838
89815,3.2587580491412376
89816,1.0738279679054377
89818,0.9127078571613954
89820,5.335885987574222
89821,3.0255107243928205
89823,1.0950164764052008
89825,3.4172222310982927
89827,2.9867696845320397
89828,5.085182124361582
89829,2.7060865282746827
89833,2.839645192992092
89838,4.0672723887674165
89840,3.56214227538882
89844,2.6443816479462834
89848,6.009659200028654
89849,3.7866166850792853
89855,1.735543576332132
89859,7.869054932523545
89862,8.714922863121398
89863,1.9108190875126767
89864,3.1968045352293144
89873,1.0881665285124416
89875,2.9614337583957946
89882,4.0398128260352415
89910,4.677907173380227
89912,5.590035568291383
89916,1.123864812216187
89927,1.6502364060741024
89930,5.086848580990816
89935,2.7127719280000786
89936,7.078605584205548
89939,4.758113323219012
89941,4.682328107506393
89945,0.8816058253736818
89957,1.5446701022777334
89960,7.714923173509014
89965,8.656188382400158
89966,0.902775348023944
89970,3.116239977760902
89971,3.692200353687762
89976,5.228836462116403
89981,2.432147819594157
89983,3.1697972657229405
89986,9.48872529205461
89987,0.9254599865361994
89990,7.6342284059791625
90006,2.715761754018727
90010,4.869278375061571
90014,6.90925575736648
90016,1.0980776434857744
90017,2.1890548400882057
90019,1.7102658550008938
90023,7.859540206015232
90029,2.76692770517434
90039,8.679657451327952
90045,0.9292149106780729
90050,4.679860086686056
90060,2.116137873514065
90062,10.005421065542922
90079,0.9286857362508396
90082,1.9391148365372302
90091,7.54422903784565
90097,3.0631483559513204
90101,3.6204672340483297
90106,8.657007845913167
90107,4.280881587967423
90110,2.076220466443699
90111,6.887587176262983
90118,10.05484406318861
90123,10.134975099334739
90124,1.204381822077802
90127,3.840419939428226
90129,6.039467152663915
90137,1.7203109842479347
90139,3.855750610450996
90142,1.8175980441478163
90153,8.67635454958861
90154,2.9403105712124544
90156,6.462649477488143
90158,3.322674416243771
90163,5.629046612787203
90164,5.055623523584242
90166,4.848427442124819
90170,2.6634590824659763
90181,1.7139937046571427
90182,1.9846138454748168
90187,1.690232492122214
90189,1.058342384500055
90197,7.083608067904463
90199,4.538307542253409
90211,5.426337013569095
90217,1.125258258076724
90219,5.54437828670414
90220,3.621607825772367
90224,2.7702143869821447
90230,0.967135644538931
90231,3.819167677823194
90234,5.715806278646373
90236,2.676549360661978
90237,7.440422400295825
90243,9.441944553306413
90245,1.686448206954251
90249,5.831362363918531
90254,0.8948987733800817
90258,1.1592291494266078
90259,3.7048463788456294
90265,4.110259841949988
90267,3.653736871780796
90271,1.0957677077893524
90275,3.475327924120502
90276,5.562942153066016
90284,6.10959167284339
90285,3.8800245072728203
90291,3.7347021069248694
90309,4.901131667235088
90312,1.7343207545234014
90320,2.751780529575767
90328,0.9335768761526007
90335,5.952016525140694
90339,3.2132923971703935
90346,2.1086873803436474
90347,4.890000764401573
90351,5.168840315348091
90373,6.7295334264545446
90378,7.618014762175288
90391,0.9632386047933643
90394,5.5258480425620355
90398,7.178497567081591
90401,1.5462224958153046
90411,3.3235616096892433
90414,3.110545701489856
90417,5.038720760133568
90418,0.9166636595163462
90420,1.8396785997422596
90424,6.0566295129045935
90430,4.1651218433206525
90448,1.7389381699924762
90459,3.687018336764421
90468,6.680469084812758
90471,2.7036307946531553
90473,6.675573744416337
90474,7.146365750057488
90486,4.090011955739601
90488,8.002869561862141
90490,9.422318607398957
90504,2.7655710399116518
90507,5.78629421521396
90508,6.541824741559234
90520,7.626471972574688
90524,5.653578512817832
90533,5.141051170999086
90540,4.059291594521774
90545,4.846865810679519
90547,3.151050101712339
90551,1.0794491895982676
90552,1.3329616733545162
90554,1.0060291210009957
90555,0.9002422141728852
90557,1.9259659924260895
90559,9.940542831988918
90571,3.2524375164930106
90572,2.130145086740809
90575,4.524006494715782
90577,1.0821842407766975
90582,1.2238605509144445
90586,3.5560630206950536
90588,9.851434306718811
90592,3.11197733782524
90606,9.74123316138262
90612,1.0883587445368423
90620,5.7645214092413
90622,0.8889547038249357
90623,8.73300203493752
90625,1.0783879613836924
90639,6.902927954546076
90655,1.0985845284308335
90662,2.6304687512377134
90663,2.139949573711023
90667,4.068697112237042
90671,4.930981010644035
90672,1.7537433111228924
90673,1.5741054021578922
90675,1.725794974068756
90685,2.1527134636629777
90687,3.818529668231455
90691,2.677317143282699
90695,3.093304992611982
90696,6.8412158331780635
90702,3.8771113140723346
90720,5.645001181453598
90722,6.19831324382052
90724,1.1351712337052633
90725,1.0993222240677736
90730,5.751638462575555
90732,7.8510469384809145
90733,1.1667359108316817
90734,8.599112484586474
90739,1.1279393692935504
90746,2.682005694970324
90747,3.4672665030643284
90753,9.61741034348244
90758,4.43775216156057
90767,2.1716835478637977
90769,3.5717867901617355
90770,4.083109255632531
90776,5.897015593934526
90788,5.6248145498528554
90790,7.007007640460481
90800,2.0954484321361866
90807,4.065926530636828
90810,3.658317941158548
90813,5.230892121139845
90814,3.7162620199593777
90821,5.845135543155536
90824,0.90142353640764
90831,3.892641766800517
90834,5.0410225888927735
90835,7.20781732697527
90840,5.055585722500677
90844,4.676858921517733
90851,6.076970681882731
90861,1.8405112071505663
90863,2.0751443050882354
90866,5.227442372260071
90873,2.7838412986883343
90878,5.562321512667358
90879,6.044862804345043
90884,3.890584452329353
90887,1.7218570813067036
90891,5.288912028606769
90892,3.6248215722322716
90904,3.7056120776553856
90925,3.3569352612106167
90928,6.106441754108413
90935,1.0061780959667712
90936,2.8663586870692312
90940,9.135270832268205
90943,4.619677804141219
90944,6.753966156391993
90947,1.7607032187732403
90951,4.521893000024884
90953,1.7665201141503943
90956,2.967780237214384
90961,3.27092190696521
90962,2.654018180370926
90964,6.712398547453526
90969,0.894129119853686
90971,2.7200327347783975
90976,6.052524625819956
90977,7.194558252939869
90979,6.538097806780389
90980,3.336316104340569
90981,7.730640711995884
90982,10.176260290711175
90983,3.6637128921035744
90984,2.5388264394145144
90987,8.485311053096135
90988,1.9058785003324856
90993,1.1092413226664664
90995,2.688169330976704
90996,2.1303291306800114
91007,6.555681363838077
91011,3.633509473654899
91022,1.0240039742433678
91026,6.670987384058346
91028,6.661918579843321
91041,2.1167842453635677
91055,2.6582145991079713
91056,1.0747081680786308
91061,2.0851232362286103
91072,1.8858023450369061
91074,2.8058967373109827
91077,4.055442187642609
91103,5.900836178840312
91104,2.539224887206436
91107,6.92129468268733
91110,6.8992393483187175
91114,0.8772754014057629
91118,1.103767094341503
91132,4.856999524873576
91135,1.1193163532955936
91140,2.791136539949137
91144,3.705684470389926
91145,1.3335625710935135
91147,4.72819835248298
91150,3.8126364861773743
91161,8.940193198772533
91174,1.6759159162986395
91176,3.2007323709465734
91180,5.449616439940188
91184,0.872907782611827
91188,5.646286312748313
91196,5.317396632386127
91199,4.474465021590344
91204,2.7196103208962197
91210,4.537591729553501
91216,5.068831287106853
91224,5.379281948345076
91226,2.8717529830144795
91227,1.119963030125998
91232,6.224142200689466
91233,4.712826271086636
91244,3.56910215094981
91245,5.0382327128030795
91251,3.355206606939275
91258,8.78108591080997
91259,2.1386329965507596
91269,2.162889549458609
91272,1.2089707589456444
91280,4.517053571872365
91283,3.0755762297836338
91288,2.623763311019873
91299,10.12692128283646
91304,2.164162201143678
91308,2.902463138593305
91312,3.6650821809687875
91315,1.0951432128574976
91321,1.1612309338523397
91322,4.590858633948024
91326,7.7456372504538
91327,2.918371426947491
91334,1.0591641307230066
91337,5.089907221682413
91339,1.8579061896184776
91344,2.6622836789490534
91346,9.569836495027587
91356,10.844451330321032
91357,3.7795992158945824
91358,6.707243024738462
91361,1.0343158999281652
91364,0.856195518885642
91370,1.0583931207084047
91374,1.0608566390516145
91383,3.886605286059841
91384,8.622330602082089
91387,4.125170274212305
91390,4.864216997298804
91396,1.1070808992425096
91397,1.6512892351753305
91400,6.042900909448213
91405,7.68539820222286
91410,3.0801132584931725
91417,2.6747585541079824
91423,1.721062945266663
91425,0.8644899488458635
91436,8.445250082264565
91446,1.6527578155619245
91449,7.668644668204301
91453,0.9152691322226585
91460,0.9155872680563681
91462,1.1740851267204175
91464,5.861242401426574
91466,7.167524257680778
91469,3.4923131002478476
91472,6.094488540093289
91483,4.064493749589179
91484,7.726199614639771
91489,2.7630553521788817
91493,6.101526293125801
91498,2.9494822379061905
91500,4.029868273772792
91501,1.0474019032671364
91511,3.1105382581739804
91512,2.7515040027864703
91530,4.687116285855358
91532,6.036122790565068
91535,4.710496704957239
91536,6.5856235501525315
91548,4.694601109766992
91551,1.1097172794221937
91559,1.055431315963069
91568,5.168017429290341
91577,8.084664803370218
91580,2.723001472181915
91581,3.725763944829124
91597,2.876240412986472
91599,8.85108353073307
91606,6.488379377550665
91607,4.4884244218688085
91608,4.823718125464413
91609,3.9027210924663667
91611,8.648886811490641
91615,7.927188252304461
91624,1.776891977024028
91631,4.928733805476429
91635,1.0629908791843161
91638,5.900520872122753
91644,0.8960139528606148
91646,3.075283943286891
91656,0.8822350697522894
91660,8.99881517703544
91664,5.941627061206958
91665,3.6949504439245797
91671,4.436710218552304
91672,1.9347555821749398
91676,2.952066475080997
91680,6.715340601711661
91684,7.266198004646215
91687,1.1142276265955902
91709,2.176476146717638
91710,2.7665688145353773
91712,1.7862258219384843
91718,2.849507616044612
91727,2.114373037694474
91732,2.5772100597561414
91736,3.5699245274553304
91737,6.719015720193889
91739,0.9098945892268429
91740,0.8469962113577938
91742,6.986147708872018
91745,6.010006197246723
91747,1.114537806359332
91768,8.785644150639193
91773,6.737714315691722
91782,1.7340185677698323
91784,6.5590782378259105
91785,5.387407466179045
91793,3.4224658227677565
91795,5.174525723092363
91799,6.114028544970415
91800,6.665715831845035
91807,7.1192421212102595
91813,1.068299031331386
91815,7.104647960129885
91821,6.941856455370521
91824,2.1646624074212553
91831,0.8691971015303546
91835,7.779652195952269
91842,4.06369477293279
91846,1.088755735931041
91856,8.935063046856882
91860,1.4418526689523805
91863,1.6542283031833218
91865,4.720063179736529
91872,1.1272363790538558
91874,2.9668220945633577
91876,5.485361586492779
91882,4.883714047651485
91887,5.473424561148243
91897,6.633594823354217
91898,4.740881485933299
91899,4.578504218727118
91904,3.154388404093801
91913,3.1527369054082
91919,2.8177084419166416
91922,4.5264701555688776
91924,0.8765642605401198
91926,1.6696098939497266
91931,2.931856853144968
91936,2.600418013386498
91954,2.1084778590543616
91961,6.750687236599726
91967,0.8797457965215538
91969,3.0141547442923757
91972,9.588783417062725
91975,4.844111222886402
91977,8.491567216774225
91979,3.7918872142918896
91980,2.1175468518432714
91985,1.7080608079342388
91987,3.871759568228413
91997,4.7435618476017885
92006,3.8399680640497227
92011,0.9123561727787948
92013,2.8237340658630243
92017,2.119085056299793
92018,6.918309818862738
92020,10.85201849648768
92022,5.1055291173011454
92028,3.9586778476299473
92032,0.8768783805809566
92053,1.7483300656829655
92057,3.9152628502776223
92060,5.953910937158129
92063,6.778635370269932
92064,2.708681616298933
92075,3.2836166335051766
92087,2.670586766180978
92093,3.886396710564763
92102,6.933639864399389
92104,6.395052787124685
92109,1.0517173324814206
92111,1.6647143555078547
92113,1.1054911187090832
92119,1.6907962965079553
92120,3.061503164281147
92124,2.5766123882285323
92129,3.4442220077361627
92136,2.853748505145486
92137,3.622087509448576
92138,5.673173374616335
92143,2.7339534676545796
92147,6.268111593200038
92154,5.048130353355581
92160,1.8936308461583118
92161,5.870475901728694
92166,7.076430820933078
92167,5.314823750452997
92169,9.06893205764693
92170,3.7210386438330247
92178,1.8869214870742619
92181,1.7664435989805791
92183,4.244596003544111
92186,4.82331391641023
92189,1.092933494650953
92192,2.9662785197447525
92197,10.065153598305276
92199,8.67470562273796
92202,5.935920704591001
92212,4.33798869043511
92216,4.043891992370841
92222,4.585435549244418
92224,1.0751093777853353
92226,3.800654927808767
92228,4.101798374227614
92232,7.922663382656932
92234,4.665594376656477
92272,1.0737203912068973
92275,5.373005874840606
92279,5.308912817114907
92283,5.697581607232413
92284,7.059361749256687
92285,1.1159320880432682
92286,3.683700463080551
92288,2.100511977798209
92292,2.5282485052381256
92293,6.151758228107848
92295,1.1358947969482882
92310,5.633208947846207
92312,3.088602152166309
92316,7.704346549684006
92320,1.0697866066160215
92321,6.563696047212284
92330,5.807813157857334
92331,2.765479378047293
92336,2.9646850946870376
92341,5.268002558941775
92342,7.760559413597042
92347,6.696325085978463
92350,2.5795736481042044
92370,5.330838723685987
92371,2.837869169743026
92374,2.7079599719487484
92375,0.9556893241394788
92379,3.719889784325007
92389,2.8749228225516
92390,3.6164994254540472
92391,4.880372478913658
92394,3.457537620793165
92395,7.749368548177381
92396,3.8772986184938585
92397,6.7267098656027144
92398,5.311650294907164
92399,5.699257842674788
92426,6.08972512346419
92427,3.6335766198108352
92444,2.6522014076016567
92445,5.09131114976155
92451,1.6991777767191802
92460,1.7478965254734624
92468,1.0916231623884713
92469,1.1531096205114122
92483,3.6866565694121562
92489,4.087997267534108
92490,3.910537340109342
92494,6.107402571814568
92498,5.172603086502402
92505,2.683465890918704
92515,7.093030638223813
92520,10.099573081707742
92526,4.922307169727821
92527,1.085366667704219
92530,1.0711548518168374
92541,6.169041155115617
92542,4.8336759721064855
92543,10.287955143619905
92548,5.8078223361536425
92558,8.05157018726523
92559,4.7563445542604885
92560,5.034082187313391
92561,6.707569344209908
92562,4.626919475501104
92567,1.6026834824676075
92571,0.9094942097801586
92573,10.656897788350184
92575,4.432168566573994
92577,3.8650546697830555
92591,3.836994087649245
92594,2.6783679376922285
92600,3.0594794554933196
92607,4.554163951578376
92619,6.716275757961298
92625,1.8064650505839257
92644,4.244718892639726
92677,1.090103055733623
92683,3.737219988667329
92690,1.0228956086337977
92693,6.760256450257367
92705,2.6853807517102863
92715,7.755088728589497
92717,4.382233803698743
92722,4.196155820202956
92725,5.446065205266641
92743,1.9229065741557316
92750,2.749429051777052
92751,4.320356427280174
92752,0.8840038884498473
92758,6.101364602834686
92759,1.6974116491762938
92776,4.610533114913109
92777,2.6449697235599947
92783,7.63141799370419
92786,1.9094847536822646
92795,7.2393760282773485
92796,6.639872922352462
92799,2.631923202039542
92800,2.1051398758581747
92801,1.125219443941294
92807,7.739229109549324
92815,0.9079070482348919
92816,3.543301240432281
92819,6.701695563081948
92821,1.166465225218852
92826,4.852015038334543
92828,3.8597718872430486
92830,0.8928633409166244
92834,4.84392702760048
92836,5.066090839354353
92844,1.9500233530869693
92855,1.1190932466774925
92866,1.7620524906292463
92874,3.822940335191526
92879,7.728520226589204
92880,5.143574586316242
92887,1.7044252817134584
92888,1.1959163658683116
92889,1.0813488287659045
92893,6.695126293575602
92894,5.626999148560846
92899,4.885859188991154
92904,3.6973694702385274
92907,1.6805335763753382
92910,7.926696667334164
92913,5.52496616532604
92922,2.5163567711424952
92924,1.6619528983146172
92927,3.1125855634338215
92931,4.254632620589419
92944,9.889856665126192
92945,2.6273645782595585
92953,3.9281248973620055
92956,7.725906358636701
92959,4.987867989895843
92962,4.685985952560017
92968,1.8585579938472199
92983,2.866147884673784
92986,3.364233269986049
92987,5.780181949459182
92992,5.2148530058602915
92993,7.681042037637228
92996,1.043594923460978
92997,2.9875446746093335
93005,1.9146828700419247
93011,5.19733014238817
93012,3.8833845388889356
93018,1.7661517885841964
93019,2.1500512381956236
93022,6.801409671232365
93024,3.7109228070577807
93027,2.7874499226603167
93033,1.6837079229988663
93035,7.033323711508739
93042,0.8947021946453355
93060,6.335210865042525
93064,6.888597931124937
93076,3.1741150829575484
93086,2.6285205421928146
93090,3.07833757232642
93096,4.51568251530054
93115,7.591009887404633
93119,4.752799686251951
93121,1.7169031236062335
93126,3.067113868235549
93129,1.152884238447415
93132,1.7242003455626618
93147,4.0890870914883575
93150,6.59575267003352
93151,9.425266327382207
93154,3.7524053101854715
93157,6.622832914808182
93160,3.0592375272310255
93163,5.141120991885797
93168,6.832467756078053
93174,1.06602506886837
93176,3.1825199137202627
93181,3.9125103139895376
93188,3.7562257364772482
93193,3.9446744371599296
93198,3.5432943300764927
93201,7.051637120615119
93212,6.458372657474493
93215,1.0559566599180483
93219,1.706483792129693
93222,4.107094499674442
93225,1.6981128865292958
93226,3.1136933233187296
93229,1.1865422301935236
93244,4.856992770286671
93250,1.757976786986526
93253,2.767673919467371
93256,4.817522531161507
93269,4.448647017222985
93272,4.711567746283951
93273,4.695057521258731
93276,5.94152116053231
93283,2.919737253945671
93288,4.18873067640522
93290,6.026596721842065
93291,2.1570833456954555
93293,3.1361465712857792
93298,2.9494237556596143
93300,3.1384789311443106
93303,0.9115900237720869
93308,0.8920732787698848
93309,0.883507167027699
93310,5.69029034424148
93318,0.8525705390970706
93322,1.6839757489209397
93324,6.491650188742144
93328,0.8942184276147538
93329,4.889368082106626
93331,1.0913281570830802
93333,2.892457874389053
93340,4.077886053111842
93343,1.069616863727549
93345,6.0998168231412695
93346,8.349822849369126
93366,2.6977877087953623
93367,0.8947365132390428
93369,6.52672899081056
93386,2.7903183641775753
93388,6.066424866548051
93389,4.836096388661716
93392,4.037541994807972
93395,3.8123672355628204
93401,4.453006981431665
93402,4.9574431101921155
93404,7.7021316088760035
93408,11.095993052915007
93416,4.485814924282692
93424,2.735729667426096
93426,2.6398867904724486
93443,2.7597129061080103
93451,1.9595257948520692
93460,2.930991920522332
93461,5.158705613758492
93464,2.757743159795333
93465,1.7513083581365128
93477,1.0901664063930507
93481,1.683394360117981
93484,8.68095698803435
93491,2.9277228948383653
93492,3.8508597866519234
93499,6.942599572563397
93501,4.0843241259317145
93519,1.2173945532260069
93529,3.0457518157189556
93530,8.789327074052366
93532,2.698797872847403
93533,2.609963829648378
93540,4.767495091706925
93541,6.07453756792609
93544,4.095478004896053
93548,3.8681361721217757
93550,1.2220303117609639
93552,8.675393052203734
93555,6.709284811758659
93557,1.662689627263369
93564,5.825151474707749
93570,15.07021024369934
93574,0.9114216076901793
93577,3.697910648321151
93579,2.92407876476765
93581,7.821783459882443
93584,2.3773703583999763
93597,1.5547419220103045
93603,0.8460191112155733
93608,0.8980057994513668
93610,3.3233880151332316
93612,1.0453644083767233
93633,1.1848524393678912
93640,4.709589902551436
93663,3.845768225887376
93664,1.1321420686088093
93672,7.974641544387609
93676,2.748169846187416
93679,4.7297071142059215
93685,1.7554491828694259
93692,2.6732766325616404
93693,4.04200688659881
93695,1.9270167119844013
93699,2.7218646951872376
93703,3.983119600938216
93706,4.519008920441797
93709,6.806300024340292
93711,5.643959980805177
93712,4.909076743615255
93715,6.37128937221806
93716,3.2205625476346085
93720,4.292439854289248
93723,1.1267269281723347
93726,6.106100228584287
93727,6.107499982872826
93730,3.1160602967453936
93731,3.671187979621929
93735,2.6775655828748786
93752,0.9224602177044519
93759,0.8961393045578987
93770,3.0156889970666985
93772,3.8588424801626577
93776,4.0467629941973
93778,0.9737275366097591
93782,4.985289747819504
93785,0.929475076335383
93786,2.0945004062835446
93791,0.9914556089241962
93795,2.7643724538362537
93806,3.815841319071397
93814,5.653931561981564
93817,7.154030889013097
93819,3.07701033651834
93827,6.794609099207147
93835,7.081158551569379
93839,8.576939233067879
93846,1.576921950851025
93847,6.609446261842155
93849,7.690734139911653
93857,2.6829116975715266
93858,3.1900580132805345
93862,8.390604159141262
93879,0.9090614361631215
93883,3.777579287665009
93884,4.590796011561052
93886,8.582831247587965
93895,3.733226288399857
93906,1.3803826389468887
93907,5.68172914437228
93911,1.1086149911722312
93919,1.0657621749010935
93931,3.913078241460727
93946,4.596508815498057
93958,1.7060810588886177
93962,2.331918966827525
93965,8.578955284227472
93967,5.799901338366641
93969,0.9347901750631511
93970,4.738246313711886
93972,7.852873510815742
93984,1.7038049070633128
93988,1.0590595626297055
93995,1.159441412507963
93996,5.892293130989307
93997,2.889502320470867
93999,4.0549100852878865
94004,2.111485752147212
94010,4.517328256084337
94020,0.8950572449564325
94021,3.596895711727755
94023,6.741384380356309
94024,7.890559687857609
94037,1.0807323551321035
94039,8.787776882945344
94041,5.073411755364493
94053,3.40480592306923
94054,2.187770647120126
94059,1.137396236971827
94066,3.6855190258228907
94079,4.125375109451753
94082,1.5888861307764333
94090,4.566749619937312
94100,9.780350890079571
94102,6.202088652592156
94103,1.6558498352193056
94111,5.519359547510399
94121,6.921702358974265
94126,3.6462312215153148
94131,6.706069908496378
94133,4.736901907121583
94136,1.729527687479088
94145,2.5638828015709008
94150,3.7116347079809975
94151,1.7117888298845876
94160,5.050007702842666
94165,3.523043644975171
94167,5.788504353970744
94168,6.643353315688174
94175,4.880452089756942
94180,3.5122901325291136
94181,4.491100169314454
94182,1.6923270644483783
94187,2.134940532391523
94198,7.011087351000047
94201,5.793639517116328
94208,1.8068147025467356
94212,4.831282259286519
94214,1.0450307949482114
94223,6.050442976142426
94233,1.890056366987245
94238,0.9126476205834253
94240,1.0811819318884694
94241,4.120341805306517
94250,5.056436200982715
94263,2.8945979543289226
94270,3.0108737773899463
94273,3.100881605622874
94274,2.108777210846922
94284,2.733651518920266
94285,6.007269711346627
94286,3.09045409498178
94288,8.003279552019418
94289,5.841975853836691
94295,5.912008640344715
94313,4.099390518465821
94316,6.145021990164613
94324,0.9131541936942833
94326,2.107454774018282
94333,1.0496215961549176
94335,3.7002708941400586
94338,6.914957092780221
94350,4.0934044316693035
94353,6.600893640669762
94362,4.827247613552178
94363,4.536937835132593
94364,3.8015528290399168
94365,1.089087248293838
94367,5.701633764514393
94375,1.0920435568946911
94376,3.881850099576447
94379,3.6925131013335957
94383,1.077445379041143
94384,5.464098751391176
94389,4.671066484734868
94391,7.673714182901113
94396,7.250926462206678
94401,4.0802868624175
94408,1.1278036070994126
94411,1.0674447122150115
94415,3.73306629204199
94434,4.533960366415764
94437,3.8744810985057305
94446,3.5685148073131803
94448,2.1092777211618157
94453,3.951600297921678
94454,6.758472722376661
94458,7.111310743508477
94460,2.699789445604872
94463,4.891210292901959
94464,0.9117071873824236
94469,5.571866136278534
94470,2.112873780706634
94477,1.1417597613705324
94481,4.946899190170083
94482,6.785097870857105
94488,1.743060219788438
94501,3.8848504502437713
94508,4.722446425925708
94526,3.5780348066536938
94529,1.703102282545327
94535,5.832611741640937
94536,8.671209757041677
94538,2.1710872335238225
94540,6.530792796322634
94549,7.616866430959749
94553,6.98476020898949
94558,3.888434451066069
94566,8.875499834208961
94567,1.1079172201624368
94570,6.894941395494464
94579,9.459655486905977
94582,7.706082588811844
94586,5.768926900698741
94587,3.8905700183405143
94591,5.038987010208611
94596,1.1348763114511349
94600,1.7886624247732161
94610,1.716623773625631
94616,3.1745925365783525
94618,3.7661657368414483
94619,1.927840578903513
94624,2.797406927641564
94642,3.829862799738347
94643,3.8751378841411106
94649,2.5979044557649957
94656,3.1481081984258137
94659,4.679414751102509
94666,3.8473583340360493
94670,5.122425807616674
94671,5.992893994480024
94674,2.6532696096572126
94678,6.699224093670633
94679,4.113931443964876
94692,3.41309917018964
94695,3.912542748938053
94704,1.0845535538882727
94708,5.065692833689991
94709,3.8696340944817784
94718,4.838049968978603
94721,1.714499920548758
94724,5.437133434486211
94727,4.425559083256743
94735,1.095002674844641
94740,4.54446836079174
94741,3.7014775773602304
94744,4.677914623778793
94745,5.878394865948287
94746,1.5523821720220994
94749,2.5010200242983407
94751,7.013485832726362
94752,0.8812081183995581
94753,1.720583972189965
94761,2.6746729672511282
94762,3.6344303561570053
94765,3.668914369845333
94768,2.6964522293343087
94769,4.10483971308775
94775,7.617617624860809
94777,1.0999518428309285
94781,5.840272280713798
94788,2.118464069043413
94790,2.6669859953401884
94805,5.128510966394641
94809,3.7516714164216642
94813,4.730332141570621
94814,4.7181616880981805
94818,0.9167916848903612
94822,2.58115913233297
94838,5.659661635094581
94839,1.945922962443869
94842,4.651683823366325
94844,0.9136626201316034
94845,4.821317458610262
94854,1.0575756865208632
94858,1.1650682488207358
94864,4.7000490460142155
94873,2.713224471149819
94877,6.173649665024444
94889,1.1257997233002754
94891,2.0703159153215216
94909,9.426051041193633
94910,7.051759817040057
94916,2.680949294630462
94930,2.770550917659211
94936,8.395272156199336
94940,4.4810606106602275
94945,1.1190684669537827
94960,4.580844771326394
94968,6.099265738055658
94969,3.6425046622132564
94970,4.716140756245643
94973,6.914837780440574
94977,0.8926980901938117
94978,5.597756400452199
94983,5.850567491738882
94984,0.854919573538186
95018,1.7005488196582412
95022,1.679173514799524
95024,8.638101968627875
95046,1.079874404139661
95047,1.0804160577623634
95065,1.151643079329702
95066,3.712545649794839
95070,3.87799020386517
95071,4.029158475667509
95073,4.676531050911653
95089,4.925366315561096
95091,1.6869166030979894
95094,3.1025489018725034
95096,3.558587580876604
95097,8.176815553016048
95103,1.7155641572936355
95105,5.049513013132014
95109,8.22335958716219
95111,7.795495806853271
95112,1.0926100496870794
95116,4.330475875089248
95118,4.726759266297253
95119,4.719763177810694
95132,2.76079355647113
95143,3.7501847757354296
95144,1.6943410251860027
95146,3.7199014366918726
95149,5.570679903838389
95155,1.1034345539703367
95164,1.7018682993781429
95175,6.0650569534771375
95180,4.061815457429467
95181,2.683480657028614
95185,2.6335174146375686
95186,2.6254924444958436
95187,2.080966790558816
95190,1.0691194786336875
95192,1.1602793496157289
95196,3.054997929997217
95200,4.2579319728003915
95208,1.5440769256796703
95223,3.2766181863953783
95225,3.3212917200828103
95228,6.061633108116626
95239,1.5106358931746882
95242,2.8658538945086223
95249,5.6876738293857
95253,3.7581200899570275
95260,2.7450784290930836
95262,2.535887036944185
95263,5.023793816931089
95265,6.411184290349006
95267,5.162635699097481
95269,0.8943527111104146
95280,4.036051617401418
95282,1.6215890637119448
95288,3.853089018104946
95295,5.744006940718827
95297,1.7388048775664244
95298,4.62755287899591
95300,3.880880368946532
95305,4.6104797030211975
95306,3.63225082518474
95307,6.931829601537059
95308,2.111774367766685
95310,2.772700194344284
95316,10.254029130905082
95324,0.8991740297835076
95325,8.527572120997387
95326,0.914256253719159
95331,2.586308257147659
95342,8.016927850344636
95343,4.8104944060438335
95345,0.9166996168294217
95348,1.938125878525132
95356,4.040385276834296
95368,4.859154230114485
95369,6.5762478442414505
95378,2.387172658481248
95384,2.9082315434296713
95386,5.060468551906078
95389,8.129432698892446
95400,5.06573454078205
95409,5.776294709200804
95414,3.05282330932837
95416,3.0109567666147443
95427,2.547384231716147
95430,3.553632158907619
95432,11.869847916843883
95434,1.1726535358119956
95441,5.037933181047212
95446,1.7291732890769715
95447,7.6732259687805975
95448,1.9279171768443195
95450,1.120420822653907
95467,5.075484315508775
95468,8.327552439975218
95472,1.909953238401732
95479,3.571187532759111
95480,2.5509566130585366
95487,2.209116959570781
95492,1.7066160236857946
95494,4.062338575160024
95495,1.2055065627713892
95499,0.920985941002348
95502,5.514790427933477
95504,5.00569457401614
95505,1.780721810826312
95518,5.665331356350543
95521,1.8333381282945678
95523,2.710435006570668
95527,1.6610570530098632
95535,2.555258550997152
95545,1.874292301394251
95553,6.788050012674729
95561,1.7238525638576037
95572,1.3107739354551593
95574,5.6060016534387564
95576,5.59356284003397
95588,5.097953577004351
95590,2.688405258616588
95596,4.704353587245876
95597,0.8881816132026685
95598,7.710414888706168
95603,6.590084465417741
95606,7.23146812798046
95608,1.1275260846746775
95614,3.348474839582367
95626,8.621257428687962
95637,4.674794221745482
95639,9.203560399275062
95646,0.9009091306658492
95649,8.412242206077977
95658,2.155559119477714
95661,2.159968106483019
95669,1.1491695190325317
95670,5.616684456760386
95677,0.8927201832270155
95686,2.729841680775692
95688,2.1246759971969356
95689,5.100731606622492
95692,3.6852959232980105
95701,1.205134553265387
95703,3.666881263760311
95708,5.896903505505258
95709,6.70673420180391
95710,6.900938724313246
95718,3.314689506665121
95728,7.522904993150217
95736,2.1268397840516053
95739,0.9166765174610334
95740,8.652919609012045
95750,1.9967412774071225
95751,3.290437162208087
95755,0.8984227791887749
95762,2.7190298522282346
95764,1.1085288440230436
95765,1.0586564013606452
95771,2.408868656644005
95789,7.100038403460873
95794,11.478355399225684
95799,4.133422471370917
95800,1.0685858601462033
95806,0.9282451316749891
95810,1.657254796457797
95815,3.1190065531788944
95817,3.651881432994176
95818,2.783135121353384
95828,2.9681242402611385
95830,2.7479386104956345
95836,3.864720232626165
95844,6.697457327935777
95846,1.046027197713157
95847,1.6675865163275243
95848,1.756952425118087
95855,8.708845374634217
95871,2.7313184710056593
95872,7.128540835332796
95874,3.0836394126726256
95876,1.0414836670780399
95890,1.6597598232688648
95902,2.950056234005279
95903,2.635952814268096
95904,4.739873607434886
95912,7.083661619736823
95917,3.108071222291482
95921,5.680831482162151
95933,7.803446367980749
95935,4.9484611289280505
95936,4.045775557575496
95947,1.182853454721791
95949,7.939023488289706
95964,4.56435818803574
95967,4.535080688043115
95969,1.087587707292239
95975,8.918076615964564
95977,2.0748013399390484
95990,4.09840073826783
95991,6.849929454255409
95992,6.683065835078289
95998,8.60933205599029
96004,3.1113092683375116
96007,3.8186360048273444
96024,4.674701343761024
96025,1.7527912931228253
96026,2.722338273083751
96027,5.08727340450589
96030,6.891823840279116
96038,8.084364728945278
96042,6.767357283693305
96044,4.046653841967361
96045,7.039860361294972
96046,3.0288751400905713
96052,1.74605049584595
96056,1.078286510690774
96058,4.778497815920843
96060,1.0784025886475281
96064,5.6634149600455554
96069,4.01168219659041
96078,6.677775704803892
96094,5.034410577429878
96096,3.6817194518962766
96101,2.887707656948316
96107,8.946908081588848
96112,1.7541067101460341
96115,3.8165245917716835
96121,4.997283304950015
96122,1.7939705616570083
96126,5.218405115793343
96127,0.9359494782082058
96138,9.192542631036591
96145,1.7123914077695774
96164,7.875159294512281
96166,1.1965493264667275
96167,2.121784136583017
96175,1.0508804997219396
96185,5.901978678572453
96188,2.128658458570085
96190,6.1351889443243675
96201,4.743709971502109
96203,4.061591633748569
96206,5.570297305877166
96208,4.097942772196004
96220,1.5211513393783247
96229,3.795448103386298
96237,2.697257644540982
96238,4.397929492453668
96244,7.2723640963195315
96246,6.658461369868645
96250,7.721013303618607
96252,5.000220905218348
96255,2.848227383258495
96257,1.0434394451996556
96261,0.9195744874304257
96262,3.5739930386365377
96265,4.6627733807104255
96275,3.088427105243464
96281,3.743825318720465
96283,3.7318745357398906
96284,2.6545069404852004
96285,5.718872182638122
96288,6.615884921895866
96293,1.130058786613645
96294,7.926144419590626
96295,1.0235840607724422
96296,6.299852536961964
96298,2.672020278954844
96305,2.1982382363336646
96308,7.711964468758781
96309,4.4195802883468716
96311,3.7960626299869475
96320,4.1780417946579895
96322,3.793422476556684
96338,4.642462387831496
96347,5.174091367004785
96353,7.167043821067247
96359,1.1383404593730657
96361,1.6549487321529481
96363,7.090227583948428
96364,5.849401613670112
96366,0.8834623812040308
96368,1.944693483643373
96372,0.8672872449527023
96376,4.150773143143948
96384,4.881802424958089
96389,2.78275616853988
96390,1.7223480518316894
96393,4.114739310074882
96399,1.7331698555973505
96403,6.989524251191835
96411,5.060794981150443
96415,6.041453067454535
96417,5.711212680885525
96419,4.94386781030935
96431,1.0623708242526626
96433,1.0543099989605302
96438,1.9300317844719292
96442,2.3233977921291125
96444,1.9350671101886725
96452,3.8742966327452373
96461,3.728532790762651
96462,1.0849372429234805
96464,5.803198109656702
96474,5.134588010814015
96479,7.93016485236015
96481,2.7345045740277723
96485,2.8120264077527817
96497,0.8994735802091363
96500,6.8824626570782925
96503,5.685156302357279
96517,5.974379475169217
96522,4.701718439719363
96529,3.752693307196506
96534,2.07868102130539
96535,6.966184602400723
96540,2.6250665379579257
96545,4.916910826746697
96546,4.60949412242275
96552,6.128413720854691
96559,0.8783950260790756
96569,2.766925506479606
96580,2.712800800809915
96582,3.5745706362793834
96593,3.5659156401256853
96594,0.9139605169876659
96595,1.1239194936515071
96596,6.881493640253823
96602,2.8836598687809216
96605,5.761103773206753
96608,8.80737523053681
96613,2.484637934253004
96614,3.6165455473372456
96617,3.6630357913371663
96621,6.329349935266446
96630,5.605197030366099
96643,4.888798507815071
96644,2.7368285601575093
96647,3.774679614569493
96655,3.8426363389091076
96659,1.457289305847402
96662,2.666884740749439
96672,0.8790710565038595
96674,2.7049083107480207
96680,4.189868525624865
96682,1.6211080683247374
96685,4.4515981127867335
96686,6.091102004593042
96687,4.019014317841928
96695,3.566941472141072
96701,1.7582317284058524
96706,6.4230105183082795
96710,4.667246762747895
96714,3.439766065433081
96716,1.0518684115210033
96717,1.0572866679744068
96718,3.1176338013410203
96723,7.6174971428248845
96725,2.7086724265936195
96730,2.701231345067472
96737,8.76144857833506
96749,1.102271841705933
96755,0.8927159134775535
96756,3.0190922639197284
96759,3.428096189458161
96773,1.240980865455203
96780,4.76469007670189
96790,4.044256939627286
96791,3.751918330123975
96798,1.070088092318596
96800,4.428281913536308
96806,2.228146593427773
96812,6.167975991289783
96817,4.028471349258969
96820,2.958897659568141
96824,1.6335465340264839
96834,4.864687543402345
96835,3.762904878538696
96836,3.2937766980622936
96837,3.7415257469303365
96846,0.8794533211463369
96853,1.6534850010784865
96855,3.8197655251925258
96856,3.744850375870206
96860,1.0885685936658045
96864,4.679908768382806
96871,10.117126044352482
96876,8.269105461074902
96882,1.6588814179137517
96883,9.884912139997319
96887,2.154301004504254
96888,2.510974971661241
96896,4.961248045468007
96898,3.0252273154225757
96902,1.7619311621670195
96909,6.5900426098243905
96911,1.1098788728995053
96912,2.621723071195241
96927,5.1676630988399594
96930,3.279467177616121
96933,3.9291299359038914
96936,1.127325609193229
96945,2.2294397191475652
96949,4.661352454101973
96950,5.817007205106705
96955,5.633151241292743
96956,8.81909557045447
96957,11.27042643049802
96971,4.045518184343976
96987,2.0922032946138427
96992,1.1543136990979392
96993,6.205388081264152
96995,1.7026694753337277
97000,8.176882402375275
97001,1.9798012646402667
97006,1.6331453073515627
97009,6.347190977797933
97013,2.2113655294368764
97017,5.370753495354169
97024,3.523333215197055
97025,2.1977737683969165
97029,1.6384535223331556
97048,3.0755130573466745
97058,3.689957204238013
97060,4.792812884751042
97072,1.7798622144493428
97076,11.061768737033429
97090,3.093851260563312
97095,3.8827841217978385
97098,7.81639093297996
97101,6.680428167586531
97109,7.471644066725817
97118,3.9091688508217475
97126,6.6604509446529825
97127,1.7380247955395758
97133,1.0952698221100379
97136,6.019825613521178
97141,1.1432072239927402
97147,3.4667531730935544
97153,1.1229403996392575
97154,1.3449563104321642
97157,5.098352380175566
97164,6.454895691856946
97173,5.086450384771272
97176,0.8684449211212852
97180,2.4783730403500295
97185,3.3682276647086327
97188,4.8768269445511425
97193,2.9675065656572683
97198,5.333626933578315
97208,6.459297545763713
97210,7.866829005275031
97216,0.9242725134439538
97222,3.1587228719414173
97225,4.478989039782338
97240,5.074649092796511
97245,2.716858875941564
97250,8.870070328350813
97254,7.53198196762251
97261,6.671949037049921
97263,4.498109910157388
97266,3.78104042152963
97270,4.102747455555102
97285,5.431538787366076
97321,1.1330317631357487
97333,6.953638364684926
97338,3.6626556564556725
97345,4.038062783711066
97352,1.142682329844984
97353,4.008515727199496
97356,1.7804949945015327
97357,1.1733177585167374
97365,8.417714217553893
97368,1.1567097134054567
97371,3.079213694000553
97376,8.15453359410952
97382,4.652646926273344
97383,0.8441341116150491
97390,8.891684722963026
97392,4.68302416869764
97398,7.350139444003995
97401,10.004971413285407
97402,1.7621087934679283
97403,3.2084591774638724
97405,1.6597529823677992
97410,4.876202836929369
97412,0.901025716389801
97413,3.9211715369180857
97416,2.616706819461087
97419,1.7892895886304143
97422,1.0786825633798003
97441,5.694324239780936
97446,2.606148183942609
97450,7.4175467363963
97467,4.202825552950417
97485,7.097766898907565
97488,1.692282877947898
97499,0.8928394838667137
97513,5.039196298550413
97526,3.5436372743264433
97531,4.276919541797401
97534,8.801376542492083
97546,1.7392856246888702
97554,2.6939762094918143
97559,5.6869230973042235
97564,3.7100634554854652
97566,0.9102426908103762
97568,3.1414323828003834
97569,4.521440297391635
97572,5.721610408764031
97579,2.923758183179231
97589,2.781310607922445
97592,3.0922277538735674
97595,1.6561976507201885
97597,0.9087187838229118
97601,5.448173037354632
97605,5.587642576396523
97606,6.07915691920713
97621,3.860483922465223
97626,3.6957667960391483
97631,1.739204269688944
97648,3.481155994835665
97650,3.894146075248026
97653,2.0266622348572003
97656,5.8523604983586655
97665,1.0318358587963035
97669,4.035638253584943
97672,3.5770616309140117
97674,1.1259061284809695
97677,8.481507443427539
97678,2.0798540981262743
97683,2.621408801741147
97684,2.0952973178132046
97686,3.242996817375795
97696,5.621053708247516
97698,6.677554947023351
97700,1.803639439824968
97706,1.0883009034231668
97717,6.662782568852981
97736,0.907508318468849
97743,1.0536499546055738
97751,4.67011021892365
97754,2.7778765632625175
97757,3.8329505535108566
97758,3.764120634553017
97764,2.917171355694112
97777,1.7777743948058404
97812,3.6686993938193537
97828,2.8875685956622963
97836,7.962394640325453
97839,3.80504531425475
97845,6.681337265040896
97847,0.8656987095110016
97851,7.772524365058361
97854,5.087803715557097
97866,3.942582794363596
97868,5.015357633135864
97871,1.1137049342892351
97873,3.7620857902422915
97883,2.7678720927196387
97885,1.0887335396008195
97886,3.1947542985905617
97895,3.7279266026140347
97897,1.0547359823099165
97901,3.8672556903446957
97906,3.0502200533270285
97908,3.8289807125947743
97909,3.8228081886587857
97911,7.461041213904992
97921,1.734698214693215
97933,0.9279995770376002
97937,1.6704441949515751
97938,4.098269162446519
97942,2.752901895828116
97951,3.688781671647613
97953,3.0607747318411693
97955,8.718246160219149
97957,6.688421544256379
97960,2.9460845672128135
97964,4.752505225112891
97967,7.691961620409367
97968,1.8575996550608433
97974,7.646076091706301
97978,1.0743447901003975
97999,4.971559666431209
98001,3.886078917155351
98002,1.2733180063695975
98003,7.78414095286157
98008,6.788273194909309
98010,1.2025630259658486
98016,5.820470344342912
98017,9.833923610223874
98021,8.201250736651918
98023,1.0694139991237552
98034,7.003378313902228
98035,1.0377312938869259
98037,3.0929110215864415
98038,5.787810005708963
98039,10.364416400266336
98048,3.7874400237820223
98069,2.683735270756699
98072,1.0461544218831342
98082,5.90729547960375
98083,5.708217750406594
98089,4.610480212726248
98090,3.0554376647517936
98096,3.7685818698734592
98101,7.669408235528858
98113,2.106933009364053
98120,3.092222241546543
98128,2.1501028319136175
98132,7.107649953791239
98134,3.0142009976454407
98137,6.637408969692807
98148,1.087711864924839
98149,1.1701075726944383
98151,5.1920142275158705
98156,6.930459858695263
98170,1.9032567935544877
98171,3.777999834201398
98193,4.30299854456418
98198,3.5661284010629952
98212,8.752601256073978
98216,1.6627563977021276
98220,1.0813846105835796
98230,1.113747894983022
98233,8.185734636973315
98241,6.737776818474975
98245,6.753674384004116
98254,2.9398972057903587
98260,2.8460798604193758
98266,6.0298674900689235
98268,6.696427959870272
98275,4.8016650944782056
98282,1.8059140608859225
98286,2.9724912851855887
98288,2.5388076314636976
98290,2.9039369243164534
98296,1.0727383403533137
98297,3.845377092043393
98304,2.6966413194424463
98305,4.704338610274574
98316,5.702466725842989
98321,3.7928578840803704
98326,7.79758663686891
98333,1.7795025265141917
98339,7.077263465788236
98347,2.6122428077169553
98357,1.6607245182474282
98360,4.598141247825908
98367,1.387603532070135
98373,2.6550590007224004
98375,3.7258148478340924
98378,1.6874590500541915
98384,2.6203603311346724
98388,6.084244671785003
98392,3.1053450583659723
98393,4.060605998356653
98394,7.675947317728785
98395,4.073027325000643
98396,10.487479086164365
98397,4.663604572544217
98401,5.727766663733089
98409,0.836120104397196
98412,1.1333525291740192
98414,7.963759059806538
98416,3.07650721871148
98423,3.2282647986854847
98427,0.9139521574320528
98428,3.068659589323899
98442,10.432902494351447
98444,4.712271326774548
98451,2.62236966808342
98458,7.1778960873864115
98459,3.0799823860963422
98460,5.726160525907031
98461,3.963485950777937
98474,5.69106730426197
98479,6.990318746127684
98480,1.0784327852092082
98481,4.928241255717128
98488,6.0212167631996945
98497,1.8202238655174954
98499,6.736713456760597
98502,6.887740225887993
98504,4.66293772587968
98512,2.8067516408133537
98517,4.179978436956975
98521,5.189987854547222
98522,7.2113322186190985
98529,3.117263317719701
98533,6.7731317005544724
98534,3.750388707847881
98540,3.032909317149559
98550,4.752441505235881
98561,6.076607559613244
98566,2.92966183985801
98567,1.7161861429243364
98583,1.702620191082635
98595,5.851486772564318
98621,3.0910130966402187
98629,2.126153429590298
98631,7.337855832857476
98635,0.9145371460001845
98662,1.686604292253949
98670,6.628954476712121
98671,3.028047374772431
98674,4.070158822221864
98690,5.576564545034189
98691,2.8966334201984907
98695,4.030993792908402
98697,7.008206068077707
98698,3.7874956925227243
98700,2.1228054769416147
98702,6.051818170805625
98711,7.207162360517472
98713,1.1159602882388144
98714,3.6535546003717063
98717,9.008245072818658
98720,3.9849410203118922
98728,0.9660303909237484
98735,2.6034399293955643
98736,3.873555797353029
98745,7.0181388024996565
98747,1.8270324168828718
98759,6.1072845777801685
98760,2.901110243852538
98762,7.650483933109725
98770,2.722884624052119
98773,8.507405437722108
98774,7.078163698679485
98775,1.9209846272450113
98779,7.748576451191273
98782,1.1905684500020435
98791,2.7904227907230377
98800,3.641190899552705
98813,5.183420953076368
98817,12.680692483003485
98818,1.048425744293798
98820,3.5334628638530994
98831,11.542203785416
98833,3.7483831826579026
98835,4.0688825136650575
98844,5.224619876187411
98845,6.991791529743406
98853,1.9404098181696523
98856,0.9062470640100879
98859,7.081088053209209
98868,8.083296111238981
98881,4.785283420249057
98887,1.087587540886862
98899,0.9354312557755899
98905,2.678149814173633
98914,1.137305289490882
98919,7.03500807051885
98924,3.2427319271126738
98933,4.099204454153705
98939,4.672638053633808
98941,6.665868570820621
98942,2.1111923705828004
98948,6.715848737583828
98956,3.0344885452068593
98957,5.637709552855906
98961,0.9856016893257142
98963,1.1049939216461735
98975,4.161667163872675
98979,3.134709610399939
98980,2.8967341095068995
98982,3.682372836913019
98983,1.108165987150842
98986,5.862600411447635
98992,3.9045584604268297
98995,5.677667631755123
98997,3.7360953625251576
99006,1.9518794499082248
99014,5.9394890576372354
99028,1.0699322186736917
99030,0.8757347743027326
99031,1.061850585467968
99043,5.456336192444499
99052,2.7614272399685493
99054,4.238063284845552
99061,2.195414425725404
99062,8.987346333649748
99063,1.1370187140925916
99066,4.762965611053148
99067,5.0401520608424475
99068,1.6429944135365528
99075,3.1172967495119184
99081,2.7439533150654447
99082,6.662658886682289
99084,1.6700207210377034
99088,2.6632098027893045
99091,4.036593572047364
99092,5.6915799925022466
99093,5.373933128819068
99098,4.743598191231678
99105,0.8653689154039599
99127,5.925338688353103
99133,6.800786680554724
99134,3.1595258019424235
99136,1.0593667684617976
99140,4.93830081454857
99143,2.7043280895796333
99153,6.674547334712045
99163,1.6583495994939517
99166,3.0976408435906406
99167,3.182170973205869
99168,1.137957094557343
99170,2.7042006262796923
99173,3.083653219355713
99180,1.704972954698253
99187,1.0912307872090157
99190,2.663823691201818
99200,1.9138713914438292
99209,5.881643638451885
99214,2.6930413565337163
99216,4.385910955980267
99224,3.093956152736519
99238,1.6674773009446078
99241,1.968444108614733
99245,1.095436242400706
99257,0.8140757150193969
99258,1.0617901706648047
99260,1.7115956554232734
99262,2.7689468245884736
99268,3.8528656024749846
99269,4.912345673060676
99270,3.577441896778524
99277,4.024394559321712
99278,4.478917029640768
99282,5.679288064504956
99289,3.696697909804979
99295,8.744646981898962
99300,0.8915096827883944
99304,3.4229661194302436
99305,3.173538122733482
99307,2.2503902402916145
99308,1.7364611381598412
99310,6.751480871492571
99317,5.652322944828417
99326,7.280388812912987
99329,1.2179819856411496
99330,1.6919366923749597
99354,5.046475496395713
99355,6.688468708076722
99357,2.141160070846752
99362,1.9465286382305358
99364,5.496735634403781
99368,3.5295901135434202
99380,3.517642128688551
99381,2.879095746485623
99392,3.6082264538709725
99393,5.71375202169024
99397,6.726640450255074
99400,3.797654030782488
99406,1.1235998575450128
99408,2.5821584402697937
99413,1.697871704270085
99420,6.4461232600227465
99425,2.1493889094402396
99428,3.74798364291392
99434,7.083306787304731
99437,3.6345418958555573
99441,2.7401484995327587
99444,6.125854631998255
99447,2.6752843666100317
99455,8.469884866652091
99464,1.1010587402159802
99466,5.694320786658027
99469,6.898670590888223
99473,6.64975637487983
99475,7.964632865793996
99476,3.8572562385770213
99484,1.7096564928042817
99488,1.0986091940445966
99494,5.706398292554807
99495,7.196458298829109
99499,1.7505129211892636
99506,5.743377820751165
99508,8.98590436615606
99524,4.090123644787212
99525,4.88276761682307
99529,1.1702929160626283
99533,7.864554495764906
99535,5.060357456545344
99540,1.0631478628644526
99543,2.511986045131189
99546,4.562134713018736
99549,3.0632631217199515
99552,2.883292545531124
99553,7.76672426890962
99554,1.4429092134836714
99560,3.803513652494603
99562,3.1046139492848774
99564,2.947371570935345
99567,0.9025376271833494
99570,3.666113018884657
99573,2.129525242339228
99585,1.0942294877174583
99588,4.036723989150611
99606,1.7397483455270937
99607,1.652197814760679
99613,1.0448732121654958
99615,3.8807662799597056
99616,5.928060944054662
99628,3.030691206898438
99629,5.098350606262397
99630,1.820460265507423
99634,1.8770180705872184
99635,3.9050096987132124
99641,3.172300479625112
99644,6.6545832575860375
99646,4.670458151863297
99647,1.0501015123227595
99651,2.578844325190163
99657,6.6964677831778765
99663,3.9472394423161536
99668,4.319820599828288
99674,1.7022564467604764
99675,5.681244160490201
99684,3.010677179256144
99687,4.077226148297364
99688,2.9970222112195817
99696,5.938413800811792
99704,1.707995955686716
99713,1.7140766394069118
99718,5.177650564604784
99721,0.889044175373999
99732,0.867798611269885
99741,3.1008860996792356
99743,5.682428353129497
99749,5.195365165640796
99766,1.1301667910860043
99767,4.069675900131195
99770,3.756557687376574
99772,6.868581367563169
99776,0.8898930331544213
99779,8.631979105936367
99780,2.116217731460461
99784,5.799028048463986
99801,6.500139196588854
99804,4.916953297638656
99806,1.7007233901297285
99810,1.7040015591861883
99813,2.8941043012013683
99814,4.455365142463515
99817,4.633870545212324
99819,4.032974001822533
99822,2.596546276828966
99826,1.104820969335771
99829,0.9016745359894958
99839,1.0902874399480051
99840,4.206959931263506
99849,3.1203207923562895
99854,4.668819012539578
99857,4.0721065882651715
99858,2.76526924490602
99859,8.09720737374821
99861,3.104436919139203
99862,3.0004734475341506
99864,4.494386032828943
99869,5.753137455565632
99873,1.0975059479844997
99874,4.521361581270269
99885,3.691474746275375
99888,1.7643168300556922
99897,2.655985673571891
99902,6.055399622354026
99904,5.203849129890079
99908,7.097024697327863
99911,6.5641045283567845
99921,4.6515690252233926
99926,4.225790925979036
99927,1.7357907623234077
99930,4.641539706416425
99934,7.6968399542025985
99941,3.173581517384652
99949,8.084062998093057
99955,5.742613005950103
99959,1.7576123085774173
99960,3.7408921314380863
99961,3.9381119446847452
99962,1.9785435511868674
99964,4.065444792360372
99969,2.731767806060671
99977,0.9056950355554925
99987,4.103429284155224
99995,6.640050237897525
99996,5.651567468024579
99999,3.647496980956657
