"eid","lengthofstay"
1,3.99605330535676
7,3.99605330535676
9,3.99605330535676
13,3.99605330535676
25,3.99605330535676
30,3.99605330535676
34,3.99605330535676
43,3.99605330535676
51,3.99605330535676
54,3.99605330535676
61,3.99605330535676
67,3.99605330535676
70,3.99605330535676
72,3.99605330535676
82,3.99605330535676
84,3.99605330535676
86,3.99605330535676
87,3.99605330535676
89,3.99605330535676
92,3.99605330535676
96,3.99605330535676
105,3.99605330535676
108,3.99605330535676
115,3.99605330535676
119,3.99605330535676
120,3.99605330535676
129,3.99605330535676
142,3.99605330535676
161,3.99605330535676
169,3.99605330535676
170,3.99605330535676
172,3.99605330535676
174,3.99605330535676
184,3.99605330535676
185,3.99605330535676
206,3.99605330535676
209,3.99605330535676
213,3.99605330535676
222,3.99605330535676
224,3.99605330535676
228,3.99605330535676
237,3.99605330535676
239,3.99605330535676
256,3.99605330535676
264,3.99605330535676
266,3.99605330535676
277,3.99605330535676
278,3.99605330535676
283,3.99605330535676
295,3.99605330535676
307,3.99605330535676
311,3.99605330535676
313,3.99605330535676
314,3.99605330535676
316,3.99605330535676
319,3.99605330535676
322,3.99605330535676
329,3.99605330535676
342,3.99605330535676
355,3.99605330535676
360,3.99605330535676
362,3.99605330535676
363,3.99605330535676
366,3.99605330535676
403,3.99605330535676
412,3.99605330535676
414,3.99605330535676
425,3.99605330535676
426,3.99605330535676
439,3.99605330535676
441,3.99605330535676
442,3.99605330535676
443,3.99605330535676
449,3.99605330535676
462,3.99605330535676
467,3.99605330535676
473,3.99605330535676
474,3.99605330535676
476,3.99605330535676
485,3.99605330535676
490,3.99605330535676
497,3.99605330535676
501,3.99605330535676
502,3.99605330535676
503,3.99605330535676
506,3.99605330535676
508,3.99605330535676
513,3.99605330535676
514,3.99605330535676
517,3.99605330535676
518,3.99605330535676
527,3.99605330535676
531,3.99605330535676
537,3.99605330535676
542,3.99605330535676
548,3.99605330535676
550,3.99605330535676
558,3.99605330535676
559,3.99605330535676
570,3.99605330535676
576,3.99605330535676
594,3.99605330535676
597,3.99605330535676
599,3.99605330535676
601,3.99605330535676
602,3.99605330535676
604,3.99605330535676
609,3.99605330535676
615,3.99605330535676
616,3.99605330535676
619,3.99605330535676
627,3.99605330535676
636,3.99605330535676
637,3.99605330535676
642,3.99605330535676
644,3.99605330535676
645,3.99605330535676
647,3.99605330535676
649,3.99605330535676
652,3.99605330535676
653,3.99605330535676
666,3.99605330535676
669,3.99605330535676
672,3.99605330535676
678,3.99605330535676
683,3.99605330535676
695,3.99605330535676
697,3.99605330535676
699,3.99605330535676
712,3.99605330535676
717,3.99605330535676
730,3.99605330535676
737,3.99605330535676
741,3.99605330535676
749,3.99605330535676
752,3.99605330535676
754,3.99605330535676
759,3.99605330535676
760,3.99605330535676
761,3.99605330535676
767,3.99605330535676
775,3.99605330535676
781,3.99605330535676
792,3.99605330535676
802,3.99605330535676
805,3.99605330535676
808,3.99605330535676
809,3.99605330535676
810,3.99605330535676
815,3.99605330535676
817,3.99605330535676
819,3.99605330535676
830,3.99605330535676
831,3.99605330535676
834,3.99605330535676
836,3.99605330535676
837,3.99605330535676
847,3.99605330535676
848,3.99605330535676
862,3.99605330535676
890,3.99605330535676
898,3.99605330535676
906,3.99605330535676
910,3.99605330535676
911,3.99605330535676
914,3.99605330535676
924,3.99605330535676
928,3.99605330535676
930,3.99605330535676
936,3.99605330535676
941,3.99605330535676
946,3.99605330535676
947,3.99605330535676
950,3.99605330535676
951,3.99605330535676
953,3.99605330535676
958,3.99605330535676
960,3.99605330535676
963,3.99605330535676
964,3.99605330535676
985,3.99605330535676
987,3.99605330535676
999,3.99605330535676
1000,3.99605330535676
1006,3.99605330535676
1018,3.99605330535676
1020,3.99605330535676
1023,3.99605330535676
1031,3.99605330535676
1045,3.99605330535676
1047,3.99605330535676
1049,3.99605330535676
1054,3.99605330535676
1056,3.99605330535676
1063,3.99605330535676
1064,3.99605330535676
1070,3.99605330535676
1079,3.99605330535676
1083,3.99605330535676
1084,3.99605330535676
1086,3.99605330535676
1088,3.99605330535676
1091,3.99605330535676
1095,3.99605330535676
1099,3.99605330535676
1103,3.99605330535676
1110,3.99605330535676
1111,3.99605330535676
1113,3.99605330535676
1116,3.99605330535676
1118,3.99605330535676
1125,3.99605330535676
1129,3.99605330535676
1130,3.99605330535676
1131,3.99605330535676
1134,3.99605330535676
1138,3.99605330535676
1142,3.99605330535676
1143,3.99605330535676
1145,3.99605330535676
1157,3.99605330535676
1159,3.99605330535676
1176,3.99605330535676
1179,3.99605330535676
1192,3.99605330535676
1196,3.99605330535676
1204,3.99605330535676
1218,3.99605330535676
1220,3.99605330535676
1226,3.99605330535676
1228,3.99605330535676
1229,3.99605330535676
1233,3.99605330535676
1235,3.99605330535676
1244,3.99605330535676
1246,3.99605330535676
1251,3.99605330535676
1253,3.99605330535676
1255,3.99605330535676
1257,3.99605330535676
1258,3.99605330535676
1261,3.99605330535676
1263,3.99605330535676
1275,3.99605330535676
1281,3.99605330535676
1284,3.99605330535676
1286,3.99605330535676
1288,3.99605330535676
1291,3.99605330535676
1296,3.99605330535676
1302,3.99605330535676
1309,3.99605330535676
1310,3.99605330535676
1312,3.99605330535676
1313,3.99605330535676
1320,3.99605330535676
1322,3.99605330535676
1323,3.99605330535676
1327,3.99605330535676
1329,3.99605330535676
1336,3.99605330535676
1344,3.99605330535676
1348,3.99605330535676
1350,3.99605330535676
1351,3.99605330535676
1352,3.99605330535676
1356,3.99605330535676
1358,3.99605330535676
1363,3.99605330535676
1370,3.99605330535676
1372,3.99605330535676
1380,3.99605330535676
1382,3.99605330535676
1386,3.99605330535676
1388,3.99605330535676
1395,3.99605330535676
1398,3.99605330535676
1400,3.99605330535676
1412,3.99605330535676
1422,3.99605330535676
1426,3.99605330535676
1435,3.99605330535676
1437,3.99605330535676
1439,3.99605330535676
1442,3.99605330535676
1446,3.99605330535676
1449,3.99605330535676
1454,3.99605330535676
1462,3.99605330535676
1467,3.99605330535676
1468,3.99605330535676
1470,3.99605330535676
1475,3.99605330535676
1480,3.99605330535676
1481,3.99605330535676
1483,3.99605330535676
1491,3.99605330535676
1493,3.99605330535676
1503,3.99605330535676
1506,3.99605330535676
1520,3.99605330535676
1525,3.99605330535676
1533,3.99605330535676
1534,3.99605330535676
1537,3.99605330535676
1542,3.99605330535676
1548,3.99605330535676
1549,3.99605330535676
1556,3.99605330535676
1560,3.99605330535676
1563,3.99605330535676
1564,3.99605330535676
1571,3.99605330535676
1583,3.99605330535676
1605,3.99605330535676
1606,3.99605330535676
1611,3.99605330535676
1612,3.99605330535676
1615,3.99605330535676
1620,3.99605330535676
1623,3.99605330535676
1625,3.99605330535676
1636,3.99605330535676
1638,3.99605330535676
1640,3.99605330535676
1641,3.99605330535676
1642,3.99605330535676
1644,3.99605330535676
1646,3.99605330535676
1650,3.99605330535676
1651,3.99605330535676
1652,3.99605330535676
1663,3.99605330535676
1666,3.99605330535676
1673,3.99605330535676
1688,3.99605330535676
1695,3.99605330535676
1697,3.99605330535676
1701,3.99605330535676
1709,3.99605330535676
1713,3.99605330535676
1715,3.99605330535676
1723,3.99605330535676
1735,3.99605330535676
1744,3.99605330535676
1746,3.99605330535676
1750,3.99605330535676
1751,3.99605330535676
1752,3.99605330535676
1753,3.99605330535676
1755,3.99605330535676
1757,3.99605330535676
1760,3.99605330535676
1761,3.99605330535676
1764,3.99605330535676
1769,3.99605330535676
1772,3.99605330535676
1776,3.99605330535676
1784,3.99605330535676
1788,3.99605330535676
1791,3.99605330535676
1793,3.99605330535676
1799,3.99605330535676
1802,3.99605330535676
1804,3.99605330535676
1808,3.99605330535676
1809,3.99605330535676
1815,3.99605330535676
1817,3.99605330535676
1820,3.99605330535676
1825,3.99605330535676
1826,3.99605330535676
1828,3.99605330535676
1830,3.99605330535676
1837,3.99605330535676
1840,3.99605330535676
1843,3.99605330535676
1844,3.99605330535676
1849,3.99605330535676
1850,3.99605330535676
1853,3.99605330535676
1855,3.99605330535676
1867,3.99605330535676
1868,3.99605330535676
1869,3.99605330535676
1871,3.99605330535676
1874,3.99605330535676
1876,3.99605330535676
1877,3.99605330535676
1882,3.99605330535676
1884,3.99605330535676
1895,3.99605330535676
1902,3.99605330535676
1920,3.99605330535676
1922,3.99605330535676
1926,3.99605330535676
1930,3.99605330535676
1935,3.99605330535676
1936,3.99605330535676
1947,3.99605330535676
1953,3.99605330535676
1967,3.99605330535676
1970,3.99605330535676
1980,3.99605330535676
1981,3.99605330535676
1982,3.99605330535676
1985,3.99605330535676
1989,3.99605330535676
1993,3.99605330535676
1999,3.99605330535676
2004,3.99605330535676
2018,3.99605330535676
2019,3.99605330535676
2024,3.99605330535676
2026,3.99605330535676
2027,3.99605330535676
2028,3.99605330535676
2031,3.99605330535676
2033,3.99605330535676
2034,3.99605330535676
2042,3.99605330535676
2043,3.99605330535676
2045,3.99605330535676
2048,3.99605330535676
2053,3.99605330535676
2054,3.99605330535676
2059,3.99605330535676
2060,3.99605330535676
2068,3.99605330535676
2077,3.99605330535676
2078,3.99605330535676
2079,3.99605330535676
2083,3.99605330535676
2091,3.99605330535676
2092,3.99605330535676
2096,3.99605330535676
2097,3.99605330535676
2103,3.99605330535676
2105,3.99605330535676
2108,3.99605330535676
2109,3.99605330535676
2116,3.99605330535676
2118,3.99605330535676
2120,3.99605330535676
2126,3.99605330535676
2141,3.99605330535676
2144,3.99605330535676
2146,3.99605330535676
2148,3.99605330535676
2150,3.99605330535676
2158,3.99605330535676
2160,3.99605330535676
2165,3.99605330535676
2167,3.99605330535676
2180,3.99605330535676
2184,3.99605330535676
2186,3.99605330535676
2188,3.99605330535676
2189,3.99605330535676
2193,3.99605330535676
2195,3.99605330535676
2201,3.99605330535676
2202,3.99605330535676
2205,3.99605330535676
2207,3.99605330535676
2215,3.99605330535676
2219,3.99605330535676
2228,3.99605330535676
2234,3.99605330535676
2238,3.99605330535676
2239,3.99605330535676
2243,3.99605330535676
2244,3.99605330535676
2246,3.99605330535676
2253,3.99605330535676
2255,3.99605330535676
2257,3.99605330535676
2266,3.99605330535676
2270,3.99605330535676
2271,3.99605330535676
2275,3.99605330535676
2278,3.99605330535676
2286,3.99605330535676
2290,3.99605330535676
2291,3.99605330535676
2296,3.99605330535676
2302,3.99605330535676
2303,3.99605330535676
2304,3.99605330535676
2311,3.99605330535676
2313,3.99605330535676
2314,3.99605330535676
2315,3.99605330535676
2316,3.99605330535676
2319,3.99605330535676
2323,3.99605330535676
2330,3.99605330535676
2336,3.99605330535676
2339,3.99605330535676
2340,3.99605330535676
2354,3.99605330535676
2358,3.99605330535676
2362,3.99605330535676
2364,3.99605330535676
2384,3.99605330535676
2385,3.99605330535676
2395,3.99605330535676
2397,3.99605330535676
2398,3.99605330535676
2400,3.99605330535676
2404,3.99605330535676
2406,3.99605330535676
2409,3.99605330535676
2417,3.99605330535676
2423,3.99605330535676
2425,3.99605330535676
2429,3.99605330535676
2430,3.99605330535676
2432,3.99605330535676
2438,3.99605330535676
2441,3.99605330535676
2442,3.99605330535676
2443,3.99605330535676
2454,3.99605330535676
2459,3.99605330535676
2464,3.99605330535676
2467,3.99605330535676
2468,3.99605330535676
2473,3.99605330535676
2474,3.99605330535676
2478,3.99605330535676
2479,3.99605330535676
2482,3.99605330535676
2485,3.99605330535676
2486,3.99605330535676
2490,3.99605330535676
2499,3.99605330535676
2502,3.99605330535676
2503,3.99605330535676
2506,3.99605330535676
2509,3.99605330535676
2517,3.99605330535676
2518,3.99605330535676
2521,3.99605330535676
2523,3.99605330535676
2524,3.99605330535676
2533,3.99605330535676
2534,3.99605330535676
2536,3.99605330535676
2544,3.99605330535676
2545,3.99605330535676
2552,3.99605330535676
2554,3.99605330535676
2555,3.99605330535676
2559,3.99605330535676
2564,3.99605330535676
2570,3.99605330535676
2572,3.99605330535676
2574,3.99605330535676
2575,3.99605330535676
2594,3.99605330535676
2600,3.99605330535676
2603,3.99605330535676
2604,3.99605330535676
2606,3.99605330535676
2610,3.99605330535676
2611,3.99605330535676
2613,3.99605330535676
2617,3.99605330535676
2624,3.99605330535676
2627,3.99605330535676
2628,3.99605330535676
2631,3.99605330535676
2635,3.99605330535676
2649,3.99605330535676
2653,3.99605330535676
2655,3.99605330535676
2670,3.99605330535676
2678,3.99605330535676
2694,3.99605330535676
2697,3.99605330535676
2707,3.99605330535676
2708,3.99605330535676
2713,3.99605330535676
2714,3.99605330535676
2732,3.99605330535676
2739,3.99605330535676
2740,3.99605330535676
2750,3.99605330535676
2751,3.99605330535676
2752,3.99605330535676
2759,3.99605330535676
2761,3.99605330535676
2769,3.99605330535676
2775,3.99605330535676
2782,3.99605330535676
2785,3.99605330535676
2794,3.99605330535676
2795,3.99605330535676
2801,3.99605330535676
2802,3.99605330535676
2814,3.99605330535676
2822,3.99605330535676
2830,3.99605330535676
2835,3.99605330535676
2836,3.99605330535676
2840,3.99605330535676
2841,3.99605330535676
2842,3.99605330535676
2845,3.99605330535676
2847,3.99605330535676
2849,3.99605330535676
2863,3.99605330535676
2865,3.99605330535676
2873,3.99605330535676
2874,3.99605330535676
2877,3.99605330535676
2880,3.99605330535676
2892,3.99605330535676
2897,3.99605330535676
2900,3.99605330535676
2908,3.99605330535676
2909,3.99605330535676
2914,3.99605330535676
2915,3.99605330535676
2918,3.99605330535676
2920,3.99605330535676
2924,3.99605330535676
2927,3.99605330535676
2938,3.99605330535676
2944,3.99605330535676
2946,3.99605330535676
2960,3.99605330535676
2973,3.99605330535676
2977,3.99605330535676
2990,3.99605330535676
2999,3.99605330535676
3006,3.99605330535676
3007,3.99605330535676
3010,3.99605330535676
3015,3.99605330535676
3016,3.99605330535676
3024,3.99605330535676
3025,3.99605330535676
3027,3.99605330535676
3039,3.99605330535676
3045,3.99605330535676
3046,3.99605330535676
3059,3.99605330535676
3064,3.99605330535676
3070,3.99605330535676
3077,3.99605330535676
3080,3.99605330535676
3089,3.99605330535676
3095,3.99605330535676
3096,3.99605330535676
3099,3.99605330535676
3109,3.99605330535676
3111,3.99605330535676
3112,3.99605330535676
3113,3.99605330535676
3118,3.99605330535676
3124,3.99605330535676
3126,3.99605330535676
3128,3.99605330535676
3129,3.99605330535676
3133,3.99605330535676
3134,3.99605330535676
3136,3.99605330535676
3141,3.99605330535676
3142,3.99605330535676
3145,3.99605330535676
3147,3.99605330535676
3155,3.99605330535676
3156,3.99605330535676
3157,3.99605330535676
3172,3.99605330535676
3181,3.99605330535676
3182,3.99605330535676
3189,3.99605330535676
3190,3.99605330535676
3192,3.99605330535676
3193,3.99605330535676
3200,3.99605330535676
3204,3.99605330535676
3206,3.99605330535676
3211,3.99605330535676
3212,3.99605330535676
3214,3.99605330535676
3223,3.99605330535676
3226,3.99605330535676
3237,3.99605330535676
3238,3.99605330535676
3242,3.99605330535676
3243,3.99605330535676
3245,3.99605330535676
3246,3.99605330535676
3255,3.99605330535676
3263,3.99605330535676
3268,3.99605330535676
3270,3.99605330535676
3273,3.99605330535676
3274,3.99605330535676
3275,3.99605330535676
3278,3.99605330535676
3281,3.99605330535676
3284,3.99605330535676
3286,3.99605330535676
3287,3.99605330535676
3293,3.99605330535676
3302,3.99605330535676
3305,3.99605330535676
3307,3.99605330535676
3310,3.99605330535676
3316,3.99605330535676
3320,3.99605330535676
3327,3.99605330535676
3328,3.99605330535676
3330,3.99605330535676
3334,3.99605330535676
3337,3.99605330535676
3340,3.99605330535676
3346,3.99605330535676
3350,3.99605330535676
3368,3.99605330535676
3371,3.99605330535676
3375,3.99605330535676
3388,3.99605330535676
3393,3.99605330535676
3394,3.99605330535676
3397,3.99605330535676
3404,3.99605330535676
3416,3.99605330535676
3434,3.99605330535676
3436,3.99605330535676
3437,3.99605330535676
3446,3.99605330535676
3447,3.99605330535676
3452,3.99605330535676
3453,3.99605330535676
3464,3.99605330535676
3472,3.99605330535676
3485,3.99605330535676
3486,3.99605330535676
3488,3.99605330535676
3492,3.99605330535676
3494,3.99605330535676
3497,3.99605330535676
3503,3.99605330535676
3509,3.99605330535676
3515,3.99605330535676
3529,3.99605330535676
3536,3.99605330535676
3541,3.99605330535676
3553,3.99605330535676
3555,3.99605330535676
3556,3.99605330535676
3560,3.99605330535676
3565,3.99605330535676
3571,3.99605330535676
3573,3.99605330535676
3586,3.99605330535676
3590,3.99605330535676
3592,3.99605330535676
3593,3.99605330535676
3595,3.99605330535676
3601,3.99605330535676
3602,3.99605330535676
3604,3.99605330535676
3605,3.99605330535676
3606,3.99605330535676
3610,3.99605330535676
3612,3.99605330535676
3617,3.99605330535676
3619,3.99605330535676
3620,3.99605330535676
3622,3.99605330535676
3629,3.99605330535676
3633,3.99605330535676
3649,3.99605330535676
3655,3.99605330535676
3657,3.99605330535676
3661,3.99605330535676
3666,3.99605330535676
3671,3.99605330535676
3672,3.99605330535676
3675,3.99605330535676
3688,3.99605330535676
3689,3.99605330535676
3703,3.99605330535676
3707,3.99605330535676
3713,3.99605330535676
3719,3.99605330535676
3720,3.99605330535676
3723,3.99605330535676
3727,3.99605330535676
3730,3.99605330535676
3732,3.99605330535676
3734,3.99605330535676
3741,3.99605330535676
3742,3.99605330535676
3745,3.99605330535676
3746,3.99605330535676
3759,3.99605330535676
3763,3.99605330535676
3764,3.99605330535676
3771,3.99605330535676
3779,3.99605330535676
3784,3.99605330535676
3786,3.99605330535676
3787,3.99605330535676
3790,3.99605330535676
3811,3.99605330535676
3814,3.99605330535676
3818,3.99605330535676
3821,3.99605330535676
3835,3.99605330535676
3842,3.99605330535676
3855,3.99605330535676
3857,3.99605330535676
3860,3.99605330535676
3862,3.99605330535676
3865,3.99605330535676
3870,3.99605330535676
3881,3.99605330535676
3883,3.99605330535676
3884,3.99605330535676
3885,3.99605330535676
3890,3.99605330535676
3894,3.99605330535676
3898,3.99605330535676
3899,3.99605330535676
3913,3.99605330535676
3914,3.99605330535676
3916,3.99605330535676
3917,3.99605330535676
3919,3.99605330535676
3927,3.99605330535676
3936,3.99605330535676
3948,3.99605330535676
3949,3.99605330535676
3952,3.99605330535676
3961,3.99605330535676
3966,3.99605330535676
3971,3.99605330535676
3984,3.99605330535676
3993,3.99605330535676
4007,3.99605330535676
4008,3.99605330535676
4017,3.99605330535676
4019,3.99605330535676
4024,3.99605330535676
4032,3.99605330535676
4037,3.99605330535676
4040,3.99605330535676
4055,3.99605330535676
4057,3.99605330535676
4061,3.99605330535676
4082,3.99605330535676
4091,3.99605330535676
4096,3.99605330535676
4097,3.99605330535676
4106,3.99605330535676
4116,3.99605330535676
4122,3.99605330535676
4124,3.99605330535676
4126,3.99605330535676
4127,3.99605330535676
4139,3.99605330535676
4140,3.99605330535676
4142,3.99605330535676
4144,3.99605330535676
4147,3.99605330535676
4149,3.99605330535676
4152,3.99605330535676
4153,3.99605330535676
4157,3.99605330535676
4166,3.99605330535676
4170,3.99605330535676
4181,3.99605330535676
4190,3.99605330535676
4192,3.99605330535676
4196,3.99605330535676
4199,3.99605330535676
4201,3.99605330535676
4206,3.99605330535676
4212,3.99605330535676
4227,3.99605330535676
4228,3.99605330535676
4230,3.99605330535676
4234,3.99605330535676
4239,3.99605330535676
4240,3.99605330535676
4242,3.99605330535676
4252,3.99605330535676
4253,3.99605330535676
4257,3.99605330535676
4268,3.99605330535676
4277,3.99605330535676
4280,3.99605330535676
4289,3.99605330535676
4293,3.99605330535676
4294,3.99605330535676
4306,3.99605330535676
4310,3.99605330535676
4315,3.99605330535676
4323,3.99605330535676
4324,3.99605330535676
4327,3.99605330535676
4331,3.99605330535676
4332,3.99605330535676
4340,3.99605330535676
4351,3.99605330535676
4353,3.99605330535676
4358,3.99605330535676
4359,3.99605330535676
4361,3.99605330535676
4364,3.99605330535676
4370,3.99605330535676
4374,3.99605330535676
4381,3.99605330535676
4390,3.99605330535676
4396,3.99605330535676
4397,3.99605330535676
4401,3.99605330535676
4402,3.99605330535676
4405,3.99605330535676
4413,3.99605330535676
4419,3.99605330535676
4422,3.99605330535676
4425,3.99605330535676
4426,3.99605330535676
4432,3.99605330535676
4441,3.99605330535676
4447,3.99605330535676
4448,3.99605330535676
4450,3.99605330535676
4452,3.99605330535676
4454,3.99605330535676
4462,3.99605330535676
4463,3.99605330535676
4470,3.99605330535676
4474,3.99605330535676
4479,3.99605330535676
4481,3.99605330535676
4483,3.99605330535676
4484,3.99605330535676
4492,3.99605330535676
4493,3.99605330535676
4498,3.99605330535676
4499,3.99605330535676
4501,3.99605330535676
4510,3.99605330535676
4517,3.99605330535676
4518,3.99605330535676
4522,3.99605330535676
4541,3.99605330535676
4544,3.99605330535676
4545,3.99605330535676
4550,3.99605330535676
4557,3.99605330535676
4572,3.99605330535676
4573,3.99605330535676
4576,3.99605330535676
4579,3.99605330535676
4582,3.99605330535676
4589,3.99605330535676
4597,3.99605330535676
4601,3.99605330535676
4606,3.99605330535676
4607,3.99605330535676
4612,3.99605330535676
4617,3.99605330535676
4621,3.99605330535676
4627,3.99605330535676
4628,3.99605330535676
4632,3.99605330535676
4633,3.99605330535676
4640,3.99605330535676
4644,3.99605330535676
4653,3.99605330535676
4657,3.99605330535676
4658,3.99605330535676
4667,3.99605330535676
4670,3.99605330535676
4671,3.99605330535676
4673,3.99605330535676
4683,3.99605330535676
4688,3.99605330535676
4689,3.99605330535676
4690,3.99605330535676
4698,3.99605330535676
4706,3.99605330535676
4708,3.99605330535676
4712,3.99605330535676
4715,3.99605330535676
4729,3.99605330535676
4734,3.99605330535676
4738,3.99605330535676
4742,3.99605330535676
4743,3.99605330535676
4744,3.99605330535676
4747,3.99605330535676
4760,3.99605330535676
4770,3.99605330535676
4773,3.99605330535676
4789,3.99605330535676
4800,3.99605330535676
4806,3.99605330535676
4809,3.99605330535676
4814,3.99605330535676
4820,3.99605330535676
4827,3.99605330535676
4841,3.99605330535676
4844,3.99605330535676
4857,3.99605330535676
4859,3.99605330535676
4862,3.99605330535676
4867,3.99605330535676
4877,3.99605330535676
4880,3.99605330535676
4898,3.99605330535676
4900,3.99605330535676
4906,3.99605330535676
4909,3.99605330535676
4912,3.99605330535676
4915,3.99605330535676
4928,3.99605330535676
4930,3.99605330535676
4932,3.99605330535676
4933,3.99605330535676
4936,3.99605330535676
4937,3.99605330535676
4938,3.99605330535676
4944,3.99605330535676
4951,3.99605330535676
4960,3.99605330535676
4965,3.99605330535676
4974,3.99605330535676
4979,3.99605330535676
4982,3.99605330535676
4991,3.99605330535676
5000,3.99605330535676
5008,3.99605330535676
5012,3.99605330535676
5013,3.99605330535676
5018,3.99605330535676
5019,3.99605330535676
5029,3.99605330535676
5038,3.99605330535676
5041,3.99605330535676
5042,3.99605330535676
5045,3.99605330535676
5047,3.99605330535676
5052,3.99605330535676
5059,3.99605330535676
5062,3.99605330535676
5067,3.99605330535676
5071,3.99605330535676
5081,3.99605330535676
5083,3.99605330535676
5087,3.99605330535676
5090,3.99605330535676
5101,3.99605330535676
5107,3.99605330535676
5111,3.99605330535676
5113,3.99605330535676
5114,3.99605330535676
5119,3.99605330535676
5122,3.99605330535676
5130,3.99605330535676
5134,3.99605330535676
5135,3.99605330535676
5136,3.99605330535676
5139,3.99605330535676
5141,3.99605330535676
5144,3.99605330535676
5145,3.99605330535676
5147,3.99605330535676
5152,3.99605330535676
5156,3.99605330535676
5158,3.99605330535676
5160,3.99605330535676
5161,3.99605330535676
5166,3.99605330535676
5169,3.99605330535676
5172,3.99605330535676
5188,3.99605330535676
5190,3.99605330535676
5195,3.99605330535676
5199,3.99605330535676
5200,3.99605330535676
5205,3.99605330535676
5206,3.99605330535676
5208,3.99605330535676
5210,3.99605330535676
5220,3.99605330535676
5228,3.99605330535676
5237,3.99605330535676
5241,3.99605330535676
5243,3.99605330535676
5257,3.99605330535676
5261,3.99605330535676
5267,3.99605330535676
5268,3.99605330535676
5269,3.99605330535676
5275,3.99605330535676
5290,3.99605330535676
5302,3.99605330535676
5305,3.99605330535676
5313,3.99605330535676
5321,3.99605330535676
5323,3.99605330535676
5324,3.99605330535676
5328,3.99605330535676
5329,3.99605330535676
5331,3.99605330535676
5340,3.99605330535676
5354,3.99605330535676
5359,3.99605330535676
5364,3.99605330535676
5365,3.99605330535676
5369,3.99605330535676
5370,3.99605330535676
5372,3.99605330535676
5373,3.99605330535676
5378,3.99605330535676
5380,3.99605330535676
5383,3.99605330535676
5391,3.99605330535676
5394,3.99605330535676
5409,3.99605330535676
5412,3.99605330535676
5417,3.99605330535676
5418,3.99605330535676
5425,3.99605330535676
5428,3.99605330535676
5435,3.99605330535676
5444,3.99605330535676
5447,3.99605330535676
5461,3.99605330535676
5462,3.99605330535676
5467,3.99605330535676
5468,3.99605330535676
5469,3.99605330535676
5470,3.99605330535676
5476,3.99605330535676
5477,3.99605330535676
5478,3.99605330535676
5487,3.99605330535676
5493,3.99605330535676
5494,3.99605330535676
5495,3.99605330535676
5504,3.99605330535676
5514,3.99605330535676
5516,3.99605330535676
5519,3.99605330535676
5531,3.99605330535676
5532,3.99605330535676
5539,3.99605330535676
5561,3.99605330535676
5575,3.99605330535676
5576,3.99605330535676
5589,3.99605330535676
5593,3.99605330535676
5599,3.99605330535676
5601,3.99605330535676
5605,3.99605330535676
5608,3.99605330535676
5610,3.99605330535676
5611,3.99605330535676
5620,3.99605330535676
5633,3.99605330535676
5639,3.99605330535676
5653,3.99605330535676
5659,3.99605330535676
5664,3.99605330535676
5667,3.99605330535676
5669,3.99605330535676
5670,3.99605330535676
5674,3.99605330535676
5675,3.99605330535676
5680,3.99605330535676
5681,3.99605330535676
5686,3.99605330535676
5687,3.99605330535676
5688,3.99605330535676
5690,3.99605330535676
5692,3.99605330535676
5697,3.99605330535676
5702,3.99605330535676
5710,3.99605330535676
5721,3.99605330535676
5731,3.99605330535676
5736,3.99605330535676
5739,3.99605330535676
5750,3.99605330535676
5753,3.99605330535676
5754,3.99605330535676
5765,3.99605330535676
5776,3.99605330535676
5779,3.99605330535676
5788,3.99605330535676
5794,3.99605330535676
5797,3.99605330535676
5798,3.99605330535676
5805,3.99605330535676
5806,3.99605330535676
5807,3.99605330535676
5820,3.99605330535676
5821,3.99605330535676
5829,3.99605330535676
5830,3.99605330535676
5832,3.99605330535676
5842,3.99605330535676
5849,3.99605330535676
5870,3.99605330535676
5877,3.99605330535676
5885,3.99605330535676
5887,3.99605330535676
5889,3.99605330535676
5894,3.99605330535676
5896,3.99605330535676
5905,3.99605330535676
5909,3.99605330535676
5916,3.99605330535676
5918,3.99605330535676
5923,3.99605330535676
5925,3.99605330535676
5937,3.99605330535676
5939,3.99605330535676
5941,3.99605330535676
5946,3.99605330535676
5947,3.99605330535676
5949,3.99605330535676
5957,3.99605330535676
5958,3.99605330535676
5960,3.99605330535676
5974,3.99605330535676
5975,3.99605330535676
5979,3.99605330535676
5980,3.99605330535676
5981,3.99605330535676
5982,3.99605330535676
5984,3.99605330535676
5986,3.99605330535676
5992,3.99605330535676
5994,3.99605330535676
5995,3.99605330535676
6003,3.99605330535676
6008,3.99605330535676
6010,3.99605330535676
6013,3.99605330535676
6015,3.99605330535676
6023,3.99605330535676
6025,3.99605330535676
6027,3.99605330535676
6031,3.99605330535676
6032,3.99605330535676
6036,3.99605330535676
6056,3.99605330535676
6061,3.99605330535676
6070,3.99605330535676
6073,3.99605330535676
6078,3.99605330535676
6081,3.99605330535676
6082,3.99605330535676
6084,3.99605330535676
6085,3.99605330535676
6091,3.99605330535676
6092,3.99605330535676
6093,3.99605330535676
6102,3.99605330535676
6112,3.99605330535676
6116,3.99605330535676
6118,3.99605330535676
6126,3.99605330535676
6128,3.99605330535676
6130,3.99605330535676
6147,3.99605330535676
6151,3.99605330535676
6159,3.99605330535676
6165,3.99605330535676
6182,3.99605330535676
6183,3.99605330535676
6188,3.99605330535676
6190,3.99605330535676
6201,3.99605330535676
6204,3.99605330535676
6211,3.99605330535676
6221,3.99605330535676
6225,3.99605330535676
6235,3.99605330535676
6242,3.99605330535676
6244,3.99605330535676
6247,3.99605330535676
6249,3.99605330535676
6264,3.99605330535676
6277,3.99605330535676
6282,3.99605330535676
6284,3.99605330535676
6287,3.99605330535676
6288,3.99605330535676
6302,3.99605330535676
6304,3.99605330535676
6305,3.99605330535676
6307,3.99605330535676
6313,3.99605330535676
6316,3.99605330535676
6321,3.99605330535676
6329,3.99605330535676
6334,3.99605330535676
6342,3.99605330535676
6347,3.99605330535676
6353,3.99605330535676
6357,3.99605330535676
6359,3.99605330535676
6366,3.99605330535676
6371,3.99605330535676
6377,3.99605330535676
6378,3.99605330535676
6379,3.99605330535676
6383,3.99605330535676
6391,3.99605330535676
6396,3.99605330535676
6398,3.99605330535676
6400,3.99605330535676
6412,3.99605330535676
6413,3.99605330535676
6420,3.99605330535676
6433,3.99605330535676
6434,3.99605330535676
6441,3.99605330535676
6444,3.99605330535676
6446,3.99605330535676
6447,3.99605330535676
6459,3.99605330535676
6462,3.99605330535676
6477,3.99605330535676
6480,3.99605330535676
6489,3.99605330535676
6490,3.99605330535676
6494,3.99605330535676
6514,3.99605330535676
6516,3.99605330535676
6517,3.99605330535676
6523,3.99605330535676
6532,3.99605330535676
6535,3.99605330535676
6544,3.99605330535676
6546,3.99605330535676
6547,3.99605330535676
6551,3.99605330535676
6553,3.99605330535676
6555,3.99605330535676
6558,3.99605330535676
6572,3.99605330535676
6594,3.99605330535676
6601,3.99605330535676
6605,3.99605330535676
6609,3.99605330535676
6610,3.99605330535676
6619,3.99605330535676
6623,3.99605330535676
6624,3.99605330535676
6635,3.99605330535676
6638,3.99605330535676
6642,3.99605330535676
6646,3.99605330535676
6651,3.99605330535676
6653,3.99605330535676
6660,3.99605330535676
6669,3.99605330535676
6678,3.99605330535676
6679,3.99605330535676
6682,3.99605330535676
6689,3.99605330535676
6690,3.99605330535676
6700,3.99605330535676
6704,3.99605330535676
6708,3.99605330535676
6710,3.99605330535676
6715,3.99605330535676
6720,3.99605330535676
6721,3.99605330535676
6722,3.99605330535676
6726,3.99605330535676
6727,3.99605330535676
6732,3.99605330535676
6740,3.99605330535676
6743,3.99605330535676
6747,3.99605330535676
6748,3.99605330535676
6749,3.99605330535676
6750,3.99605330535676
6752,3.99605330535676
6755,3.99605330535676
6761,3.99605330535676
6763,3.99605330535676
6765,3.99605330535676
6771,3.99605330535676
6774,3.99605330535676
6783,3.99605330535676
6784,3.99605330535676
6790,3.99605330535676
6796,3.99605330535676
6798,3.99605330535676
6804,3.99605330535676
6809,3.99605330535676
6826,3.99605330535676
6830,3.99605330535676
6834,3.99605330535676
6835,3.99605330535676
6838,3.99605330535676
6848,3.99605330535676
6863,3.99605330535676
6869,3.99605330535676
6877,3.99605330535676
6878,3.99605330535676
6881,3.99605330535676
6887,3.99605330535676
6888,3.99605330535676
6899,3.99605330535676
6902,3.99605330535676
6906,3.99605330535676
6907,3.99605330535676
6914,3.99605330535676
6933,3.99605330535676
6945,3.99605330535676
6951,3.99605330535676
6954,3.99605330535676
6961,3.99605330535676
6968,3.99605330535676
6969,3.99605330535676
6970,3.99605330535676
6987,3.99605330535676
6990,3.99605330535676
6999,3.99605330535676
7001,3.99605330535676
7002,3.99605330535676
7004,3.99605330535676
7007,3.99605330535676
7011,3.99605330535676
7015,3.99605330535676
7018,3.99605330535676
7019,3.99605330535676
7029,3.99605330535676
7031,3.99605330535676
7034,3.99605330535676
7040,3.99605330535676
7048,3.99605330535676
7051,3.99605330535676
7054,3.99605330535676
7058,3.99605330535676
7059,3.99605330535676
7064,3.99605330535676
7070,3.99605330535676
7072,3.99605330535676
7075,3.99605330535676
7091,3.99605330535676
7098,3.99605330535676
7099,3.99605330535676
7109,3.99605330535676
7123,3.99605330535676
7127,3.99605330535676
7128,3.99605330535676
7139,3.99605330535676
7143,3.99605330535676
7144,3.99605330535676
7152,3.99605330535676
7153,3.99605330535676
7163,3.99605330535676
7167,3.99605330535676
7172,3.99605330535676
7173,3.99605330535676
7183,3.99605330535676
7187,3.99605330535676
7189,3.99605330535676
7195,3.99605330535676
7198,3.99605330535676
7201,3.99605330535676
7210,3.99605330535676
7213,3.99605330535676
7218,3.99605330535676
7219,3.99605330535676
7221,3.99605330535676
7222,3.99605330535676
7226,3.99605330535676
7228,3.99605330535676
7230,3.99605330535676
7233,3.99605330535676
7235,3.99605330535676
7242,3.99605330535676
7248,3.99605330535676
7259,3.99605330535676
7269,3.99605330535676
7270,3.99605330535676
7272,3.99605330535676
7275,3.99605330535676
7276,3.99605330535676
7279,3.99605330535676
7286,3.99605330535676
7294,3.99605330535676
7297,3.99605330535676
7303,3.99605330535676
7304,3.99605330535676
7307,3.99605330535676
7309,3.99605330535676
7329,3.99605330535676
7330,3.99605330535676
7345,3.99605330535676
7347,3.99605330535676
7351,3.99605330535676
7356,3.99605330535676
7357,3.99605330535676
7368,3.99605330535676
7369,3.99605330535676
7371,3.99605330535676
7374,3.99605330535676
7376,3.99605330535676
7377,3.99605330535676
7380,3.99605330535676
7389,3.99605330535676
7391,3.99605330535676
7398,3.99605330535676
7405,3.99605330535676
7412,3.99605330535676
7417,3.99605330535676
7418,3.99605330535676
7419,3.99605330535676
7421,3.99605330535676
7423,3.99605330535676
7424,3.99605330535676
7427,3.99605330535676
7439,3.99605330535676
7442,3.99605330535676
7454,3.99605330535676
7459,3.99605330535676
7460,3.99605330535676
7464,3.99605330535676
7466,3.99605330535676
7471,3.99605330535676
7477,3.99605330535676
7478,3.99605330535676
7479,3.99605330535676
7487,3.99605330535676
7492,3.99605330535676
7503,3.99605330535676
7506,3.99605330535676
7509,3.99605330535676
7510,3.99605330535676
7513,3.99605330535676
7536,3.99605330535676
7537,3.99605330535676
7546,3.99605330535676
7552,3.99605330535676
7556,3.99605330535676
7563,3.99605330535676
7565,3.99605330535676
7570,3.99605330535676
7581,3.99605330535676
7584,3.99605330535676
7588,3.99605330535676
7598,3.99605330535676
7599,3.99605330535676
7605,3.99605330535676
7619,3.99605330535676
7627,3.99605330535676
7629,3.99605330535676
7631,3.99605330535676
7635,3.99605330535676
7637,3.99605330535676
7639,3.99605330535676
7642,3.99605330535676
7652,3.99605330535676
7655,3.99605330535676
7668,3.99605330535676
7675,3.99605330535676
7679,3.99605330535676
7684,3.99605330535676
7686,3.99605330535676
7693,3.99605330535676
7698,3.99605330535676
7702,3.99605330535676
7706,3.99605330535676
7708,3.99605330535676
7711,3.99605330535676
7714,3.99605330535676
7722,3.99605330535676
7732,3.99605330535676
7736,3.99605330535676
7738,3.99605330535676
7739,3.99605330535676
7740,3.99605330535676
7741,3.99605330535676
7743,3.99605330535676
7748,3.99605330535676
7756,3.99605330535676
7760,3.99605330535676
7768,3.99605330535676
7771,3.99605330535676
7773,3.99605330535676
7776,3.99605330535676
7779,3.99605330535676
7783,3.99605330535676
7784,3.99605330535676
7786,3.99605330535676
7789,3.99605330535676
7795,3.99605330535676
7796,3.99605330535676
7801,3.99605330535676
7802,3.99605330535676
7805,3.99605330535676
7806,3.99605330535676
7828,3.99605330535676
7834,3.99605330535676
7854,3.99605330535676
7866,3.99605330535676
7869,3.99605330535676
7879,3.99605330535676
7890,3.99605330535676
7899,3.99605330535676
7901,3.99605330535676
7902,3.99605330535676
7903,3.99605330535676
7910,3.99605330535676
7914,3.99605330535676
7916,3.99605330535676
7917,3.99605330535676
7922,3.99605330535676
7928,3.99605330535676
7931,3.99605330535676
7933,3.99605330535676
7942,3.99605330535676
7953,3.99605330535676
7954,3.99605330535676
7958,3.99605330535676
7965,3.99605330535676
7969,3.99605330535676
7975,3.99605330535676
7978,3.99605330535676
7981,3.99605330535676
7992,3.99605330535676
8000,3.99605330535676
8003,3.99605330535676
8015,3.99605330535676
8017,3.99605330535676
8019,3.99605330535676
8021,3.99605330535676
8022,3.99605330535676
8026,3.99605330535676
8027,3.99605330535676
8028,3.99605330535676
8033,3.99605330535676
8036,3.99605330535676
8049,3.99605330535676
8053,3.99605330535676
8056,3.99605330535676
8060,3.99605330535676
8061,3.99605330535676
8063,3.99605330535676
8076,3.99605330535676
8077,3.99605330535676
8078,3.99605330535676
8080,3.99605330535676
8084,3.99605330535676
8090,3.99605330535676
8096,3.99605330535676
8099,3.99605330535676
8105,3.99605330535676
8106,3.99605330535676
8117,3.99605330535676
8120,3.99605330535676
8122,3.99605330535676
8128,3.99605330535676
8131,3.99605330535676
8132,3.99605330535676
8143,3.99605330535676
8149,3.99605330535676
8150,3.99605330535676
8162,3.99605330535676
8169,3.99605330535676
8175,3.99605330535676
8177,3.99605330535676
8191,3.99605330535676
8195,3.99605330535676
8200,3.99605330535676
8203,3.99605330535676
8208,3.99605330535676
8215,3.99605330535676
8221,3.99605330535676
8222,3.99605330535676
8236,3.99605330535676
8242,3.99605330535676
8248,3.99605330535676
8250,3.99605330535676
8252,3.99605330535676
8253,3.99605330535676
8255,3.99605330535676
8262,3.99605330535676
8263,3.99605330535676
8264,3.99605330535676
8269,3.99605330535676
8281,3.99605330535676
8286,3.99605330535676
8295,3.99605330535676
8301,3.99605330535676
8327,3.99605330535676
8328,3.99605330535676
8330,3.99605330535676
8339,3.99605330535676
8352,3.99605330535676
8353,3.99605330535676
8355,3.99605330535676
8358,3.99605330535676
8380,3.99605330535676
8385,3.99605330535676
8391,3.99605330535676
8401,3.99605330535676
8404,3.99605330535676
8409,3.99605330535676
8420,3.99605330535676
8421,3.99605330535676
8425,3.99605330535676
8428,3.99605330535676
8438,3.99605330535676
8441,3.99605330535676
8442,3.99605330535676
8446,3.99605330535676
8456,3.99605330535676
8461,3.99605330535676
8462,3.99605330535676
8473,3.99605330535676
8477,3.99605330535676
8478,3.99605330535676
8480,3.99605330535676
8482,3.99605330535676
8489,3.99605330535676
8494,3.99605330535676
8497,3.99605330535676
8507,3.99605330535676
8508,3.99605330535676
8510,3.99605330535676
8522,3.99605330535676
8525,3.99605330535676
8530,3.99605330535676
8531,3.99605330535676
8534,3.99605330535676
8536,3.99605330535676
8538,3.99605330535676
8541,3.99605330535676
8556,3.99605330535676
8559,3.99605330535676
8564,3.99605330535676
8571,3.99605330535676
8582,3.99605330535676
8595,3.99605330535676
8600,3.99605330535676
8613,3.99605330535676
8616,3.99605330535676
8617,3.99605330535676
8620,3.99605330535676
8623,3.99605330535676
8632,3.99605330535676
8636,3.99605330535676
8639,3.99605330535676
8640,3.99605330535676
8646,3.99605330535676
8663,3.99605330535676
8665,3.99605330535676
8668,3.99605330535676
8671,3.99605330535676
8674,3.99605330535676
8683,3.99605330535676
8687,3.99605330535676
8689,3.99605330535676
8692,3.99605330535676
8693,3.99605330535676
8700,3.99605330535676
8706,3.99605330535676
8724,3.99605330535676
8725,3.99605330535676
8736,3.99605330535676
8739,3.99605330535676
8740,3.99605330535676
8748,3.99605330535676
8749,3.99605330535676
8758,3.99605330535676
8760,3.99605330535676
8772,3.99605330535676
8777,3.99605330535676
8779,3.99605330535676
8780,3.99605330535676
8794,3.99605330535676
8796,3.99605330535676
8797,3.99605330535676
8799,3.99605330535676
8801,3.99605330535676
8804,3.99605330535676
8805,3.99605330535676
8806,3.99605330535676
8811,3.99605330535676
8835,3.99605330535676
8844,3.99605330535676
8846,3.99605330535676
8847,3.99605330535676
8862,3.99605330535676
8871,3.99605330535676
8878,3.99605330535676
8887,3.99605330535676
8888,3.99605330535676
8896,3.99605330535676
8905,3.99605330535676
8910,3.99605330535676
8914,3.99605330535676
8916,3.99605330535676
8925,3.99605330535676
8927,3.99605330535676
8930,3.99605330535676
8936,3.99605330535676
8940,3.99605330535676
8948,3.99605330535676
8950,3.99605330535676
8951,3.99605330535676
8952,3.99605330535676
8965,3.99605330535676
8972,3.99605330535676
8976,3.99605330535676
8978,3.99605330535676
8990,3.99605330535676
9003,3.99605330535676
9005,3.99605330535676
9018,3.99605330535676
9019,3.99605330535676
9023,3.99605330535676
9027,3.99605330535676
9033,3.99605330535676
9034,3.99605330535676
9036,3.99605330535676
9037,3.99605330535676
9042,3.99605330535676
9046,3.99605330535676
9050,3.99605330535676
9052,3.99605330535676
9054,3.99605330535676
9071,3.99605330535676
9072,3.99605330535676
9074,3.99605330535676
9080,3.99605330535676
9084,3.99605330535676
9087,3.99605330535676
9089,3.99605330535676
9092,3.99605330535676
9096,3.99605330535676
9099,3.99605330535676
9102,3.99605330535676
9103,3.99605330535676
9107,3.99605330535676
9118,3.99605330535676
9119,3.99605330535676
9124,3.99605330535676
9125,3.99605330535676
9126,3.99605330535676
9135,3.99605330535676
9136,3.99605330535676
9141,3.99605330535676
9155,3.99605330535676
9160,3.99605330535676
9161,3.99605330535676
9164,3.99605330535676
9166,3.99605330535676
9178,3.99605330535676
9183,3.99605330535676
9184,3.99605330535676
9185,3.99605330535676
9188,3.99605330535676
9193,3.99605330535676
9198,3.99605330535676
9201,3.99605330535676
9203,3.99605330535676
9205,3.99605330535676
9210,3.99605330535676
9212,3.99605330535676
9216,3.99605330535676
9219,3.99605330535676
9222,3.99605330535676
9230,3.99605330535676
9237,3.99605330535676
9242,3.99605330535676
9256,3.99605330535676
9258,3.99605330535676
9265,3.99605330535676
9267,3.99605330535676
9270,3.99605330535676
9273,3.99605330535676
9274,3.99605330535676
9277,3.99605330535676
9298,3.99605330535676
9300,3.99605330535676
9302,3.99605330535676
9310,3.99605330535676
9314,3.99605330535676
9316,3.99605330535676
9321,3.99605330535676
9324,3.99605330535676
9325,3.99605330535676
9331,3.99605330535676
9335,3.99605330535676
9345,3.99605330535676
9347,3.99605330535676
9357,3.99605330535676
9360,3.99605330535676
9361,3.99605330535676
9366,3.99605330535676
9373,3.99605330535676
9393,3.99605330535676
9398,3.99605330535676
9400,3.99605330535676
9403,3.99605330535676
9407,3.99605330535676
9408,3.99605330535676
9409,3.99605330535676
9413,3.99605330535676
9416,3.99605330535676
9425,3.99605330535676
9434,3.99605330535676
9438,3.99605330535676
9440,3.99605330535676
9446,3.99605330535676
9451,3.99605330535676
9455,3.99605330535676
9457,3.99605330535676
9458,3.99605330535676
9465,3.99605330535676
9467,3.99605330535676
9469,3.99605330535676
9471,3.99605330535676
9474,3.99605330535676
9475,3.99605330535676
9479,3.99605330535676
9482,3.99605330535676
9492,3.99605330535676
9493,3.99605330535676
9500,3.99605330535676
9504,3.99605330535676
9505,3.99605330535676
9509,3.99605330535676
9513,3.99605330535676
9514,3.99605330535676
9518,3.99605330535676
9520,3.99605330535676
9532,3.99605330535676
9534,3.99605330535676
9536,3.99605330535676
9550,3.99605330535676
9554,3.99605330535676
9562,3.99605330535676
9565,3.99605330535676
9569,3.99605330535676
9571,3.99605330535676
9572,3.99605330535676
9574,3.99605330535676
9576,3.99605330535676
9579,3.99605330535676
9583,3.99605330535676
9591,3.99605330535676
9600,3.99605330535676
9602,3.99605330535676
9611,3.99605330535676
9615,3.99605330535676
9619,3.99605330535676
9620,3.99605330535676
9622,3.99605330535676
9626,3.99605330535676
9632,3.99605330535676
9638,3.99605330535676
9640,3.99605330535676
9647,3.99605330535676
9655,3.99605330535676
9656,3.99605330535676
9661,3.99605330535676
9667,3.99605330535676
9674,3.99605330535676
9676,3.99605330535676
9682,3.99605330535676
9685,3.99605330535676
9688,3.99605330535676
9695,3.99605330535676
9702,3.99605330535676
9704,3.99605330535676
9709,3.99605330535676
9717,3.99605330535676
9720,3.99605330535676
9755,3.99605330535676
9759,3.99605330535676
9767,3.99605330535676
9773,3.99605330535676
9777,3.99605330535676
9778,3.99605330535676
9780,3.99605330535676
9781,3.99605330535676
9786,3.99605330535676
9790,3.99605330535676
9807,3.99605330535676
9811,3.99605330535676
9820,3.99605330535676
9823,3.99605330535676
9827,3.99605330535676
9845,3.99605330535676
9852,3.99605330535676
9854,3.99605330535676
9860,3.99605330535676
9877,3.99605330535676
9878,3.99605330535676
9879,3.99605330535676
9881,3.99605330535676
9891,3.99605330535676
9892,3.99605330535676
9902,3.99605330535676
9903,3.99605330535676
9905,3.99605330535676
9908,3.99605330535676
9911,3.99605330535676
9919,3.99605330535676
9926,3.99605330535676
9931,3.99605330535676
9940,3.99605330535676
9955,3.99605330535676
9958,3.99605330535676
9967,3.99605330535676
9982,3.99605330535676
9984,3.99605330535676
9991,3.99605330535676
9992,3.99605330535676
9996,3.99605330535676
9999,3.99605330535676
10007,3.99605330535676
10017,3.99605330535676
10024,3.99605330535676
10026,3.99605330535676
10035,3.99605330535676
10037,3.99605330535676
10039,3.99605330535676
10043,3.99605330535676
10045,3.99605330535676
10047,3.99605330535676
10054,3.99605330535676
10057,3.99605330535676
10067,3.99605330535676
10082,3.99605330535676
10086,3.99605330535676
10088,3.99605330535676
10104,3.99605330535676
10125,3.99605330535676
10127,3.99605330535676
10134,3.99605330535676
10136,3.99605330535676
10144,3.99605330535676
10145,3.99605330535676
10151,3.99605330535676
10153,3.99605330535676
10160,3.99605330535676
10161,3.99605330535676
10164,3.99605330535676
10167,3.99605330535676
10175,3.99605330535676
10179,3.99605330535676
10182,3.99605330535676
10185,3.99605330535676
10194,3.99605330535676
10216,3.99605330535676
10220,3.99605330535676
10248,3.99605330535676
10252,3.99605330535676
10257,3.99605330535676
10259,3.99605330535676
10261,3.99605330535676
10267,3.99605330535676
10272,3.99605330535676
10291,3.99605330535676
10296,3.99605330535676
10301,3.99605330535676
10304,3.99605330535676
10305,3.99605330535676
10311,3.99605330535676
10314,3.99605330535676
10320,3.99605330535676
10321,3.99605330535676
10322,3.99605330535676
10323,3.99605330535676
10329,3.99605330535676
10332,3.99605330535676
10334,3.99605330535676
10335,3.99605330535676
10337,3.99605330535676
10338,3.99605330535676
10340,3.99605330535676
10341,3.99605330535676
10342,3.99605330535676
10346,3.99605330535676
10347,3.99605330535676
10350,3.99605330535676
10352,3.99605330535676
10353,3.99605330535676
10354,3.99605330535676
10365,3.99605330535676
10367,3.99605330535676
10373,3.99605330535676
10380,3.99605330535676
10383,3.99605330535676
10387,3.99605330535676
10388,3.99605330535676
10394,3.99605330535676
10406,3.99605330535676
10425,3.99605330535676
10430,3.99605330535676
10433,3.99605330535676
10435,3.99605330535676
10437,3.99605330535676
10448,3.99605330535676
10451,3.99605330535676
10458,3.99605330535676
10459,3.99605330535676
10461,3.99605330535676
10467,3.99605330535676
10471,3.99605330535676
10472,3.99605330535676
10473,3.99605330535676
10477,3.99605330535676
10483,3.99605330535676
10488,3.99605330535676
10492,3.99605330535676
10508,3.99605330535676
10510,3.99605330535676
10519,3.99605330535676
10524,3.99605330535676
10526,3.99605330535676
10530,3.99605330535676
10532,3.99605330535676
10533,3.99605330535676
10537,3.99605330535676
10542,3.99605330535676
10543,3.99605330535676
10547,3.99605330535676
10548,3.99605330535676
10549,3.99605330535676
10559,3.99605330535676
10563,3.99605330535676
10571,3.99605330535676
10582,3.99605330535676
10586,3.99605330535676
10587,3.99605330535676
10601,3.99605330535676
10606,3.99605330535676
10608,3.99605330535676
10615,3.99605330535676
10616,3.99605330535676
10626,3.99605330535676
10629,3.99605330535676
10631,3.99605330535676
10648,3.99605330535676
10649,3.99605330535676
10652,3.99605330535676
10658,3.99605330535676
10667,3.99605330535676
10669,3.99605330535676
10671,3.99605330535676
10674,3.99605330535676
10690,3.99605330535676
10709,3.99605330535676
10711,3.99605330535676
10714,3.99605330535676
10727,3.99605330535676
10737,3.99605330535676
10739,3.99605330535676
10742,3.99605330535676
10749,3.99605330535676
10750,3.99605330535676
10754,3.99605330535676
10757,3.99605330535676
10758,3.99605330535676
10760,3.99605330535676
10767,3.99605330535676
10770,3.99605330535676
10779,3.99605330535676
10784,3.99605330535676
10785,3.99605330535676
10796,3.99605330535676
10803,3.99605330535676
10804,3.99605330535676
10807,3.99605330535676
10809,3.99605330535676
10811,3.99605330535676
10814,3.99605330535676
10816,3.99605330535676
10818,3.99605330535676
10823,3.99605330535676
10828,3.99605330535676
10830,3.99605330535676
10843,3.99605330535676
10844,3.99605330535676
10851,3.99605330535676
10852,3.99605330535676
10855,3.99605330535676
10857,3.99605330535676
10861,3.99605330535676
10864,3.99605330535676
10869,3.99605330535676
10872,3.99605330535676
10873,3.99605330535676
10874,3.99605330535676
10875,3.99605330535676
10876,3.99605330535676
10877,3.99605330535676
10880,3.99605330535676
10883,3.99605330535676
10895,3.99605330535676
10899,3.99605330535676
10903,3.99605330535676
10906,3.99605330535676
10925,3.99605330535676
10928,3.99605330535676
10946,3.99605330535676
10948,3.99605330535676
10950,3.99605330535676
10959,3.99605330535676
10970,3.99605330535676
10982,3.99605330535676
10984,3.99605330535676
10989,3.99605330535676
11001,3.99605330535676
11008,3.99605330535676
11013,3.99605330535676
11017,3.99605330535676
11021,3.99605330535676
11025,3.99605330535676
11030,3.99605330535676
11033,3.99605330535676
11039,3.99605330535676
11040,3.99605330535676
11048,3.99605330535676
11049,3.99605330535676
11060,3.99605330535676
11063,3.99605330535676
11064,3.99605330535676
11068,3.99605330535676
11086,3.99605330535676
11094,3.99605330535676
11095,3.99605330535676
11098,3.99605330535676
11099,3.99605330535676
11101,3.99605330535676
11108,3.99605330535676
11112,3.99605330535676
11118,3.99605330535676
11120,3.99605330535676
11124,3.99605330535676
11134,3.99605330535676
11136,3.99605330535676
11140,3.99605330535676
11146,3.99605330535676
11147,3.99605330535676
11151,3.99605330535676
11156,3.99605330535676
11157,3.99605330535676
11160,3.99605330535676
11161,3.99605330535676
11163,3.99605330535676
11170,3.99605330535676
11172,3.99605330535676
11187,3.99605330535676
11190,3.99605330535676
11191,3.99605330535676
11193,3.99605330535676
11197,3.99605330535676
11201,3.99605330535676
11219,3.99605330535676
11234,3.99605330535676
11242,3.99605330535676
11246,3.99605330535676
11257,3.99605330535676
11265,3.99605330535676
11272,3.99605330535676
11277,3.99605330535676
11278,3.99605330535676
11279,3.99605330535676
11284,3.99605330535676
11285,3.99605330535676
11286,3.99605330535676
11290,3.99605330535676
11291,3.99605330535676
11296,3.99605330535676
11301,3.99605330535676
11304,3.99605330535676
11308,3.99605330535676
11335,3.99605330535676
11336,3.99605330535676
11338,3.99605330535676
11342,3.99605330535676
11348,3.99605330535676
11351,3.99605330535676
11360,3.99605330535676
11366,3.99605330535676
11371,3.99605330535676
11377,3.99605330535676
11392,3.99605330535676
11395,3.99605330535676
11397,3.99605330535676
11405,3.99605330535676
11406,3.99605330535676
11408,3.99605330535676
11411,3.99605330535676
11414,3.99605330535676
11415,3.99605330535676
11417,3.99605330535676
11421,3.99605330535676
11433,3.99605330535676
11440,3.99605330535676
11443,3.99605330535676
11445,3.99605330535676
11447,3.99605330535676
11454,3.99605330535676
11456,3.99605330535676
11466,3.99605330535676
11478,3.99605330535676
11484,3.99605330535676
11489,3.99605330535676
11491,3.99605330535676
11499,3.99605330535676
11501,3.99605330535676
11504,3.99605330535676
11508,3.99605330535676
11509,3.99605330535676
11514,3.99605330535676
11522,3.99605330535676
11532,3.99605330535676
11542,3.99605330535676
11548,3.99605330535676
11549,3.99605330535676
11551,3.99605330535676
11552,3.99605330535676
11554,3.99605330535676
11559,3.99605330535676
11565,3.99605330535676
11568,3.99605330535676
11571,3.99605330535676
11573,3.99605330535676
11576,3.99605330535676
11577,3.99605330535676
11586,3.99605330535676
11589,3.99605330535676
11591,3.99605330535676
11597,3.99605330535676
11599,3.99605330535676
11602,3.99605330535676
11609,3.99605330535676
11610,3.99605330535676
11612,3.99605330535676
11621,3.99605330535676
11630,3.99605330535676
11633,3.99605330535676
11634,3.99605330535676
11636,3.99605330535676
11641,3.99605330535676
11654,3.99605330535676
11655,3.99605330535676
11656,3.99605330535676
11660,3.99605330535676
11662,3.99605330535676
11674,3.99605330535676
11695,3.99605330535676
11699,3.99605330535676
11700,3.99605330535676
11701,3.99605330535676
11711,3.99605330535676
11717,3.99605330535676
11735,3.99605330535676
11739,3.99605330535676
11742,3.99605330535676
11743,3.99605330535676
11750,3.99605330535676
11751,3.99605330535676
11754,3.99605330535676
11757,3.99605330535676
11786,3.99605330535676
11791,3.99605330535676
11796,3.99605330535676
11799,3.99605330535676
11801,3.99605330535676
11811,3.99605330535676
11812,3.99605330535676
11814,3.99605330535676
11816,3.99605330535676
11817,3.99605330535676
11818,3.99605330535676
11820,3.99605330535676
11824,3.99605330535676
11830,3.99605330535676
11832,3.99605330535676
11834,3.99605330535676
11853,3.99605330535676
11858,3.99605330535676
11865,3.99605330535676
11872,3.99605330535676
11873,3.99605330535676
11874,3.99605330535676
11877,3.99605330535676
11879,3.99605330535676
11880,3.99605330535676
11881,3.99605330535676
11906,3.99605330535676
11907,3.99605330535676
11908,3.99605330535676
11913,3.99605330535676
11914,3.99605330535676
11915,3.99605330535676
11917,3.99605330535676
11918,3.99605330535676
11927,3.99605330535676
11936,3.99605330535676
11939,3.99605330535676
11941,3.99605330535676
11946,3.99605330535676
11947,3.99605330535676
11950,3.99605330535676
11954,3.99605330535676
11963,3.99605330535676
11964,3.99605330535676
11967,3.99605330535676
11970,3.99605330535676
11984,3.99605330535676
11989,3.99605330535676
11990,3.99605330535676
11995,3.99605330535676
12002,3.99605330535676
12024,3.99605330535676
12025,3.99605330535676
12037,3.99605330535676
12041,3.99605330535676
12044,3.99605330535676
12045,3.99605330535676
12049,3.99605330535676
12061,3.99605330535676
12064,3.99605330535676
12066,3.99605330535676
12075,3.99605330535676
12078,3.99605330535676
12081,3.99605330535676
12084,3.99605330535676
12086,3.99605330535676
12088,3.99605330535676
12092,3.99605330535676
12096,3.99605330535676
12098,3.99605330535676
12102,3.99605330535676
12105,3.99605330535676
12111,3.99605330535676
12115,3.99605330535676
12119,3.99605330535676
12125,3.99605330535676
12128,3.99605330535676
12130,3.99605330535676
12132,3.99605330535676
12137,3.99605330535676
12144,3.99605330535676
12149,3.99605330535676
12151,3.99605330535676
12155,3.99605330535676
12159,3.99605330535676
12163,3.99605330535676
12183,3.99605330535676
12185,3.99605330535676
12196,3.99605330535676
12197,3.99605330535676
12200,3.99605330535676
12201,3.99605330535676
12204,3.99605330535676
12207,3.99605330535676
12218,3.99605330535676
12221,3.99605330535676
12238,3.99605330535676
12239,3.99605330535676
12245,3.99605330535676
12259,3.99605330535676
12268,3.99605330535676
12271,3.99605330535676
12287,3.99605330535676
12290,3.99605330535676
12300,3.99605330535676
12301,3.99605330535676
12303,3.99605330535676
12304,3.99605330535676
12317,3.99605330535676
12319,3.99605330535676
12327,3.99605330535676
12333,3.99605330535676
12335,3.99605330535676
12336,3.99605330535676
12338,3.99605330535676
12341,3.99605330535676
12343,3.99605330535676
12344,3.99605330535676
12346,3.99605330535676
12350,3.99605330535676
12357,3.99605330535676
12359,3.99605330535676
12361,3.99605330535676
12382,3.99605330535676
12383,3.99605330535676
12385,3.99605330535676
12388,3.99605330535676
12394,3.99605330535676
12402,3.99605330535676
12403,3.99605330535676
12407,3.99605330535676
12408,3.99605330535676
12411,3.99605330535676
12419,3.99605330535676
12422,3.99605330535676
12423,3.99605330535676
12429,3.99605330535676
12445,3.99605330535676
12448,3.99605330535676
12456,3.99605330535676
12460,3.99605330535676
12461,3.99605330535676
12464,3.99605330535676
12468,3.99605330535676
12478,3.99605330535676
12481,3.99605330535676
12482,3.99605330535676
12483,3.99605330535676
12484,3.99605330535676
12494,3.99605330535676
12503,3.99605330535676
12504,3.99605330535676
12520,3.99605330535676
12537,3.99605330535676
12538,3.99605330535676
12555,3.99605330535676
12558,3.99605330535676
12560,3.99605330535676
12569,3.99605330535676
12577,3.99605330535676
12578,3.99605330535676
12584,3.99605330535676
12590,3.99605330535676
12595,3.99605330535676
12596,3.99605330535676
12600,3.99605330535676
12603,3.99605330535676
12609,3.99605330535676
12620,3.99605330535676
12621,3.99605330535676
12626,3.99605330535676
12632,3.99605330535676
12635,3.99605330535676
12636,3.99605330535676
12641,3.99605330535676
12644,3.99605330535676
12647,3.99605330535676
12655,3.99605330535676
12673,3.99605330535676
12675,3.99605330535676
12680,3.99605330535676
12688,3.99605330535676
12694,3.99605330535676
12698,3.99605330535676
12703,3.99605330535676
12708,3.99605330535676
12710,3.99605330535676
12717,3.99605330535676
12719,3.99605330535676
12721,3.99605330535676
12723,3.99605330535676
12725,3.99605330535676
12726,3.99605330535676
12727,3.99605330535676
12733,3.99605330535676
12735,3.99605330535676
12736,3.99605330535676
12738,3.99605330535676
12740,3.99605330535676
12744,3.99605330535676
12757,3.99605330535676
12766,3.99605330535676
12778,3.99605330535676
12782,3.99605330535676
12783,3.99605330535676
12785,3.99605330535676
12789,3.99605330535676
12799,3.99605330535676
12801,3.99605330535676
12806,3.99605330535676
12808,3.99605330535676
12812,3.99605330535676
12826,3.99605330535676
12830,3.99605330535676
12834,3.99605330535676
12839,3.99605330535676
12845,3.99605330535676
12846,3.99605330535676
12847,3.99605330535676
12852,3.99605330535676
12853,3.99605330535676
12854,3.99605330535676
12865,3.99605330535676
12867,3.99605330535676
12871,3.99605330535676
12878,3.99605330535676
12881,3.99605330535676
12889,3.99605330535676
12892,3.99605330535676
12895,3.99605330535676
12896,3.99605330535676
12897,3.99605330535676
12910,3.99605330535676
12922,3.99605330535676
12924,3.99605330535676
12927,3.99605330535676
12928,3.99605330535676
12929,3.99605330535676
12944,3.99605330535676
12945,3.99605330535676
12948,3.99605330535676
12952,3.99605330535676
12955,3.99605330535676
12970,3.99605330535676
12977,3.99605330535676
12978,3.99605330535676
12980,3.99605330535676
12982,3.99605330535676
12985,3.99605330535676
12992,3.99605330535676
12993,3.99605330535676
12997,3.99605330535676
13002,3.99605330535676
13003,3.99605330535676
13009,3.99605330535676
13016,3.99605330535676
13017,3.99605330535676
13023,3.99605330535676
13024,3.99605330535676
13026,3.99605330535676
13030,3.99605330535676
13035,3.99605330535676
13037,3.99605330535676
13044,3.99605330535676
13046,3.99605330535676
13047,3.99605330535676
13051,3.99605330535676
13053,3.99605330535676
13076,3.99605330535676
13077,3.99605330535676
13078,3.99605330535676
13079,3.99605330535676
13081,3.99605330535676
13082,3.99605330535676
13084,3.99605330535676
13085,3.99605330535676
13088,3.99605330535676
13093,3.99605330535676
13094,3.99605330535676
13097,3.99605330535676
13103,3.99605330535676
13115,3.99605330535676
13122,3.99605330535676
13123,3.99605330535676
13124,3.99605330535676
13131,3.99605330535676
13139,3.99605330535676
13145,3.99605330535676
13148,3.99605330535676
13151,3.99605330535676
13169,3.99605330535676
13174,3.99605330535676
13178,3.99605330535676
13179,3.99605330535676
13184,3.99605330535676
13193,3.99605330535676
13196,3.99605330535676
13202,3.99605330535676
13204,3.99605330535676
13205,3.99605330535676
13207,3.99605330535676
13216,3.99605330535676
13218,3.99605330535676
13225,3.99605330535676
13226,3.99605330535676
13234,3.99605330535676
13236,3.99605330535676
13239,3.99605330535676
13240,3.99605330535676
13251,3.99605330535676
13254,3.99605330535676
13255,3.99605330535676
13262,3.99605330535676
13264,3.99605330535676
13270,3.99605330535676
13271,3.99605330535676
13272,3.99605330535676
13276,3.99605330535676
13277,3.99605330535676
13281,3.99605330535676
13282,3.99605330535676
13305,3.99605330535676
13306,3.99605330535676
13307,3.99605330535676
13308,3.99605330535676
13310,3.99605330535676
13312,3.99605330535676
13324,3.99605330535676
13325,3.99605330535676
13335,3.99605330535676
13338,3.99605330535676
13355,3.99605330535676
13359,3.99605330535676
13360,3.99605330535676
13362,3.99605330535676
13363,3.99605330535676
13364,3.99605330535676
13386,3.99605330535676
13390,3.99605330535676
13391,3.99605330535676
13395,3.99605330535676
13399,3.99605330535676
13401,3.99605330535676
13407,3.99605330535676
13408,3.99605330535676
13413,3.99605330535676
13419,3.99605330535676
13422,3.99605330535676
13428,3.99605330535676
13437,3.99605330535676
13440,3.99605330535676
13441,3.99605330535676
13447,3.99605330535676
13454,3.99605330535676
13455,3.99605330535676
13462,3.99605330535676
13464,3.99605330535676
13467,3.99605330535676
13473,3.99605330535676
13479,3.99605330535676
13493,3.99605330535676
13495,3.99605330535676
13496,3.99605330535676
13498,3.99605330535676
13500,3.99605330535676
13501,3.99605330535676
13502,3.99605330535676
13521,3.99605330535676
13524,3.99605330535676
13525,3.99605330535676
13530,3.99605330535676
13531,3.99605330535676
13534,3.99605330535676
13537,3.99605330535676
13538,3.99605330535676
13549,3.99605330535676
13554,3.99605330535676
13558,3.99605330535676
13565,3.99605330535676
13569,3.99605330535676
13574,3.99605330535676
13577,3.99605330535676
13586,3.99605330535676
13591,3.99605330535676
13592,3.99605330535676
13598,3.99605330535676
13599,3.99605330535676
13608,3.99605330535676
13614,3.99605330535676
13617,3.99605330535676
13622,3.99605330535676
13623,3.99605330535676
13628,3.99605330535676
13636,3.99605330535676
13640,3.99605330535676
13641,3.99605330535676
13647,3.99605330535676
13662,3.99605330535676
13670,3.99605330535676
13689,3.99605330535676
13700,3.99605330535676
13710,3.99605330535676
13717,3.99605330535676
13719,3.99605330535676
13720,3.99605330535676
13723,3.99605330535676
13741,3.99605330535676
13745,3.99605330535676
13752,3.99605330535676
13753,3.99605330535676
13755,3.99605330535676
13768,3.99605330535676
13770,3.99605330535676
13776,3.99605330535676
13789,3.99605330535676
13797,3.99605330535676
13798,3.99605330535676
13805,3.99605330535676
13808,3.99605330535676
13812,3.99605330535676
13813,3.99605330535676
13815,3.99605330535676
13817,3.99605330535676
13823,3.99605330535676
13827,3.99605330535676
13828,3.99605330535676
13829,3.99605330535676
13836,3.99605330535676
13845,3.99605330535676
13855,3.99605330535676
13858,3.99605330535676
13861,3.99605330535676
13862,3.99605330535676
13864,3.99605330535676
13877,3.99605330535676
13889,3.99605330535676
13890,3.99605330535676
13897,3.99605330535676
13899,3.99605330535676
13900,3.99605330535676
13904,3.99605330535676
13910,3.99605330535676
13911,3.99605330535676
13917,3.99605330535676
13920,3.99605330535676
13924,3.99605330535676
13926,3.99605330535676
13929,3.99605330535676
13950,3.99605330535676
13970,3.99605330535676
13974,3.99605330535676
13981,3.99605330535676
13983,3.99605330535676
13985,3.99605330535676
13986,3.99605330535676
14001,3.99605330535676
14004,3.99605330535676
14008,3.99605330535676
14012,3.99605330535676
14016,3.99605330535676
14020,3.99605330535676
14022,3.99605330535676
14023,3.99605330535676
14034,3.99605330535676
14041,3.99605330535676
14054,3.99605330535676
14058,3.99605330535676
14059,3.99605330535676
14062,3.99605330535676
14067,3.99605330535676
14069,3.99605330535676
14073,3.99605330535676
14086,3.99605330535676
14087,3.99605330535676
14101,3.99605330535676
14106,3.99605330535676
14111,3.99605330535676
14120,3.99605330535676
14132,3.99605330535676
14137,3.99605330535676
14152,3.99605330535676
14163,3.99605330535676
14166,3.99605330535676
14171,3.99605330535676
14179,3.99605330535676
14180,3.99605330535676
14188,3.99605330535676
14194,3.99605330535676
14199,3.99605330535676
14202,3.99605330535676
14209,3.99605330535676
14213,3.99605330535676
14218,3.99605330535676
14220,3.99605330535676
14222,3.99605330535676
14226,3.99605330535676
14233,3.99605330535676
14235,3.99605330535676
14247,3.99605330535676
14252,3.99605330535676
14254,3.99605330535676
14258,3.99605330535676
14266,3.99605330535676
14278,3.99605330535676
14282,3.99605330535676
14287,3.99605330535676
14290,3.99605330535676
14297,3.99605330535676
14298,3.99605330535676
14302,3.99605330535676
14309,3.99605330535676
14310,3.99605330535676
14311,3.99605330535676
14314,3.99605330535676
14317,3.99605330535676
14322,3.99605330535676
14323,3.99605330535676
14325,3.99605330535676
14327,3.99605330535676
14330,3.99605330535676
14331,3.99605330535676
14350,3.99605330535676
14354,3.99605330535676
14358,3.99605330535676
14360,3.99605330535676
14367,3.99605330535676
14369,3.99605330535676
14391,3.99605330535676
14393,3.99605330535676
14398,3.99605330535676
14405,3.99605330535676
14406,3.99605330535676
14407,3.99605330535676
14412,3.99605330535676
14413,3.99605330535676
14414,3.99605330535676
14417,3.99605330535676
14419,3.99605330535676
14421,3.99605330535676
14425,3.99605330535676
14428,3.99605330535676
14429,3.99605330535676
14433,3.99605330535676
14443,3.99605330535676
14446,3.99605330535676
14449,3.99605330535676
14458,3.99605330535676
14464,3.99605330535676
14468,3.99605330535676
14472,3.99605330535676
14474,3.99605330535676
14478,3.99605330535676
14480,3.99605330535676
14483,3.99605330535676
14491,3.99605330535676
14498,3.99605330535676
14499,3.99605330535676
14500,3.99605330535676
14506,3.99605330535676
14513,3.99605330535676
14521,3.99605330535676
14531,3.99605330535676
14532,3.99605330535676
14536,3.99605330535676
14537,3.99605330535676
14551,3.99605330535676
14563,3.99605330535676
14575,3.99605330535676
14576,3.99605330535676
14578,3.99605330535676
14583,3.99605330535676
14588,3.99605330535676
14589,3.99605330535676
14591,3.99605330535676
14596,3.99605330535676
14597,3.99605330535676
14617,3.99605330535676
14630,3.99605330535676
14631,3.99605330535676
14633,3.99605330535676
14636,3.99605330535676
14639,3.99605330535676
14642,3.99605330535676
14656,3.99605330535676
14660,3.99605330535676
14664,3.99605330535676
14667,3.99605330535676
14668,3.99605330535676
14674,3.99605330535676
14681,3.99605330535676
14688,3.99605330535676
14700,3.99605330535676
14703,3.99605330535676
14712,3.99605330535676
14713,3.99605330535676
14724,3.99605330535676
14725,3.99605330535676
14727,3.99605330535676
14738,3.99605330535676
14740,3.99605330535676
14755,3.99605330535676
14761,3.99605330535676
14774,3.99605330535676
14787,3.99605330535676
14793,3.99605330535676
14794,3.99605330535676
14796,3.99605330535676
14797,3.99605330535676
14798,3.99605330535676
14800,3.99605330535676
14803,3.99605330535676
14804,3.99605330535676
14809,3.99605330535676
14816,3.99605330535676
14818,3.99605330535676
14819,3.99605330535676
14840,3.99605330535676
14855,3.99605330535676
14859,3.99605330535676
14860,3.99605330535676
14863,3.99605330535676
14864,3.99605330535676
14865,3.99605330535676
14867,3.99605330535676
14871,3.99605330535676
14876,3.99605330535676
14878,3.99605330535676
14880,3.99605330535676
14889,3.99605330535676
14892,3.99605330535676
14898,3.99605330535676
14910,3.99605330535676
14913,3.99605330535676
14914,3.99605330535676
14916,3.99605330535676
14920,3.99605330535676
14921,3.99605330535676
14926,3.99605330535676
14928,3.99605330535676
14931,3.99605330535676
14940,3.99605330535676
14948,3.99605330535676
14957,3.99605330535676
14972,3.99605330535676
14974,3.99605330535676
14978,3.99605330535676
14985,3.99605330535676
15002,3.99605330535676
15003,3.99605330535676
15006,3.99605330535676
15018,3.99605330535676
15023,3.99605330535676
15032,3.99605330535676
15038,3.99605330535676
15039,3.99605330535676
15044,3.99605330535676
15049,3.99605330535676
15053,3.99605330535676
15059,3.99605330535676
15063,3.99605330535676
15066,3.99605330535676
15082,3.99605330535676
15084,3.99605330535676
15095,3.99605330535676
15108,3.99605330535676
15114,3.99605330535676
15116,3.99605330535676
15119,3.99605330535676
15121,3.99605330535676
15136,3.99605330535676
15148,3.99605330535676
15149,3.99605330535676
15153,3.99605330535676
15158,3.99605330535676
15159,3.99605330535676
15164,3.99605330535676
15165,3.99605330535676
15179,3.99605330535676
15200,3.99605330535676
15201,3.99605330535676
15210,3.99605330535676
15214,3.99605330535676
15216,3.99605330535676
15217,3.99605330535676
15220,3.99605330535676
15230,3.99605330535676
15232,3.99605330535676
15240,3.99605330535676
15258,3.99605330535676
15265,3.99605330535676
15266,3.99605330535676
15267,3.99605330535676
15272,3.99605330535676
15274,3.99605330535676
15275,3.99605330535676
15276,3.99605330535676
15285,3.99605330535676
15288,3.99605330535676
15290,3.99605330535676
15314,3.99605330535676
15318,3.99605330535676
15336,3.99605330535676
15343,3.99605330535676
15348,3.99605330535676
15350,3.99605330535676
15355,3.99605330535676
15357,3.99605330535676
15361,3.99605330535676
15365,3.99605330535676
15370,3.99605330535676
15372,3.99605330535676
15373,3.99605330535676
15374,3.99605330535676
15377,3.99605330535676
15388,3.99605330535676
15394,3.99605330535676
15395,3.99605330535676
15409,3.99605330535676
15413,3.99605330535676
15417,3.99605330535676
15419,3.99605330535676
15420,3.99605330535676
15422,3.99605330535676
15423,3.99605330535676
15427,3.99605330535676
15438,3.99605330535676
15439,3.99605330535676
15442,3.99605330535676
15444,3.99605330535676
15446,3.99605330535676
15452,3.99605330535676
15455,3.99605330535676
15459,3.99605330535676
15471,3.99605330535676
15487,3.99605330535676
15500,3.99605330535676
15512,3.99605330535676
15514,3.99605330535676
15517,3.99605330535676
15521,3.99605330535676
15522,3.99605330535676
15533,3.99605330535676
15535,3.99605330535676
15545,3.99605330535676
15546,3.99605330535676
15554,3.99605330535676
15557,3.99605330535676
15565,3.99605330535676
15570,3.99605330535676
15580,3.99605330535676
15581,3.99605330535676
15583,3.99605330535676
15585,3.99605330535676
15591,3.99605330535676
15594,3.99605330535676
15602,3.99605330535676
15606,3.99605330535676
15638,3.99605330535676
15640,3.99605330535676
15643,3.99605330535676
15657,3.99605330535676
15659,3.99605330535676
15660,3.99605330535676
15666,3.99605330535676
15667,3.99605330535676
15671,3.99605330535676
15676,3.99605330535676
15677,3.99605330535676
15683,3.99605330535676
15687,3.99605330535676
15694,3.99605330535676
15696,3.99605330535676
15702,3.99605330535676
15705,3.99605330535676
15711,3.99605330535676
15712,3.99605330535676
15722,3.99605330535676
15728,3.99605330535676
15732,3.99605330535676
15745,3.99605330535676
15751,3.99605330535676
15752,3.99605330535676
15754,3.99605330535676
15755,3.99605330535676
15767,3.99605330535676
15768,3.99605330535676
15779,3.99605330535676
15788,3.99605330535676
15807,3.99605330535676
15815,3.99605330535676
15822,3.99605330535676
15832,3.99605330535676
15834,3.99605330535676
15837,3.99605330535676
15840,3.99605330535676
15843,3.99605330535676
15845,3.99605330535676
15850,3.99605330535676
15867,3.99605330535676
15875,3.99605330535676
15884,3.99605330535676
15887,3.99605330535676
15888,3.99605330535676
15897,3.99605330535676
15899,3.99605330535676
15916,3.99605330535676
15920,3.99605330535676
15921,3.99605330535676
15924,3.99605330535676
15925,3.99605330535676
15936,3.99605330535676
15937,3.99605330535676
15938,3.99605330535676
15939,3.99605330535676
15954,3.99605330535676
15957,3.99605330535676
15959,3.99605330535676
15960,3.99605330535676
15968,3.99605330535676
15969,3.99605330535676
15982,3.99605330535676
15983,3.99605330535676
15984,3.99605330535676
15997,3.99605330535676
16007,3.99605330535676
16016,3.99605330535676
16030,3.99605330535676
16045,3.99605330535676
16056,3.99605330535676
16065,3.99605330535676
16066,3.99605330535676
16069,3.99605330535676
16081,3.99605330535676
16083,3.99605330535676
16087,3.99605330535676
16088,3.99605330535676
16095,3.99605330535676
16096,3.99605330535676
16102,3.99605330535676
16103,3.99605330535676
16104,3.99605330535676
16111,3.99605330535676
16113,3.99605330535676
16117,3.99605330535676
16118,3.99605330535676
16120,3.99605330535676
16123,3.99605330535676
16124,3.99605330535676
16133,3.99605330535676
16140,3.99605330535676
16155,3.99605330535676
16156,3.99605330535676
16160,3.99605330535676
16161,3.99605330535676
16163,3.99605330535676
16192,3.99605330535676
16194,3.99605330535676
16197,3.99605330535676
16198,3.99605330535676
16204,3.99605330535676
16214,3.99605330535676
16218,3.99605330535676
16223,3.99605330535676
16228,3.99605330535676
16235,3.99605330535676
16244,3.99605330535676
16245,3.99605330535676
16255,3.99605330535676
16260,3.99605330535676
16263,3.99605330535676
16268,3.99605330535676
16270,3.99605330535676
16274,3.99605330535676
16282,3.99605330535676
16286,3.99605330535676
16290,3.99605330535676
16293,3.99605330535676
16294,3.99605330535676
16295,3.99605330535676
16302,3.99605330535676
16305,3.99605330535676
16307,3.99605330535676
16309,3.99605330535676
16312,3.99605330535676
16314,3.99605330535676
16315,3.99605330535676
16318,3.99605330535676
16321,3.99605330535676
16325,3.99605330535676
16330,3.99605330535676
16348,3.99605330535676
16350,3.99605330535676
16354,3.99605330535676
16355,3.99605330535676
16367,3.99605330535676
16374,3.99605330535676
16383,3.99605330535676
16387,3.99605330535676
16389,3.99605330535676
16391,3.99605330535676
16395,3.99605330535676
16398,3.99605330535676
16402,3.99605330535676
16404,3.99605330535676
16406,3.99605330535676
16407,3.99605330535676
16410,3.99605330535676
16412,3.99605330535676
16413,3.99605330535676
16414,3.99605330535676
16418,3.99605330535676
16431,3.99605330535676
16455,3.99605330535676
16461,3.99605330535676
16474,3.99605330535676
16476,3.99605330535676
16482,3.99605330535676
16486,3.99605330535676
16499,3.99605330535676
16501,3.99605330535676
16502,3.99605330535676
16503,3.99605330535676
16510,3.99605330535676
16515,3.99605330535676
16523,3.99605330535676
16527,3.99605330535676
16536,3.99605330535676
16541,3.99605330535676
16547,3.99605330535676
16549,3.99605330535676
16561,3.99605330535676
16564,3.99605330535676
16573,3.99605330535676
16591,3.99605330535676
16618,3.99605330535676
16631,3.99605330535676
16633,3.99605330535676
16636,3.99605330535676
16637,3.99605330535676
16638,3.99605330535676
16653,3.99605330535676
16665,3.99605330535676
16673,3.99605330535676
16678,3.99605330535676
16680,3.99605330535676
16685,3.99605330535676
16688,3.99605330535676
16698,3.99605330535676
16716,3.99605330535676
16722,3.99605330535676
16723,3.99605330535676
16731,3.99605330535676
16732,3.99605330535676
16739,3.99605330535676
16740,3.99605330535676
16752,3.99605330535676
16756,3.99605330535676
16768,3.99605330535676
16771,3.99605330535676
16778,3.99605330535676
16785,3.99605330535676
16801,3.99605330535676
16813,3.99605330535676
16817,3.99605330535676
16827,3.99605330535676
16836,3.99605330535676
16841,3.99605330535676
16846,3.99605330535676
16847,3.99605330535676
16850,3.99605330535676
16851,3.99605330535676
16852,3.99605330535676
16862,3.99605330535676
16863,3.99605330535676
16869,3.99605330535676
16874,3.99605330535676
16895,3.99605330535676
16897,3.99605330535676
16900,3.99605330535676
16904,3.99605330535676
16908,3.99605330535676
16909,3.99605330535676
16920,3.99605330535676
16924,3.99605330535676
16927,3.99605330535676
16929,3.99605330535676
16952,3.99605330535676
16960,3.99605330535676
16971,3.99605330535676
16979,3.99605330535676
16993,3.99605330535676
16994,3.99605330535676
17003,3.99605330535676
17021,3.99605330535676
17022,3.99605330535676
17023,3.99605330535676
17026,3.99605330535676
17027,3.99605330535676
17032,3.99605330535676
17039,3.99605330535676
17043,3.99605330535676
17044,3.99605330535676
17054,3.99605330535676
17056,3.99605330535676
17062,3.99605330535676
17063,3.99605330535676
17066,3.99605330535676
17067,3.99605330535676
17068,3.99605330535676
17073,3.99605330535676
17075,3.99605330535676
17078,3.99605330535676
17079,3.99605330535676
17083,3.99605330535676
17085,3.99605330535676
17096,3.99605330535676
17097,3.99605330535676
17098,3.99605330535676
17099,3.99605330535676
17101,3.99605330535676
17112,3.99605330535676
17113,3.99605330535676
17120,3.99605330535676
17137,3.99605330535676
17159,3.99605330535676
17164,3.99605330535676
17172,3.99605330535676
17174,3.99605330535676
17180,3.99605330535676
17183,3.99605330535676
17186,3.99605330535676
17187,3.99605330535676
17191,3.99605330535676
17194,3.99605330535676
17198,3.99605330535676
17199,3.99605330535676
17202,3.99605330535676
17208,3.99605330535676
17211,3.99605330535676
17225,3.99605330535676
17233,3.99605330535676
17235,3.99605330535676
17239,3.99605330535676
17247,3.99605330535676
17248,3.99605330535676
17259,3.99605330535676
17263,3.99605330535676
17264,3.99605330535676
17267,3.99605330535676
17272,3.99605330535676
17277,3.99605330535676
17289,3.99605330535676
17290,3.99605330535676
17291,3.99605330535676
17296,3.99605330535676
17303,3.99605330535676
17304,3.99605330535676
17308,3.99605330535676
17309,3.99605330535676
17314,3.99605330535676
17318,3.99605330535676
17321,3.99605330535676
17334,3.99605330535676
17339,3.99605330535676
17340,3.99605330535676
17343,3.99605330535676
17348,3.99605330535676
17349,3.99605330535676
17352,3.99605330535676
17358,3.99605330535676
17361,3.99605330535676
17364,3.99605330535676
17369,3.99605330535676
17373,3.99605330535676
17388,3.99605330535676
17390,3.99605330535676
17392,3.99605330535676
17401,3.99605330535676
17407,3.99605330535676
17408,3.99605330535676
17409,3.99605330535676
17420,3.99605330535676
17427,3.99605330535676
17429,3.99605330535676
17430,3.99605330535676
17432,3.99605330535676
17437,3.99605330535676
17440,3.99605330535676
17452,3.99605330535676
17454,3.99605330535676
17461,3.99605330535676
17467,3.99605330535676
17470,3.99605330535676
17473,3.99605330535676
17478,3.99605330535676
17504,3.99605330535676
17511,3.99605330535676
17514,3.99605330535676
17519,3.99605330535676
17521,3.99605330535676
17522,3.99605330535676
17528,3.99605330535676
17529,3.99605330535676
17532,3.99605330535676
17564,3.99605330535676
17573,3.99605330535676
17579,3.99605330535676
17585,3.99605330535676
17586,3.99605330535676
17599,3.99605330535676
17605,3.99605330535676
17608,3.99605330535676
17615,3.99605330535676
17617,3.99605330535676
17619,3.99605330535676
17623,3.99605330535676
17625,3.99605330535676
17629,3.99605330535676
17637,3.99605330535676
17639,3.99605330535676
17640,3.99605330535676
17643,3.99605330535676
17645,3.99605330535676
17646,3.99605330535676
17648,3.99605330535676
17650,3.99605330535676
17652,3.99605330535676
17653,3.99605330535676
17658,3.99605330535676
17660,3.99605330535676
17664,3.99605330535676
17676,3.99605330535676
17683,3.99605330535676
17697,3.99605330535676
17701,3.99605330535676
17702,3.99605330535676
17723,3.99605330535676
17728,3.99605330535676
17732,3.99605330535676
17733,3.99605330535676
17744,3.99605330535676
17750,3.99605330535676
17753,3.99605330535676
17754,3.99605330535676
17767,3.99605330535676
17774,3.99605330535676
17776,3.99605330535676
17779,3.99605330535676
17784,3.99605330535676
17785,3.99605330535676
17786,3.99605330535676
17789,3.99605330535676
17790,3.99605330535676
17793,3.99605330535676
17800,3.99605330535676
17803,3.99605330535676
17804,3.99605330535676
17815,3.99605330535676
17830,3.99605330535676
17835,3.99605330535676
17836,3.99605330535676
17843,3.99605330535676
17851,3.99605330535676
17852,3.99605330535676
17855,3.99605330535676
17862,3.99605330535676
17863,3.99605330535676
17866,3.99605330535676
17867,3.99605330535676
17878,3.99605330535676
17882,3.99605330535676
17884,3.99605330535676
17885,3.99605330535676
17887,3.99605330535676
17897,3.99605330535676
17898,3.99605330535676
17900,3.99605330535676
17909,3.99605330535676
17912,3.99605330535676
17917,3.99605330535676
17919,3.99605330535676
17926,3.99605330535676
17930,3.99605330535676
17931,3.99605330535676
17932,3.99605330535676
17936,3.99605330535676
17937,3.99605330535676
17938,3.99605330535676
17950,3.99605330535676
17951,3.99605330535676
17955,3.99605330535676
17957,3.99605330535676
17980,3.99605330535676
17983,3.99605330535676
17986,3.99605330535676
17988,3.99605330535676
17989,3.99605330535676
17990,3.99605330535676
17995,3.99605330535676
17998,3.99605330535676
18004,3.99605330535676
18005,3.99605330535676
18012,3.99605330535676
18013,3.99605330535676
18020,3.99605330535676
18025,3.99605330535676
18032,3.99605330535676
18046,3.99605330535676
18063,3.99605330535676
18064,3.99605330535676
18067,3.99605330535676
18075,3.99605330535676
18084,3.99605330535676
18085,3.99605330535676
18089,3.99605330535676
18092,3.99605330535676
18093,3.99605330535676
18096,3.99605330535676
18098,3.99605330535676
18099,3.99605330535676
18101,3.99605330535676
18104,3.99605330535676
18107,3.99605330535676
18109,3.99605330535676
18120,3.99605330535676
18123,3.99605330535676
18128,3.99605330535676
18131,3.99605330535676
18143,3.99605330535676
18159,3.99605330535676
18161,3.99605330535676
18166,3.99605330535676
18168,3.99605330535676
18171,3.99605330535676
18178,3.99605330535676
18182,3.99605330535676
18185,3.99605330535676
18187,3.99605330535676
18206,3.99605330535676
18207,3.99605330535676
18209,3.99605330535676
18210,3.99605330535676
18225,3.99605330535676
18227,3.99605330535676
18235,3.99605330535676
18236,3.99605330535676
18239,3.99605330535676
18240,3.99605330535676
18244,3.99605330535676
18249,3.99605330535676
18254,3.99605330535676
18259,3.99605330535676
18260,3.99605330535676
18269,3.99605330535676
18272,3.99605330535676
18298,3.99605330535676
18309,3.99605330535676
18310,3.99605330535676
18314,3.99605330535676
18316,3.99605330535676
18317,3.99605330535676
18320,3.99605330535676
18322,3.99605330535676
18328,3.99605330535676
18333,3.99605330535676
18335,3.99605330535676
18336,3.99605330535676
18343,3.99605330535676
18351,3.99605330535676
18355,3.99605330535676
18365,3.99605330535676
18368,3.99605330535676
18369,3.99605330535676
18378,3.99605330535676
18380,3.99605330535676
18386,3.99605330535676
18388,3.99605330535676
18392,3.99605330535676
18395,3.99605330535676
18400,3.99605330535676
18401,3.99605330535676
18416,3.99605330535676
18420,3.99605330535676
18425,3.99605330535676
18429,3.99605330535676
18438,3.99605330535676
18440,3.99605330535676
18442,3.99605330535676
18450,3.99605330535676
18454,3.99605330535676
18456,3.99605330535676
18458,3.99605330535676
18466,3.99605330535676
18471,3.99605330535676
18480,3.99605330535676
18486,3.99605330535676
18487,3.99605330535676
18496,3.99605330535676
18506,3.99605330535676
18509,3.99605330535676
18516,3.99605330535676
18520,3.99605330535676
18522,3.99605330535676
18525,3.99605330535676
18540,3.99605330535676
18541,3.99605330535676
18542,3.99605330535676
18544,3.99605330535676
18545,3.99605330535676
18556,3.99605330535676
18564,3.99605330535676
18567,3.99605330535676
18570,3.99605330535676
18572,3.99605330535676
18573,3.99605330535676
18584,3.99605330535676
18590,3.99605330535676
18597,3.99605330535676
18598,3.99605330535676
18602,3.99605330535676
18605,3.99605330535676
18612,3.99605330535676
18616,3.99605330535676
18617,3.99605330535676
18627,3.99605330535676
18637,3.99605330535676
18641,3.99605330535676
18648,3.99605330535676
18669,3.99605330535676
18670,3.99605330535676
18689,3.99605330535676
18695,3.99605330535676
18703,3.99605330535676
18705,3.99605330535676
18719,3.99605330535676
18727,3.99605330535676
18731,3.99605330535676
18737,3.99605330535676
18740,3.99605330535676
18741,3.99605330535676
18747,3.99605330535676
18763,3.99605330535676
18769,3.99605330535676
18770,3.99605330535676
18772,3.99605330535676
18775,3.99605330535676
18779,3.99605330535676
18780,3.99605330535676
18784,3.99605330535676
18787,3.99605330535676
18791,3.99605330535676
18798,3.99605330535676
18804,3.99605330535676
18806,3.99605330535676
18811,3.99605330535676
18817,3.99605330535676
18818,3.99605330535676
18825,3.99605330535676
18826,3.99605330535676
18829,3.99605330535676
18831,3.99605330535676
18832,3.99605330535676
18833,3.99605330535676
18834,3.99605330535676
18844,3.99605330535676
18850,3.99605330535676
18854,3.99605330535676
18861,3.99605330535676
18867,3.99605330535676
18869,3.99605330535676
18871,3.99605330535676
18876,3.99605330535676
18879,3.99605330535676
18882,3.99605330535676
18884,3.99605330535676
18894,3.99605330535676
18906,3.99605330535676
18915,3.99605330535676
18919,3.99605330535676
18928,3.99605330535676
18933,3.99605330535676
18934,3.99605330535676
18935,3.99605330535676
18937,3.99605330535676
18944,3.99605330535676
18946,3.99605330535676
18948,3.99605330535676
18949,3.99605330535676
18952,3.99605330535676
18960,3.99605330535676
18971,3.99605330535676
18976,3.99605330535676
18977,3.99605330535676
18981,3.99605330535676
18982,3.99605330535676
18990,3.99605330535676
18996,3.99605330535676
18999,3.99605330535676
19001,3.99605330535676
19008,3.99605330535676
19009,3.99605330535676
19011,3.99605330535676
19024,3.99605330535676
19036,3.99605330535676
19045,3.99605330535676
19049,3.99605330535676
19050,3.99605330535676
19057,3.99605330535676
19058,3.99605330535676
19072,3.99605330535676
19075,3.99605330535676
19077,3.99605330535676
19083,3.99605330535676
19086,3.99605330535676
19091,3.99605330535676
19094,3.99605330535676
19098,3.99605330535676
19110,3.99605330535676
19113,3.99605330535676
19115,3.99605330535676
19116,3.99605330535676
19127,3.99605330535676
19131,3.99605330535676
19132,3.99605330535676
19137,3.99605330535676
19141,3.99605330535676
19149,3.99605330535676
19159,3.99605330535676
19163,3.99605330535676
19175,3.99605330535676
19176,3.99605330535676
19183,3.99605330535676
19184,3.99605330535676
19185,3.99605330535676
19198,3.99605330535676
19206,3.99605330535676
19210,3.99605330535676
19211,3.99605330535676
19220,3.99605330535676
19240,3.99605330535676
19243,3.99605330535676
19250,3.99605330535676
19256,3.99605330535676
19271,3.99605330535676
19272,3.99605330535676
19274,3.99605330535676
19281,3.99605330535676
19287,3.99605330535676
19290,3.99605330535676
19291,3.99605330535676
19295,3.99605330535676
19298,3.99605330535676
19299,3.99605330535676
19302,3.99605330535676
19307,3.99605330535676
19316,3.99605330535676
19320,3.99605330535676
19321,3.99605330535676
19323,3.99605330535676
19328,3.99605330535676
19329,3.99605330535676
19332,3.99605330535676
19333,3.99605330535676
19336,3.99605330535676
19337,3.99605330535676
19341,3.99605330535676
19344,3.99605330535676
19356,3.99605330535676
19358,3.99605330535676
19360,3.99605330535676
19362,3.99605330535676
19384,3.99605330535676
19386,3.99605330535676
19403,3.99605330535676
19405,3.99605330535676
19409,3.99605330535676
19411,3.99605330535676
19414,3.99605330535676
19416,3.99605330535676
19426,3.99605330535676
19427,3.99605330535676
19428,3.99605330535676
19435,3.99605330535676
19448,3.99605330535676
19454,3.99605330535676
19458,3.99605330535676
19462,3.99605330535676
19468,3.99605330535676
19469,3.99605330535676
19472,3.99605330535676
19474,3.99605330535676
19476,3.99605330535676
19478,3.99605330535676
19480,3.99605330535676
19489,3.99605330535676
19490,3.99605330535676
19492,3.99605330535676
19504,3.99605330535676
19509,3.99605330535676
19511,3.99605330535676
19518,3.99605330535676
19527,3.99605330535676
19530,3.99605330535676
19532,3.99605330535676
19533,3.99605330535676
19534,3.99605330535676
19538,3.99605330535676
19541,3.99605330535676
19542,3.99605330535676
19543,3.99605330535676
19547,3.99605330535676
19567,3.99605330535676
19584,3.99605330535676
19587,3.99605330535676
19591,3.99605330535676
19597,3.99605330535676
19600,3.99605330535676
19611,3.99605330535676
19612,3.99605330535676
19618,3.99605330535676
19624,3.99605330535676
19625,3.99605330535676
19639,3.99605330535676
19640,3.99605330535676
19644,3.99605330535676
19648,3.99605330535676
19651,3.99605330535676
19652,3.99605330535676
19654,3.99605330535676
19655,3.99605330535676
19661,3.99605330535676
19662,3.99605330535676
19665,3.99605330535676
19670,3.99605330535676
19677,3.99605330535676
19680,3.99605330535676
19683,3.99605330535676
19684,3.99605330535676
19685,3.99605330535676
19694,3.99605330535676
19695,3.99605330535676
19697,3.99605330535676
19702,3.99605330535676
19708,3.99605330535676
19719,3.99605330535676
19722,3.99605330535676
19727,3.99605330535676
19728,3.99605330535676
19730,3.99605330535676
19731,3.99605330535676
19745,3.99605330535676
19747,3.99605330535676
19753,3.99605330535676
19758,3.99605330535676
19773,3.99605330535676
19776,3.99605330535676
19777,3.99605330535676
19779,3.99605330535676
19780,3.99605330535676
19781,3.99605330535676
19788,3.99605330535676
19796,3.99605330535676
19797,3.99605330535676
19802,3.99605330535676
19812,3.99605330535676
19815,3.99605330535676
19822,3.99605330535676
19831,3.99605330535676
19840,3.99605330535676
19850,3.99605330535676
19856,3.99605330535676
19857,3.99605330535676
19862,3.99605330535676
19863,3.99605330535676
19864,3.99605330535676
19871,3.99605330535676
19876,3.99605330535676
19878,3.99605330535676
19881,3.99605330535676
19883,3.99605330535676
19886,3.99605330535676
19888,3.99605330535676
19891,3.99605330535676
19892,3.99605330535676
19894,3.99605330535676
19903,3.99605330535676
19905,3.99605330535676
19913,3.99605330535676
19919,3.99605330535676
19931,3.99605330535676
19937,3.99605330535676
19939,3.99605330535676
19940,3.99605330535676
19943,3.99605330535676
19949,3.99605330535676
19951,3.99605330535676
19952,3.99605330535676
19975,3.99605330535676
19978,3.99605330535676
19980,3.99605330535676
19981,3.99605330535676
19983,3.99605330535676
19987,3.99605330535676
19999,3.99605330535676
20001,3.99605330535676
20002,3.99605330535676
20012,3.99605330535676
20018,3.99605330535676
20021,3.99605330535676
20023,3.99605330535676
20025,3.99605330535676
20030,3.99605330535676
20035,3.99605330535676
20037,3.99605330535676
20047,3.99605330535676
20052,3.99605330535676
20059,3.99605330535676
20065,3.99605330535676
20070,3.99605330535676
20072,3.99605330535676
20075,3.99605330535676
20077,3.99605330535676
20079,3.99605330535676
20081,3.99605330535676
20082,3.99605330535676
20085,3.99605330535676
20091,3.99605330535676
20094,3.99605330535676
20098,3.99605330535676
20103,3.99605330535676
20109,3.99605330535676
20113,3.99605330535676
20121,3.99605330535676
20122,3.99605330535676
20132,3.99605330535676
20138,3.99605330535676
20147,3.99605330535676
20148,3.99605330535676
20153,3.99605330535676
20157,3.99605330535676
20169,3.99605330535676
20172,3.99605330535676
20179,3.99605330535676
20182,3.99605330535676
20185,3.99605330535676
20186,3.99605330535676
20191,3.99605330535676
20193,3.99605330535676
20205,3.99605330535676
20208,3.99605330535676
20213,3.99605330535676
20222,3.99605330535676
20238,3.99605330535676
20240,3.99605330535676
20244,3.99605330535676
20247,3.99605330535676
20249,3.99605330535676
20253,3.99605330535676
20254,3.99605330535676
20260,3.99605330535676
20263,3.99605330535676
20268,3.99605330535676
20277,3.99605330535676
20278,3.99605330535676
20281,3.99605330535676
20282,3.99605330535676
20289,3.99605330535676
20290,3.99605330535676
20291,3.99605330535676
20300,3.99605330535676
20304,3.99605330535676
20311,3.99605330535676
20317,3.99605330535676
20321,3.99605330535676
20324,3.99605330535676
20338,3.99605330535676
20347,3.99605330535676
20349,3.99605330535676
20350,3.99605330535676
20351,3.99605330535676
20356,3.99605330535676
20363,3.99605330535676
20368,3.99605330535676
20377,3.99605330535676
20379,3.99605330535676
20380,3.99605330535676
20388,3.99605330535676
20397,3.99605330535676
20399,3.99605330535676
20406,3.99605330535676
20408,3.99605330535676
20412,3.99605330535676
20415,3.99605330535676
20420,3.99605330535676
20421,3.99605330535676
20427,3.99605330535676
20429,3.99605330535676
20432,3.99605330535676
20446,3.99605330535676
20450,3.99605330535676
20451,3.99605330535676
20452,3.99605330535676
20453,3.99605330535676
20460,3.99605330535676
20470,3.99605330535676
20474,3.99605330535676
20487,3.99605330535676
20492,3.99605330535676
20493,3.99605330535676
20494,3.99605330535676
20495,3.99605330535676
20498,3.99605330535676
20499,3.99605330535676
20500,3.99605330535676
20503,3.99605330535676
20504,3.99605330535676
20509,3.99605330535676
20518,3.99605330535676
20519,3.99605330535676
20541,3.99605330535676
20558,3.99605330535676
20568,3.99605330535676
20569,3.99605330535676
20572,3.99605330535676
20584,3.99605330535676
20595,3.99605330535676
20601,3.99605330535676
20605,3.99605330535676
20610,3.99605330535676
20616,3.99605330535676
20618,3.99605330535676
20620,3.99605330535676
20633,3.99605330535676
20634,3.99605330535676
20638,3.99605330535676
20640,3.99605330535676
20646,3.99605330535676
20648,3.99605330535676
20651,3.99605330535676
20652,3.99605330535676
20653,3.99605330535676
20657,3.99605330535676
20659,3.99605330535676
20674,3.99605330535676
20681,3.99605330535676
20682,3.99605330535676
20685,3.99605330535676
20689,3.99605330535676
20692,3.99605330535676
20695,3.99605330535676
20702,3.99605330535676
20703,3.99605330535676
20710,3.99605330535676
20716,3.99605330535676
20721,3.99605330535676
20734,3.99605330535676
20736,3.99605330535676
20738,3.99605330535676
20749,3.99605330535676
20751,3.99605330535676
20756,3.99605330535676
20758,3.99605330535676
20763,3.99605330535676
20773,3.99605330535676
20777,3.99605330535676
20779,3.99605330535676
20790,3.99605330535676
20791,3.99605330535676
20792,3.99605330535676
20795,3.99605330535676
20810,3.99605330535676
20813,3.99605330535676
20815,3.99605330535676
20822,3.99605330535676
20823,3.99605330535676
20824,3.99605330535676
20825,3.99605330535676
20828,3.99605330535676
20835,3.99605330535676
20850,3.99605330535676
20855,3.99605330535676
20859,3.99605330535676
20862,3.99605330535676
20865,3.99605330535676
20878,3.99605330535676
20879,3.99605330535676
20885,3.99605330535676
20891,3.99605330535676
20894,3.99605330535676
20896,3.99605330535676
20897,3.99605330535676
20906,3.99605330535676
20914,3.99605330535676
20919,3.99605330535676
20927,3.99605330535676
20929,3.99605330535676
20932,3.99605330535676
20933,3.99605330535676
20939,3.99605330535676
20947,3.99605330535676
20967,3.99605330535676
20978,3.99605330535676
20983,3.99605330535676
20984,3.99605330535676
20994,3.99605330535676
20996,3.99605330535676
21002,3.99605330535676
21015,3.99605330535676
21035,3.99605330535676
21038,3.99605330535676
21041,3.99605330535676
21046,3.99605330535676
21048,3.99605330535676
21049,3.99605330535676
21058,3.99605330535676
21065,3.99605330535676
21068,3.99605330535676
21070,3.99605330535676
21072,3.99605330535676
21074,3.99605330535676
21081,3.99605330535676
21085,3.99605330535676
21096,3.99605330535676
21098,3.99605330535676
21106,3.99605330535676
21110,3.99605330535676
21113,3.99605330535676
21115,3.99605330535676
21121,3.99605330535676
21122,3.99605330535676
21126,3.99605330535676
21131,3.99605330535676
21134,3.99605330535676
21145,3.99605330535676
21151,3.99605330535676
21155,3.99605330535676
21160,3.99605330535676
21162,3.99605330535676
21164,3.99605330535676
21178,3.99605330535676
21185,3.99605330535676
21190,3.99605330535676
21192,3.99605330535676
21199,3.99605330535676
21200,3.99605330535676
21201,3.99605330535676
21207,3.99605330535676
21214,3.99605330535676
21215,3.99605330535676
21217,3.99605330535676
21225,3.99605330535676
21227,3.99605330535676
21230,3.99605330535676
21232,3.99605330535676
21236,3.99605330535676
21238,3.99605330535676
21243,3.99605330535676
21247,3.99605330535676
21254,3.99605330535676
21255,3.99605330535676
21259,3.99605330535676
21267,3.99605330535676
21268,3.99605330535676
21274,3.99605330535676
21275,3.99605330535676
21277,3.99605330535676
21279,3.99605330535676
21289,3.99605330535676
21308,3.99605330535676
21313,3.99605330535676
21321,3.99605330535676
21325,3.99605330535676
21328,3.99605330535676
21346,3.99605330535676
21352,3.99605330535676
21358,3.99605330535676
21360,3.99605330535676
21361,3.99605330535676
21370,3.99605330535676
21371,3.99605330535676
21376,3.99605330535676
21379,3.99605330535676
21381,3.99605330535676
21385,3.99605330535676
21387,3.99605330535676
21388,3.99605330535676
21389,3.99605330535676
21395,3.99605330535676
21399,3.99605330535676
21400,3.99605330535676
21401,3.99605330535676
21405,3.99605330535676
21411,3.99605330535676
21418,3.99605330535676
21419,3.99605330535676
21421,3.99605330535676
21423,3.99605330535676
21427,3.99605330535676
21436,3.99605330535676
21437,3.99605330535676
21440,3.99605330535676
21442,3.99605330535676
21449,3.99605330535676
21458,3.99605330535676
21462,3.99605330535676
21463,3.99605330535676
21470,3.99605330535676
21482,3.99605330535676
21491,3.99605330535676
21492,3.99605330535676
21496,3.99605330535676
21499,3.99605330535676
21506,3.99605330535676
21509,3.99605330535676
21515,3.99605330535676
21519,3.99605330535676
21521,3.99605330535676
21532,3.99605330535676
21535,3.99605330535676
21536,3.99605330535676
21540,3.99605330535676
21544,3.99605330535676
21548,3.99605330535676
21552,3.99605330535676
21558,3.99605330535676
21562,3.99605330535676
21564,3.99605330535676
21568,3.99605330535676
21569,3.99605330535676
21571,3.99605330535676
21580,3.99605330535676
21582,3.99605330535676
21584,3.99605330535676
21587,3.99605330535676
21588,3.99605330535676
21599,3.99605330535676
21620,3.99605330535676
21625,3.99605330535676
21626,3.99605330535676
21632,3.99605330535676
21635,3.99605330535676
21636,3.99605330535676
21639,3.99605330535676
21652,3.99605330535676
21659,3.99605330535676
21661,3.99605330535676
21662,3.99605330535676
21667,3.99605330535676
21675,3.99605330535676
21684,3.99605330535676
21692,3.99605330535676
21700,3.99605330535676
21701,3.99605330535676
21702,3.99605330535676
21703,3.99605330535676
21704,3.99605330535676
21710,3.99605330535676
21712,3.99605330535676
21713,3.99605330535676
21724,3.99605330535676
21725,3.99605330535676
21732,3.99605330535676
21736,3.99605330535676
21739,3.99605330535676
21743,3.99605330535676
21745,3.99605330535676
21746,3.99605330535676
21748,3.99605330535676
21751,3.99605330535676
21753,3.99605330535676
21759,3.99605330535676
21760,3.99605330535676
21767,3.99605330535676
21774,3.99605330535676
21785,3.99605330535676
21787,3.99605330535676
21796,3.99605330535676
21799,3.99605330535676
21804,3.99605330535676
21810,3.99605330535676
21816,3.99605330535676
21818,3.99605330535676
21822,3.99605330535676
21824,3.99605330535676
21825,3.99605330535676
21826,3.99605330535676
21827,3.99605330535676
21837,3.99605330535676
21840,3.99605330535676
21841,3.99605330535676
21847,3.99605330535676
21850,3.99605330535676
21851,3.99605330535676
21856,3.99605330535676
21861,3.99605330535676
21863,3.99605330535676
21867,3.99605330535676
21868,3.99605330535676
21870,3.99605330535676
21874,3.99605330535676
21878,3.99605330535676
21887,3.99605330535676
21890,3.99605330535676
21891,3.99605330535676
21899,3.99605330535676
21911,3.99605330535676
21925,3.99605330535676
21930,3.99605330535676
21934,3.99605330535676
21943,3.99605330535676
21944,3.99605330535676
21946,3.99605330535676
21953,3.99605330535676
21955,3.99605330535676
21972,3.99605330535676
21973,3.99605330535676
21982,3.99605330535676
21994,3.99605330535676
22002,3.99605330535676
22003,3.99605330535676
22016,3.99605330535676
22031,3.99605330535676
22037,3.99605330535676
22044,3.99605330535676
22050,3.99605330535676
22056,3.99605330535676
22062,3.99605330535676
22068,3.99605330535676
22069,3.99605330535676
22070,3.99605330535676
22080,3.99605330535676
22081,3.99605330535676
22098,3.99605330535676
22102,3.99605330535676
22104,3.99605330535676
22108,3.99605330535676
22111,3.99605330535676
22114,3.99605330535676
22129,3.99605330535676
22130,3.99605330535676
22133,3.99605330535676
22138,3.99605330535676
22139,3.99605330535676
22144,3.99605330535676
22146,3.99605330535676
22155,3.99605330535676
22167,3.99605330535676
22168,3.99605330535676
22169,3.99605330535676
22170,3.99605330535676
22172,3.99605330535676
22181,3.99605330535676
22193,3.99605330535676
22196,3.99605330535676
22206,3.99605330535676
22214,3.99605330535676
22216,3.99605330535676
22218,3.99605330535676
22219,3.99605330535676
22222,3.99605330535676
22225,3.99605330535676
22230,3.99605330535676
22232,3.99605330535676
22235,3.99605330535676
22244,3.99605330535676
22246,3.99605330535676
22248,3.99605330535676
22265,3.99605330535676
22266,3.99605330535676
22279,3.99605330535676
22281,3.99605330535676
22291,3.99605330535676
22292,3.99605330535676
22297,3.99605330535676
22304,3.99605330535676
22305,3.99605330535676
22312,3.99605330535676
22314,3.99605330535676
22317,3.99605330535676
22323,3.99605330535676
22331,3.99605330535676
22335,3.99605330535676
22338,3.99605330535676
22341,3.99605330535676
22351,3.99605330535676
22352,3.99605330535676
22357,3.99605330535676
22367,3.99605330535676
22372,3.99605330535676
22378,3.99605330535676
22379,3.99605330535676
22398,3.99605330535676
22402,3.99605330535676
22405,3.99605330535676
22407,3.99605330535676
22409,3.99605330535676
22410,3.99605330535676
22412,3.99605330535676
22418,3.99605330535676
22427,3.99605330535676
22436,3.99605330535676
22437,3.99605330535676
22449,3.99605330535676
22457,3.99605330535676
22470,3.99605330535676
22474,3.99605330535676
22482,3.99605330535676
22486,3.99605330535676
22487,3.99605330535676
22493,3.99605330535676
22506,3.99605330535676
22509,3.99605330535676
22516,3.99605330535676
22520,3.99605330535676
22522,3.99605330535676
22524,3.99605330535676
22527,3.99605330535676
22537,3.99605330535676
22549,3.99605330535676
22558,3.99605330535676
22560,3.99605330535676
22566,3.99605330535676
22577,3.99605330535676
22584,3.99605330535676
22594,3.99605330535676
22605,3.99605330535676
22606,3.99605330535676
22622,3.99605330535676
22626,3.99605330535676
22629,3.99605330535676
22636,3.99605330535676
22638,3.99605330535676
22642,3.99605330535676
22645,3.99605330535676
22648,3.99605330535676
22652,3.99605330535676
22659,3.99605330535676
22665,3.99605330535676
22668,3.99605330535676
22672,3.99605330535676
22686,3.99605330535676
22688,3.99605330535676
22689,3.99605330535676
22701,3.99605330535676
22719,3.99605330535676
22726,3.99605330535676
22727,3.99605330535676
22736,3.99605330535676
22737,3.99605330535676
22738,3.99605330535676
22742,3.99605330535676
22744,3.99605330535676
22746,3.99605330535676
22749,3.99605330535676
22760,3.99605330535676
22770,3.99605330535676
22778,3.99605330535676
22794,3.99605330535676
22796,3.99605330535676
22797,3.99605330535676
22799,3.99605330535676
22811,3.99605330535676
22821,3.99605330535676
22825,3.99605330535676
22826,3.99605330535676
22830,3.99605330535676
22839,3.99605330535676
22845,3.99605330535676
22848,3.99605330535676
22857,3.99605330535676
22858,3.99605330535676
22862,3.99605330535676
22864,3.99605330535676
22869,3.99605330535676
22871,3.99605330535676
22878,3.99605330535676
22879,3.99605330535676
22882,3.99605330535676
22907,3.99605330535676
22915,3.99605330535676
22929,3.99605330535676
22942,3.99605330535676
22944,3.99605330535676
22945,3.99605330535676
22948,3.99605330535676
22950,3.99605330535676
22951,3.99605330535676
22958,3.99605330535676
22970,3.99605330535676
22975,3.99605330535676
22981,3.99605330535676
22983,3.99605330535676
22986,3.99605330535676
23001,3.99605330535676
23002,3.99605330535676
23007,3.99605330535676
23010,3.99605330535676
23022,3.99605330535676
23031,3.99605330535676
23032,3.99605330535676
23034,3.99605330535676
23042,3.99605330535676
23045,3.99605330535676
23050,3.99605330535676
23061,3.99605330535676
23065,3.99605330535676
23097,3.99605330535676
23098,3.99605330535676
23103,3.99605330535676
23111,3.99605330535676
23125,3.99605330535676
23128,3.99605330535676
23129,3.99605330535676
23132,3.99605330535676
23141,3.99605330535676
23143,3.99605330535676
23152,3.99605330535676
23153,3.99605330535676
23154,3.99605330535676
23164,3.99605330535676
23175,3.99605330535676
23193,3.99605330535676
23195,3.99605330535676
23201,3.99605330535676
23206,3.99605330535676
23207,3.99605330535676
23209,3.99605330535676
23215,3.99605330535676
23219,3.99605330535676
23226,3.99605330535676
23233,3.99605330535676
23234,3.99605330535676
23240,3.99605330535676
23242,3.99605330535676
23255,3.99605330535676
23261,3.99605330535676
23263,3.99605330535676
23264,3.99605330535676
23269,3.99605330535676
23279,3.99605330535676
23289,3.99605330535676
23292,3.99605330535676
23295,3.99605330535676
23296,3.99605330535676
23297,3.99605330535676
23310,3.99605330535676
23315,3.99605330535676
23316,3.99605330535676
23319,3.99605330535676
23324,3.99605330535676
23327,3.99605330535676
23328,3.99605330535676
23337,3.99605330535676
23340,3.99605330535676
23341,3.99605330535676
23348,3.99605330535676
23349,3.99605330535676
23352,3.99605330535676
23353,3.99605330535676
23357,3.99605330535676
23360,3.99605330535676
23365,3.99605330535676
23367,3.99605330535676
23368,3.99605330535676
23369,3.99605330535676
23374,3.99605330535676
23375,3.99605330535676
23377,3.99605330535676
23381,3.99605330535676
23384,3.99605330535676
23389,3.99605330535676
23391,3.99605330535676
23394,3.99605330535676
23396,3.99605330535676
23399,3.99605330535676
23403,3.99605330535676
23404,3.99605330535676
23405,3.99605330535676
23411,3.99605330535676
23413,3.99605330535676
23420,3.99605330535676
23422,3.99605330535676
23429,3.99605330535676
23430,3.99605330535676
23433,3.99605330535676
23434,3.99605330535676
23442,3.99605330535676
23456,3.99605330535676
23460,3.99605330535676
23464,3.99605330535676
23475,3.99605330535676
23479,3.99605330535676
23483,3.99605330535676
23484,3.99605330535676
23494,3.99605330535676
23495,3.99605330535676
23501,3.99605330535676
23504,3.99605330535676
23505,3.99605330535676
23511,3.99605330535676
23517,3.99605330535676
23520,3.99605330535676
23527,3.99605330535676
23529,3.99605330535676
23531,3.99605330535676
23533,3.99605330535676
23535,3.99605330535676
23537,3.99605330535676
23550,3.99605330535676
23552,3.99605330535676
23555,3.99605330535676
23560,3.99605330535676
23577,3.99605330535676
23584,3.99605330535676
23588,3.99605330535676
23589,3.99605330535676
23596,3.99605330535676
23600,3.99605330535676
23603,3.99605330535676
23617,3.99605330535676
23618,3.99605330535676
23620,3.99605330535676
23621,3.99605330535676
23622,3.99605330535676
23623,3.99605330535676
23624,3.99605330535676
23626,3.99605330535676
23629,3.99605330535676
23632,3.99605330535676
23639,3.99605330535676
23643,3.99605330535676
23644,3.99605330535676
23653,3.99605330535676
23656,3.99605330535676
23665,3.99605330535676
23670,3.99605330535676
23684,3.99605330535676
23685,3.99605330535676
23696,3.99605330535676
23702,3.99605330535676
23709,3.99605330535676
23716,3.99605330535676
23722,3.99605330535676
23732,3.99605330535676
23737,3.99605330535676
23740,3.99605330535676
23744,3.99605330535676
23747,3.99605330535676
23751,3.99605330535676
23761,3.99605330535676
23762,3.99605330535676
23764,3.99605330535676
23765,3.99605330535676
23771,3.99605330535676
23772,3.99605330535676
23773,3.99605330535676
23778,3.99605330535676
23782,3.99605330535676
23783,3.99605330535676
23791,3.99605330535676
23795,3.99605330535676
23798,3.99605330535676
23801,3.99605330535676
23806,3.99605330535676
23814,3.99605330535676
23820,3.99605330535676
23825,3.99605330535676
23826,3.99605330535676
23830,3.99605330535676
23837,3.99605330535676
23838,3.99605330535676
23844,3.99605330535676
23845,3.99605330535676
23846,3.99605330535676
23847,3.99605330535676
23850,3.99605330535676
23859,3.99605330535676
23861,3.99605330535676
23862,3.99605330535676
23863,3.99605330535676
23873,3.99605330535676
23877,3.99605330535676
23879,3.99605330535676
23880,3.99605330535676
23882,3.99605330535676
23883,3.99605330535676
23885,3.99605330535676
23887,3.99605330535676
23893,3.99605330535676
23895,3.99605330535676
23897,3.99605330535676
23903,3.99605330535676
23908,3.99605330535676
23909,3.99605330535676
23930,3.99605330535676
23934,3.99605330535676
23940,3.99605330535676
23942,3.99605330535676
23946,3.99605330535676
23950,3.99605330535676
23958,3.99605330535676
23964,3.99605330535676
23971,3.99605330535676
23978,3.99605330535676
23983,3.99605330535676
23986,3.99605330535676
23987,3.99605330535676
23990,3.99605330535676
23994,3.99605330535676
23998,3.99605330535676
24001,3.99605330535676
24010,3.99605330535676
24016,3.99605330535676
24018,3.99605330535676
24019,3.99605330535676
24022,3.99605330535676
24028,3.99605330535676
24031,3.99605330535676
24036,3.99605330535676
24041,3.99605330535676
24043,3.99605330535676
24050,3.99605330535676
24054,3.99605330535676
24059,3.99605330535676
24065,3.99605330535676
24074,3.99605330535676
24075,3.99605330535676
24085,3.99605330535676
24089,3.99605330535676
24097,3.99605330535676
24099,3.99605330535676
24105,3.99605330535676
24108,3.99605330535676
24109,3.99605330535676
24110,3.99605330535676
24112,3.99605330535676
24116,3.99605330535676
24117,3.99605330535676
24145,3.99605330535676
24152,3.99605330535676
24154,3.99605330535676
24155,3.99605330535676
24160,3.99605330535676
24170,3.99605330535676
24173,3.99605330535676
24179,3.99605330535676
24180,3.99605330535676
24185,3.99605330535676
24191,3.99605330535676
24200,3.99605330535676
24205,3.99605330535676
24211,3.99605330535676
24214,3.99605330535676
24218,3.99605330535676
24222,3.99605330535676
24228,3.99605330535676
24229,3.99605330535676
24239,3.99605330535676
24241,3.99605330535676
24242,3.99605330535676
24247,3.99605330535676
24253,3.99605330535676
24254,3.99605330535676
24261,3.99605330535676
24262,3.99605330535676
24266,3.99605330535676
24269,3.99605330535676
24271,3.99605330535676
24278,3.99605330535676
24280,3.99605330535676
24289,3.99605330535676
24301,3.99605330535676
24312,3.99605330535676
24319,3.99605330535676
24323,3.99605330535676
24326,3.99605330535676
24328,3.99605330535676
24335,3.99605330535676
24341,3.99605330535676
24347,3.99605330535676
24348,3.99605330535676
24352,3.99605330535676
24355,3.99605330535676
24356,3.99605330535676
24359,3.99605330535676
24360,3.99605330535676
24362,3.99605330535676
24363,3.99605330535676
24366,3.99605330535676
24368,3.99605330535676
24378,3.99605330535676
24382,3.99605330535676
24386,3.99605330535676
24400,3.99605330535676
24412,3.99605330535676
24426,3.99605330535676
24428,3.99605330535676
24431,3.99605330535676
24445,3.99605330535676
24448,3.99605330535676
24453,3.99605330535676
24455,3.99605330535676
24456,3.99605330535676
24462,3.99605330535676
24468,3.99605330535676
24477,3.99605330535676
24483,3.99605330535676
24487,3.99605330535676
24492,3.99605330535676
24494,3.99605330535676
24495,3.99605330535676
24496,3.99605330535676
24506,3.99605330535676
24507,3.99605330535676
24517,3.99605330535676
24527,3.99605330535676
24528,3.99605330535676
24538,3.99605330535676
24539,3.99605330535676
24541,3.99605330535676
24542,3.99605330535676
24544,3.99605330535676
24545,3.99605330535676
24550,3.99605330535676
24551,3.99605330535676
24556,3.99605330535676
24558,3.99605330535676
24566,3.99605330535676
24573,3.99605330535676
24575,3.99605330535676
24596,3.99605330535676
24597,3.99605330535676
24602,3.99605330535676
24606,3.99605330535676
24610,3.99605330535676
24619,3.99605330535676
24622,3.99605330535676
24623,3.99605330535676
24629,3.99605330535676
24633,3.99605330535676
24634,3.99605330535676
24639,3.99605330535676
24640,3.99605330535676
24660,3.99605330535676
24667,3.99605330535676
24676,3.99605330535676
24694,3.99605330535676
24701,3.99605330535676
24706,3.99605330535676
24711,3.99605330535676
24716,3.99605330535676
24720,3.99605330535676
24724,3.99605330535676
24731,3.99605330535676
24733,3.99605330535676
24736,3.99605330535676
24737,3.99605330535676
24739,3.99605330535676
24740,3.99605330535676
24744,3.99605330535676
24752,3.99605330535676
24756,3.99605330535676
24767,3.99605330535676
24769,3.99605330535676
24771,3.99605330535676
24776,3.99605330535676
24783,3.99605330535676
24792,3.99605330535676
24794,3.99605330535676
24796,3.99605330535676
24797,3.99605330535676
24803,3.99605330535676
24806,3.99605330535676
24809,3.99605330535676
24816,3.99605330535676
24821,3.99605330535676
24824,3.99605330535676
24835,3.99605330535676
24840,3.99605330535676
24843,3.99605330535676
24846,3.99605330535676
24848,3.99605330535676
24849,3.99605330535676
24852,3.99605330535676
24864,3.99605330535676
24870,3.99605330535676
24874,3.99605330535676
24875,3.99605330535676
24877,3.99605330535676
24880,3.99605330535676
24883,3.99605330535676
24887,3.99605330535676
24891,3.99605330535676
24892,3.99605330535676
24894,3.99605330535676
24895,3.99605330535676
24899,3.99605330535676
24902,3.99605330535676
24906,3.99605330535676
24918,3.99605330535676
24919,3.99605330535676
24925,3.99605330535676
24935,3.99605330535676
24937,3.99605330535676
24940,3.99605330535676
24942,3.99605330535676
24950,3.99605330535676
24970,3.99605330535676
24974,3.99605330535676
24976,3.99605330535676
24983,3.99605330535676
24988,3.99605330535676
24995,3.99605330535676
24996,3.99605330535676
25020,3.99605330535676
25023,3.99605330535676
25027,3.99605330535676
25034,3.99605330535676
25041,3.99605330535676
25047,3.99605330535676
25058,3.99605330535676
25064,3.99605330535676
25068,3.99605330535676
25071,3.99605330535676
25072,3.99605330535676
25073,3.99605330535676
25075,3.99605330535676
25077,3.99605330535676
25078,3.99605330535676
25080,3.99605330535676
25090,3.99605330535676
25094,3.99605330535676
25095,3.99605330535676
25103,3.99605330535676
25107,3.99605330535676
25110,3.99605330535676
25116,3.99605330535676
25119,3.99605330535676
25123,3.99605330535676
25125,3.99605330535676
25127,3.99605330535676
25128,3.99605330535676
25139,3.99605330535676
25141,3.99605330535676
25144,3.99605330535676
25145,3.99605330535676
25148,3.99605330535676
25153,3.99605330535676
25154,3.99605330535676
25161,3.99605330535676
25167,3.99605330535676
25168,3.99605330535676
25180,3.99605330535676
25185,3.99605330535676
25186,3.99605330535676
25188,3.99605330535676
25190,3.99605330535676
25191,3.99605330535676
25196,3.99605330535676
25202,3.99605330535676
25207,3.99605330535676
25208,3.99605330535676
25213,3.99605330535676
25214,3.99605330535676
25215,3.99605330535676
25216,3.99605330535676
25227,3.99605330535676
25228,3.99605330535676
25229,3.99605330535676
25233,3.99605330535676
25240,3.99605330535676
25260,3.99605330535676
25262,3.99605330535676
25264,3.99605330535676
25267,3.99605330535676
25272,3.99605330535676
25289,3.99605330535676
25293,3.99605330535676
25295,3.99605330535676
25301,3.99605330535676
25302,3.99605330535676
25306,3.99605330535676
25310,3.99605330535676
25311,3.99605330535676
25320,3.99605330535676
25321,3.99605330535676
25332,3.99605330535676
25334,3.99605330535676
25336,3.99605330535676
25340,3.99605330535676
25343,3.99605330535676
25352,3.99605330535676
25354,3.99605330535676
25381,3.99605330535676
25384,3.99605330535676
25385,3.99605330535676
25395,3.99605330535676
25396,3.99605330535676
25410,3.99605330535676
25411,3.99605330535676
25412,3.99605330535676
25421,3.99605330535676
25425,3.99605330535676
25436,3.99605330535676
25442,3.99605330535676
25446,3.99605330535676
25447,3.99605330535676
25450,3.99605330535676
25460,3.99605330535676
25469,3.99605330535676
25471,3.99605330535676
25472,3.99605330535676
25496,3.99605330535676
25501,3.99605330535676
25507,3.99605330535676
25508,3.99605330535676
25511,3.99605330535676
25515,3.99605330535676
25518,3.99605330535676
25524,3.99605330535676
25531,3.99605330535676
25534,3.99605330535676
25535,3.99605330535676
25539,3.99605330535676
25543,3.99605330535676
25546,3.99605330535676
25550,3.99605330535676
25552,3.99605330535676
25556,3.99605330535676
25559,3.99605330535676
25560,3.99605330535676
25565,3.99605330535676
25567,3.99605330535676
25568,3.99605330535676
25570,3.99605330535676
25577,3.99605330535676
25580,3.99605330535676
25583,3.99605330535676
25585,3.99605330535676
25587,3.99605330535676
25592,3.99605330535676
25596,3.99605330535676
25604,3.99605330535676
25605,3.99605330535676
25607,3.99605330535676
25608,3.99605330535676
25611,3.99605330535676
25613,3.99605330535676
25625,3.99605330535676
25626,3.99605330535676
25629,3.99605330535676
25638,3.99605330535676
25639,3.99605330535676
25643,3.99605330535676
25647,3.99605330535676
25658,3.99605330535676
25663,3.99605330535676
25665,3.99605330535676
25667,3.99605330535676
25670,3.99605330535676
25674,3.99605330535676
25676,3.99605330535676
25678,3.99605330535676
25682,3.99605330535676
25685,3.99605330535676
25689,3.99605330535676
25692,3.99605330535676
25703,3.99605330535676
25706,3.99605330535676
25707,3.99605330535676
25729,3.99605330535676
25732,3.99605330535676
25739,3.99605330535676
25742,3.99605330535676
25746,3.99605330535676
25768,3.99605330535676
25769,3.99605330535676
25786,3.99605330535676
25788,3.99605330535676
25789,3.99605330535676
25791,3.99605330535676
25802,3.99605330535676
25810,3.99605330535676
25819,3.99605330535676
25820,3.99605330535676
25826,3.99605330535676
25834,3.99605330535676
25851,3.99605330535676
25852,3.99605330535676
25853,3.99605330535676
25868,3.99605330535676
25884,3.99605330535676
25886,3.99605330535676
25887,3.99605330535676
25897,3.99605330535676
25901,3.99605330535676
25915,3.99605330535676
25920,3.99605330535676
25926,3.99605330535676
25928,3.99605330535676
25931,3.99605330535676
25943,3.99605330535676
25944,3.99605330535676
25945,3.99605330535676
25950,3.99605330535676
25957,3.99605330535676
25958,3.99605330535676
25959,3.99605330535676
25966,3.99605330535676
25968,3.99605330535676
25970,3.99605330535676
25978,3.99605330535676
25979,3.99605330535676
25986,3.99605330535676
25987,3.99605330535676
25988,3.99605330535676
25991,3.99605330535676
26003,3.99605330535676
26005,3.99605330535676
26007,3.99605330535676
26014,3.99605330535676
26017,3.99605330535676
26018,3.99605330535676
26032,3.99605330535676
26043,3.99605330535676
26064,3.99605330535676
26066,3.99605330535676
26067,3.99605330535676
26071,3.99605330535676
26079,3.99605330535676
26083,3.99605330535676
26085,3.99605330535676
26088,3.99605330535676
26090,3.99605330535676
26094,3.99605330535676
26109,3.99605330535676
26113,3.99605330535676
26114,3.99605330535676
26123,3.99605330535676
26125,3.99605330535676
26130,3.99605330535676
26131,3.99605330535676
26134,3.99605330535676
26135,3.99605330535676
26140,3.99605330535676
26148,3.99605330535676
26154,3.99605330535676
26158,3.99605330535676
26161,3.99605330535676
26162,3.99605330535676
26163,3.99605330535676
26173,3.99605330535676
26174,3.99605330535676
26180,3.99605330535676
26186,3.99605330535676
26192,3.99605330535676
26201,3.99605330535676
26211,3.99605330535676
26213,3.99605330535676
26215,3.99605330535676
26227,3.99605330535676
26231,3.99605330535676
26235,3.99605330535676
26244,3.99605330535676
26246,3.99605330535676
26255,3.99605330535676
26261,3.99605330535676
26262,3.99605330535676
26265,3.99605330535676
26271,3.99605330535676
26275,3.99605330535676
26282,3.99605330535676
26288,3.99605330535676
26291,3.99605330535676
26294,3.99605330535676
26298,3.99605330535676
26304,3.99605330535676
26308,3.99605330535676
26311,3.99605330535676
26312,3.99605330535676
26314,3.99605330535676
26315,3.99605330535676
26319,3.99605330535676
26328,3.99605330535676
26342,3.99605330535676
26343,3.99605330535676
26357,3.99605330535676
26374,3.99605330535676
26385,3.99605330535676
26387,3.99605330535676
26393,3.99605330535676
26394,3.99605330535676
26396,3.99605330535676
26419,3.99605330535676
26422,3.99605330535676
26428,3.99605330535676
26435,3.99605330535676
26439,3.99605330535676
26442,3.99605330535676
26446,3.99605330535676
26452,3.99605330535676
26453,3.99605330535676
26454,3.99605330535676
26456,3.99605330535676
26458,3.99605330535676
26460,3.99605330535676
26464,3.99605330535676
26475,3.99605330535676
26478,3.99605330535676
26480,3.99605330535676
26483,3.99605330535676
26484,3.99605330535676
26493,3.99605330535676
26497,3.99605330535676
26498,3.99605330535676
26515,3.99605330535676
26516,3.99605330535676
26521,3.99605330535676
26528,3.99605330535676
26537,3.99605330535676
26543,3.99605330535676
26551,3.99605330535676
26554,3.99605330535676
26556,3.99605330535676
26563,3.99605330535676
26572,3.99605330535676
26573,3.99605330535676
26575,3.99605330535676
26576,3.99605330535676
26585,3.99605330535676
26592,3.99605330535676
26597,3.99605330535676
26604,3.99605330535676
26613,3.99605330535676
26614,3.99605330535676
26627,3.99605330535676
26635,3.99605330535676
26637,3.99605330535676
26639,3.99605330535676
26654,3.99605330535676
26657,3.99605330535676
26660,3.99605330535676
26662,3.99605330535676
26666,3.99605330535676
26669,3.99605330535676
26675,3.99605330535676
26676,3.99605330535676
26677,3.99605330535676
26683,3.99605330535676
26685,3.99605330535676
26688,3.99605330535676
26689,3.99605330535676
26690,3.99605330535676
26691,3.99605330535676
26693,3.99605330535676
26696,3.99605330535676
26705,3.99605330535676
26709,3.99605330535676
26713,3.99605330535676
26714,3.99605330535676
26715,3.99605330535676
26720,3.99605330535676
26728,3.99605330535676
26736,3.99605330535676
26737,3.99605330535676
26741,3.99605330535676
26749,3.99605330535676
26751,3.99605330535676
26753,3.99605330535676
26767,3.99605330535676
26768,3.99605330535676
26772,3.99605330535676
26774,3.99605330535676
26776,3.99605330535676
26781,3.99605330535676
26783,3.99605330535676
26784,3.99605330535676
26794,3.99605330535676
26795,3.99605330535676
26810,3.99605330535676
26816,3.99605330535676
26822,3.99605330535676
26824,3.99605330535676
26829,3.99605330535676
26835,3.99605330535676
26846,3.99605330535676
26847,3.99605330535676
26851,3.99605330535676
26861,3.99605330535676
26881,3.99605330535676
26882,3.99605330535676
26883,3.99605330535676
26884,3.99605330535676
26887,3.99605330535676
26894,3.99605330535676
26898,3.99605330535676
26899,3.99605330535676
26906,3.99605330535676
26907,3.99605330535676
26909,3.99605330535676
26911,3.99605330535676
26913,3.99605330535676
26931,3.99605330535676
26933,3.99605330535676
26942,3.99605330535676
26945,3.99605330535676
26946,3.99605330535676
26948,3.99605330535676
26950,3.99605330535676
26960,3.99605330535676
26965,3.99605330535676
26971,3.99605330535676
26976,3.99605330535676
26984,3.99605330535676
26990,3.99605330535676
26991,3.99605330535676
26994,3.99605330535676
26996,3.99605330535676
27006,3.99605330535676
27020,3.99605330535676
27030,3.99605330535676
27031,3.99605330535676
27032,3.99605330535676
27035,3.99605330535676
27036,3.99605330535676
27042,3.99605330535676
27050,3.99605330535676
27058,3.99605330535676
27064,3.99605330535676
27069,3.99605330535676
27070,3.99605330535676
27072,3.99605330535676
27078,3.99605330535676
27080,3.99605330535676
27085,3.99605330535676
27093,3.99605330535676
27095,3.99605330535676
27097,3.99605330535676
27117,3.99605330535676
27119,3.99605330535676
27124,3.99605330535676
27139,3.99605330535676
27144,3.99605330535676
27147,3.99605330535676
27152,3.99605330535676
27156,3.99605330535676
27164,3.99605330535676
27166,3.99605330535676
27170,3.99605330535676
27171,3.99605330535676
27173,3.99605330535676
27182,3.99605330535676
27187,3.99605330535676
27191,3.99605330535676
27193,3.99605330535676
27200,3.99605330535676
27205,3.99605330535676
27209,3.99605330535676
27212,3.99605330535676
27234,3.99605330535676
27236,3.99605330535676
27242,3.99605330535676
27244,3.99605330535676
27248,3.99605330535676
27249,3.99605330535676
27251,3.99605330535676
27253,3.99605330535676
27272,3.99605330535676
27276,3.99605330535676
27282,3.99605330535676
27292,3.99605330535676
27298,3.99605330535676
27303,3.99605330535676
27304,3.99605330535676
27312,3.99605330535676
27317,3.99605330535676
27318,3.99605330535676
27322,3.99605330535676
27325,3.99605330535676
27328,3.99605330535676
27330,3.99605330535676
27333,3.99605330535676
27335,3.99605330535676
27340,3.99605330535676
27348,3.99605330535676
27349,3.99605330535676
27353,3.99605330535676
27357,3.99605330535676
27360,3.99605330535676
27361,3.99605330535676
27368,3.99605330535676
27378,3.99605330535676
27382,3.99605330535676
27386,3.99605330535676
27387,3.99605330535676
27396,3.99605330535676
27400,3.99605330535676
27407,3.99605330535676
27410,3.99605330535676
27411,3.99605330535676
27431,3.99605330535676
27444,3.99605330535676
27448,3.99605330535676
27449,3.99605330535676
27463,3.99605330535676
27472,3.99605330535676
27473,3.99605330535676
27477,3.99605330535676
27478,3.99605330535676
27493,3.99605330535676
27496,3.99605330535676
27500,3.99605330535676
27511,3.99605330535676
27514,3.99605330535676
27522,3.99605330535676
27526,3.99605330535676
27527,3.99605330535676
27532,3.99605330535676
27544,3.99605330535676
27547,3.99605330535676
27548,3.99605330535676
27552,3.99605330535676
27556,3.99605330535676
27559,3.99605330535676
27561,3.99605330535676
27563,3.99605330535676
27564,3.99605330535676
27565,3.99605330535676
27566,3.99605330535676
27569,3.99605330535676
27574,3.99605330535676
27579,3.99605330535676
27584,3.99605330535676
27585,3.99605330535676
27597,3.99605330535676
27601,3.99605330535676
27604,3.99605330535676
27609,3.99605330535676
27616,3.99605330535676
27617,3.99605330535676
27628,3.99605330535676
27631,3.99605330535676
27633,3.99605330535676
27635,3.99605330535676
27637,3.99605330535676
27639,3.99605330535676
27642,3.99605330535676
27643,3.99605330535676
27646,3.99605330535676
27648,3.99605330535676
27649,3.99605330535676
27650,3.99605330535676
27651,3.99605330535676
27663,3.99605330535676
27670,3.99605330535676
27680,3.99605330535676
27685,3.99605330535676
27690,3.99605330535676
27698,3.99605330535676
27700,3.99605330535676
27701,3.99605330535676
27707,3.99605330535676
27708,3.99605330535676
27709,3.99605330535676
27710,3.99605330535676
27718,3.99605330535676
27721,3.99605330535676
27726,3.99605330535676
27728,3.99605330535676
27734,3.99605330535676
27741,3.99605330535676
27748,3.99605330535676
27751,3.99605330535676
27760,3.99605330535676
27763,3.99605330535676
27774,3.99605330535676
27775,3.99605330535676
27778,3.99605330535676
27787,3.99605330535676
27790,3.99605330535676
27798,3.99605330535676
27800,3.99605330535676
27815,3.99605330535676
27816,3.99605330535676
27818,3.99605330535676
27821,3.99605330535676
27826,3.99605330535676
27832,3.99605330535676
27840,3.99605330535676
27841,3.99605330535676
27842,3.99605330535676
27845,3.99605330535676
27847,3.99605330535676
27858,3.99605330535676
27860,3.99605330535676
27862,3.99605330535676
27865,3.99605330535676
27867,3.99605330535676
27870,3.99605330535676
27885,3.99605330535676
27889,3.99605330535676
27892,3.99605330535676
27900,3.99605330535676
27906,3.99605330535676
27910,3.99605330535676
27916,3.99605330535676
27917,3.99605330535676
27919,3.99605330535676
27922,3.99605330535676
27924,3.99605330535676
27930,3.99605330535676
27931,3.99605330535676
27935,3.99605330535676
27940,3.99605330535676
27941,3.99605330535676
27952,3.99605330535676
27956,3.99605330535676
27957,3.99605330535676
27958,3.99605330535676
27960,3.99605330535676
27962,3.99605330535676
27966,3.99605330535676
27967,3.99605330535676
27971,3.99605330535676
27976,3.99605330535676
27986,3.99605330535676
27993,3.99605330535676
27994,3.99605330535676
27995,3.99605330535676
28005,3.99605330535676
28008,3.99605330535676
28011,3.99605330535676
28016,3.99605330535676
28022,3.99605330535676
28023,3.99605330535676
28028,3.99605330535676
28039,3.99605330535676
28043,3.99605330535676
28045,3.99605330535676
28046,3.99605330535676
28063,3.99605330535676
28065,3.99605330535676
28071,3.99605330535676
28078,3.99605330535676
28085,3.99605330535676
28091,3.99605330535676
28092,3.99605330535676
28099,3.99605330535676
28109,3.99605330535676
28127,3.99605330535676
28136,3.99605330535676
28140,3.99605330535676
28141,3.99605330535676
28154,3.99605330535676
28162,3.99605330535676
28163,3.99605330535676
28164,3.99605330535676
28165,3.99605330535676
28166,3.99605330535676
28171,3.99605330535676
28178,3.99605330535676
28179,3.99605330535676
28185,3.99605330535676
28186,3.99605330535676
28202,3.99605330535676
28208,3.99605330535676
28209,3.99605330535676
28213,3.99605330535676
28215,3.99605330535676
28216,3.99605330535676
28237,3.99605330535676
28245,3.99605330535676
28263,3.99605330535676
28265,3.99605330535676
28266,3.99605330535676
28268,3.99605330535676
28269,3.99605330535676
28273,3.99605330535676
28276,3.99605330535676
28279,3.99605330535676
28281,3.99605330535676
28291,3.99605330535676
28297,3.99605330535676
28303,3.99605330535676
28305,3.99605330535676
28307,3.99605330535676
28309,3.99605330535676
28310,3.99605330535676
28318,3.99605330535676
28320,3.99605330535676
28332,3.99605330535676
28333,3.99605330535676
28336,3.99605330535676
28355,3.99605330535676
28357,3.99605330535676
28366,3.99605330535676
28370,3.99605330535676
28372,3.99605330535676
28379,3.99605330535676
28384,3.99605330535676
28391,3.99605330535676
28395,3.99605330535676
28396,3.99605330535676
28397,3.99605330535676
28402,3.99605330535676
28406,3.99605330535676
28410,3.99605330535676
28413,3.99605330535676
28423,3.99605330535676
28424,3.99605330535676
28427,3.99605330535676
28428,3.99605330535676
28439,3.99605330535676
28440,3.99605330535676
28441,3.99605330535676
28449,3.99605330535676
28453,3.99605330535676
28454,3.99605330535676
28472,3.99605330535676
28478,3.99605330535676
28480,3.99605330535676
28483,3.99605330535676
28494,3.99605330535676
28498,3.99605330535676
28502,3.99605330535676
28505,3.99605330535676
28509,3.99605330535676
28510,3.99605330535676
28511,3.99605330535676
28515,3.99605330535676
28518,3.99605330535676
28520,3.99605330535676
28525,3.99605330535676
28526,3.99605330535676
28529,3.99605330535676
28530,3.99605330535676
28531,3.99605330535676
28533,3.99605330535676
28534,3.99605330535676
28538,3.99605330535676
28544,3.99605330535676
28549,3.99605330535676
28555,3.99605330535676
28559,3.99605330535676
28572,3.99605330535676
28583,3.99605330535676
28589,3.99605330535676
28590,3.99605330535676
28597,3.99605330535676
28603,3.99605330535676
28607,3.99605330535676
28608,3.99605330535676
28612,3.99605330535676
28614,3.99605330535676
28618,3.99605330535676
28621,3.99605330535676
28630,3.99605330535676
28632,3.99605330535676
28633,3.99605330535676
28637,3.99605330535676
28641,3.99605330535676
28652,3.99605330535676
28657,3.99605330535676
28658,3.99605330535676
28675,3.99605330535676
28676,3.99605330535676
28677,3.99605330535676
28680,3.99605330535676
28689,3.99605330535676
28691,3.99605330535676
28693,3.99605330535676
28696,3.99605330535676
28705,3.99605330535676
28707,3.99605330535676
28709,3.99605330535676
28714,3.99605330535676
28723,3.99605330535676
28724,3.99605330535676
28726,3.99605330535676
28728,3.99605330535676
28735,3.99605330535676
28736,3.99605330535676
28737,3.99605330535676
28739,3.99605330535676
28745,3.99605330535676
28747,3.99605330535676
28750,3.99605330535676
28752,3.99605330535676
28757,3.99605330535676
28763,3.99605330535676
28777,3.99605330535676
28781,3.99605330535676
28783,3.99605330535676
28789,3.99605330535676
28795,3.99605330535676
28805,3.99605330535676
28806,3.99605330535676
28807,3.99605330535676
28812,3.99605330535676
28820,3.99605330535676
28821,3.99605330535676
28822,3.99605330535676
28829,3.99605330535676
28835,3.99605330535676
28841,3.99605330535676
28845,3.99605330535676
28847,3.99605330535676
28849,3.99605330535676
28854,3.99605330535676
28856,3.99605330535676
28862,3.99605330535676
28863,3.99605330535676
28866,3.99605330535676
28874,3.99605330535676
28880,3.99605330535676
28881,3.99605330535676
28883,3.99605330535676
28892,3.99605330535676
28901,3.99605330535676
28903,3.99605330535676
28909,3.99605330535676
28911,3.99605330535676
28916,3.99605330535676
28933,3.99605330535676
28941,3.99605330535676
28944,3.99605330535676
28945,3.99605330535676
28949,3.99605330535676
28951,3.99605330535676
28953,3.99605330535676
28956,3.99605330535676
28959,3.99605330535676
28962,3.99605330535676
28968,3.99605330535676
28976,3.99605330535676
28977,3.99605330535676
28978,3.99605330535676
28985,3.99605330535676
28987,3.99605330535676
28988,3.99605330535676
28992,3.99605330535676
28995,3.99605330535676
28998,3.99605330535676
29000,3.99605330535676
29001,3.99605330535676
29002,3.99605330535676
29004,3.99605330535676
29010,3.99605330535676
29014,3.99605330535676
29030,3.99605330535676
29043,3.99605330535676
29060,3.99605330535676
29066,3.99605330535676
29073,3.99605330535676
29074,3.99605330535676
29078,3.99605330535676
29086,3.99605330535676
29087,3.99605330535676
29093,3.99605330535676
29095,3.99605330535676
29098,3.99605330535676
29103,3.99605330535676
29104,3.99605330535676
29106,3.99605330535676
29110,3.99605330535676
29119,3.99605330535676
29128,3.99605330535676
29132,3.99605330535676
29136,3.99605330535676
29139,3.99605330535676
29141,3.99605330535676
29143,3.99605330535676
29144,3.99605330535676
29145,3.99605330535676
29148,3.99605330535676
29162,3.99605330535676
29163,3.99605330535676
29166,3.99605330535676
29171,3.99605330535676
29172,3.99605330535676
29181,3.99605330535676
29188,3.99605330535676
29189,3.99605330535676
29206,3.99605330535676
29208,3.99605330535676
29215,3.99605330535676
29227,3.99605330535676
29236,3.99605330535676
29237,3.99605330535676
29240,3.99605330535676
29245,3.99605330535676
29249,3.99605330535676
29250,3.99605330535676
29252,3.99605330535676
29266,3.99605330535676
29269,3.99605330535676
29275,3.99605330535676
29277,3.99605330535676
29279,3.99605330535676
29280,3.99605330535676
29282,3.99605330535676
29283,3.99605330535676
29290,3.99605330535676
29293,3.99605330535676
29295,3.99605330535676
29306,3.99605330535676
29307,3.99605330535676
29308,3.99605330535676
29311,3.99605330535676
29320,3.99605330535676
29335,3.99605330535676
29336,3.99605330535676
29345,3.99605330535676
29353,3.99605330535676
29355,3.99605330535676
29366,3.99605330535676
29368,3.99605330535676
29376,3.99605330535676
29384,3.99605330535676
29390,3.99605330535676
29392,3.99605330535676
29397,3.99605330535676
29414,3.99605330535676
29424,3.99605330535676
29425,3.99605330535676
29439,3.99605330535676
29447,3.99605330535676
29452,3.99605330535676
29460,3.99605330535676
29461,3.99605330535676
29473,3.99605330535676
29474,3.99605330535676
29482,3.99605330535676
29483,3.99605330535676
29484,3.99605330535676
29485,3.99605330535676
29489,3.99605330535676
29491,3.99605330535676
29496,3.99605330535676
29499,3.99605330535676
29504,3.99605330535676
29506,3.99605330535676
29507,3.99605330535676
29509,3.99605330535676
29511,3.99605330535676
29512,3.99605330535676
29513,3.99605330535676
29516,3.99605330535676
29519,3.99605330535676
29526,3.99605330535676
29527,3.99605330535676
29531,3.99605330535676
29538,3.99605330535676
29539,3.99605330535676
29541,3.99605330535676
29544,3.99605330535676
29546,3.99605330535676
29548,3.99605330535676
29550,3.99605330535676
29551,3.99605330535676
29554,3.99605330535676
29559,3.99605330535676
29560,3.99605330535676
29561,3.99605330535676
29564,3.99605330535676
29573,3.99605330535676
29574,3.99605330535676
29583,3.99605330535676
29585,3.99605330535676
29586,3.99605330535676
29588,3.99605330535676
29592,3.99605330535676
29595,3.99605330535676
29603,3.99605330535676
29609,3.99605330535676
29610,3.99605330535676
29613,3.99605330535676
29646,3.99605330535676
29662,3.99605330535676
29668,3.99605330535676
29671,3.99605330535676
29673,3.99605330535676
29676,3.99605330535676
29692,3.99605330535676
29696,3.99605330535676
29698,3.99605330535676
29700,3.99605330535676
29702,3.99605330535676
29706,3.99605330535676
29707,3.99605330535676
29713,3.99605330535676
29718,3.99605330535676
29720,3.99605330535676
29724,3.99605330535676
29731,3.99605330535676
29748,3.99605330535676
29751,3.99605330535676
29752,3.99605330535676
29755,3.99605330535676
29756,3.99605330535676
29760,3.99605330535676
29761,3.99605330535676
29771,3.99605330535676
29781,3.99605330535676
29782,3.99605330535676
29790,3.99605330535676
29796,3.99605330535676
29797,3.99605330535676
29799,3.99605330535676
29804,3.99605330535676
29806,3.99605330535676
29808,3.99605330535676
29811,3.99605330535676
29818,3.99605330535676
29827,3.99605330535676
29837,3.99605330535676
29840,3.99605330535676
29853,3.99605330535676
29855,3.99605330535676
29858,3.99605330535676
29859,3.99605330535676
29862,3.99605330535676
29866,3.99605330535676
29872,3.99605330535676
29895,3.99605330535676
29898,3.99605330535676
29903,3.99605330535676
29906,3.99605330535676
29910,3.99605330535676
29913,3.99605330535676
29918,3.99605330535676
29922,3.99605330535676
29924,3.99605330535676
29967,3.99605330535676
29977,3.99605330535676
29983,3.99605330535676
29990,3.99605330535676
29995,3.99605330535676
29999,3.99605330535676
30000,3.99605330535676
30003,3.99605330535676
30005,3.99605330535676
30006,3.99605330535676
30007,3.99605330535676
30012,3.99605330535676
30013,3.99605330535676
30018,3.99605330535676
30028,3.99605330535676
30029,3.99605330535676
30034,3.99605330535676
30046,3.99605330535676
30057,3.99605330535676
30065,3.99605330535676
30068,3.99605330535676
30074,3.99605330535676
30075,3.99605330535676
30076,3.99605330535676
30079,3.99605330535676
30089,3.99605330535676
30091,3.99605330535676
30098,3.99605330535676
30106,3.99605330535676
30119,3.99605330535676
30126,3.99605330535676
30128,3.99605330535676
30130,3.99605330535676
30132,3.99605330535676
30136,3.99605330535676
30138,3.99605330535676
30140,3.99605330535676
30141,3.99605330535676
30144,3.99605330535676
30148,3.99605330535676
30149,3.99605330535676
30153,3.99605330535676
30170,3.99605330535676
30172,3.99605330535676
30178,3.99605330535676
30183,3.99605330535676
30186,3.99605330535676
30195,3.99605330535676
30200,3.99605330535676
30203,3.99605330535676
30213,3.99605330535676
30216,3.99605330535676
30223,3.99605330535676
30226,3.99605330535676
30227,3.99605330535676
30231,3.99605330535676
30232,3.99605330535676
30240,3.99605330535676
30242,3.99605330535676
30247,3.99605330535676
30248,3.99605330535676
30250,3.99605330535676
30259,3.99605330535676
30260,3.99605330535676
30261,3.99605330535676
30265,3.99605330535676
30268,3.99605330535676
30272,3.99605330535676
30274,3.99605330535676
30276,3.99605330535676
30286,3.99605330535676
30288,3.99605330535676
30292,3.99605330535676
30300,3.99605330535676
30301,3.99605330535676
30308,3.99605330535676
30314,3.99605330535676
30317,3.99605330535676
30323,3.99605330535676
30324,3.99605330535676
30337,3.99605330535676
30355,3.99605330535676
30359,3.99605330535676
30360,3.99605330535676
30373,3.99605330535676
30383,3.99605330535676
30390,3.99605330535676
30397,3.99605330535676
30398,3.99605330535676
30405,3.99605330535676
30406,3.99605330535676
30407,3.99605330535676
30409,3.99605330535676
30411,3.99605330535676
30412,3.99605330535676
30426,3.99605330535676
30432,3.99605330535676
30433,3.99605330535676
30449,3.99605330535676
30453,3.99605330535676
30456,3.99605330535676
30457,3.99605330535676
30461,3.99605330535676
30465,3.99605330535676
30467,3.99605330535676
30470,3.99605330535676
30475,3.99605330535676
30476,3.99605330535676
30487,3.99605330535676
30501,3.99605330535676
30502,3.99605330535676
30506,3.99605330535676
30508,3.99605330535676
30509,3.99605330535676
30510,3.99605330535676
30512,3.99605330535676
30513,3.99605330535676
30525,3.99605330535676
30526,3.99605330535676
30528,3.99605330535676
30540,3.99605330535676
30541,3.99605330535676
30545,3.99605330535676
30546,3.99605330535676
30552,3.99605330535676
30558,3.99605330535676
30560,3.99605330535676
30565,3.99605330535676
30566,3.99605330535676
30590,3.99605330535676
30594,3.99605330535676
30598,3.99605330535676
30612,3.99605330535676
30625,3.99605330535676
30636,3.99605330535676
30646,3.99605330535676
30650,3.99605330535676
30664,3.99605330535676
30675,3.99605330535676
30681,3.99605330535676
30687,3.99605330535676
30688,3.99605330535676
30693,3.99605330535676
30703,3.99605330535676
30705,3.99605330535676
30708,3.99605330535676
30713,3.99605330535676
30715,3.99605330535676
30734,3.99605330535676
30738,3.99605330535676
30740,3.99605330535676
30748,3.99605330535676
30750,3.99605330535676
30756,3.99605330535676
30763,3.99605330535676
30771,3.99605330535676
30774,3.99605330535676
30781,3.99605330535676
30790,3.99605330535676
30791,3.99605330535676
30799,3.99605330535676
30802,3.99605330535676
30813,3.99605330535676
30820,3.99605330535676
30824,3.99605330535676
30833,3.99605330535676
30837,3.99605330535676
30840,3.99605330535676
30845,3.99605330535676
30846,3.99605330535676
30849,3.99605330535676
30852,3.99605330535676
30862,3.99605330535676
30864,3.99605330535676
30875,3.99605330535676
30879,3.99605330535676
30882,3.99605330535676
30886,3.99605330535676
30888,3.99605330535676
30891,3.99605330535676
30894,3.99605330535676
30899,3.99605330535676
30905,3.99605330535676
30906,3.99605330535676
30913,3.99605330535676
30917,3.99605330535676
30918,3.99605330535676
30920,3.99605330535676
30923,3.99605330535676
30924,3.99605330535676
30932,3.99605330535676
30940,3.99605330535676
30944,3.99605330535676
30947,3.99605330535676
30956,3.99605330535676
30972,3.99605330535676
30976,3.99605330535676
30977,3.99605330535676
30979,3.99605330535676
30987,3.99605330535676
30991,3.99605330535676
30997,3.99605330535676
31002,3.99605330535676
31010,3.99605330535676
31011,3.99605330535676
31012,3.99605330535676
31013,3.99605330535676
31019,3.99605330535676
31021,3.99605330535676
31022,3.99605330535676
31023,3.99605330535676
31036,3.99605330535676
31047,3.99605330535676
31053,3.99605330535676
31054,3.99605330535676
31058,3.99605330535676
31067,3.99605330535676
31082,3.99605330535676
31088,3.99605330535676
31091,3.99605330535676
31092,3.99605330535676
31095,3.99605330535676
31097,3.99605330535676
31111,3.99605330535676
31116,3.99605330535676
31119,3.99605330535676
31140,3.99605330535676
31141,3.99605330535676
31145,3.99605330535676
31146,3.99605330535676
31149,3.99605330535676
31156,3.99605330535676
31159,3.99605330535676
31164,3.99605330535676
31166,3.99605330535676
31175,3.99605330535676
31180,3.99605330535676
31182,3.99605330535676
31195,3.99605330535676
31198,3.99605330535676
31203,3.99605330535676
31205,3.99605330535676
31209,3.99605330535676
31212,3.99605330535676
31215,3.99605330535676
31216,3.99605330535676
31218,3.99605330535676
31223,3.99605330535676
31232,3.99605330535676
31235,3.99605330535676
31241,3.99605330535676
31246,3.99605330535676
31251,3.99605330535676
31257,3.99605330535676
31258,3.99605330535676
31265,3.99605330535676
31272,3.99605330535676
31276,3.99605330535676
31280,3.99605330535676
31281,3.99605330535676
31283,3.99605330535676
31284,3.99605330535676
31291,3.99605330535676
31297,3.99605330535676
31301,3.99605330535676
31305,3.99605330535676
31313,3.99605330535676
31317,3.99605330535676
31321,3.99605330535676
31333,3.99605330535676
31343,3.99605330535676
31347,3.99605330535676
31349,3.99605330535676
31355,3.99605330535676
31357,3.99605330535676
31358,3.99605330535676
31359,3.99605330535676
31372,3.99605330535676
31378,3.99605330535676
31392,3.99605330535676
31397,3.99605330535676
31398,3.99605330535676
31402,3.99605330535676
31408,3.99605330535676
31410,3.99605330535676
31417,3.99605330535676
31418,3.99605330535676
31420,3.99605330535676
31421,3.99605330535676
31427,3.99605330535676
31429,3.99605330535676
31443,3.99605330535676
31454,3.99605330535676
31458,3.99605330535676
31465,3.99605330535676
31469,3.99605330535676
31471,3.99605330535676
31483,3.99605330535676
31492,3.99605330535676
31494,3.99605330535676
31495,3.99605330535676
31498,3.99605330535676
31499,3.99605330535676
31508,3.99605330535676
31513,3.99605330535676
31517,3.99605330535676
31518,3.99605330535676
31527,3.99605330535676
31534,3.99605330535676
31535,3.99605330535676
31536,3.99605330535676
31537,3.99605330535676
31550,3.99605330535676
31555,3.99605330535676
31566,3.99605330535676
31569,3.99605330535676
31574,3.99605330535676
31586,3.99605330535676
31595,3.99605330535676
31600,3.99605330535676
31616,3.99605330535676
31619,3.99605330535676
31621,3.99605330535676
31623,3.99605330535676
31648,3.99605330535676
31649,3.99605330535676
31653,3.99605330535676
31658,3.99605330535676
31669,3.99605330535676
31673,3.99605330535676
31678,3.99605330535676
31683,3.99605330535676
31685,3.99605330535676
31693,3.99605330535676
31695,3.99605330535676
31703,3.99605330535676
31705,3.99605330535676
31707,3.99605330535676
31709,3.99605330535676
31718,3.99605330535676
31722,3.99605330535676
31723,3.99605330535676
31733,3.99605330535676
31735,3.99605330535676
31743,3.99605330535676
31744,3.99605330535676
31745,3.99605330535676
31746,3.99605330535676
31752,3.99605330535676
31757,3.99605330535676
31761,3.99605330535676
31762,3.99605330535676
31766,3.99605330535676
31773,3.99605330535676
31781,3.99605330535676
31790,3.99605330535676
31791,3.99605330535676
31793,3.99605330535676
31797,3.99605330535676
31798,3.99605330535676
31800,3.99605330535676
31810,3.99605330535676
31815,3.99605330535676
31818,3.99605330535676
31821,3.99605330535676
31829,3.99605330535676
31851,3.99605330535676
31852,3.99605330535676
31856,3.99605330535676
31857,3.99605330535676
31861,3.99605330535676
31865,3.99605330535676
31889,3.99605330535676
31895,3.99605330535676
31896,3.99605330535676
31912,3.99605330535676
31914,3.99605330535676
31917,3.99605330535676
31918,3.99605330535676
31922,3.99605330535676
31928,3.99605330535676
31934,3.99605330535676
31951,3.99605330535676
31955,3.99605330535676
31956,3.99605330535676
31963,3.99605330535676
31965,3.99605330535676
31980,3.99605330535676
31983,3.99605330535676
31985,3.99605330535676
31987,3.99605330535676
31993,3.99605330535676
31997,3.99605330535676
31999,3.99605330535676
32001,3.99605330535676
32004,3.99605330535676
32006,3.99605330535676
32007,3.99605330535676
32010,3.99605330535676
32015,3.99605330535676
32019,3.99605330535676
32025,3.99605330535676
32030,3.99605330535676
32031,3.99605330535676
32033,3.99605330535676
32038,3.99605330535676
32041,3.99605330535676
32065,3.99605330535676
32078,3.99605330535676
32081,3.99605330535676
32084,3.99605330535676
32088,3.99605330535676
32110,3.99605330535676
32113,3.99605330535676
32118,3.99605330535676
32121,3.99605330535676
32133,3.99605330535676
32134,3.99605330535676
32139,3.99605330535676
32142,3.99605330535676
32144,3.99605330535676
32151,3.99605330535676
32152,3.99605330535676
32155,3.99605330535676
32156,3.99605330535676
32161,3.99605330535676
32165,3.99605330535676
32173,3.99605330535676
32177,3.99605330535676
32184,3.99605330535676
32186,3.99605330535676
32195,3.99605330535676
32196,3.99605330535676
32207,3.99605330535676
32212,3.99605330535676
32219,3.99605330535676
32221,3.99605330535676
32230,3.99605330535676
32231,3.99605330535676
32232,3.99605330535676
32239,3.99605330535676
32241,3.99605330535676
32245,3.99605330535676
32254,3.99605330535676
32257,3.99605330535676
32266,3.99605330535676
32271,3.99605330535676
32272,3.99605330535676
32277,3.99605330535676
32280,3.99605330535676
32282,3.99605330535676
32287,3.99605330535676
32293,3.99605330535676
32294,3.99605330535676
32299,3.99605330535676
32301,3.99605330535676
32308,3.99605330535676
32309,3.99605330535676
32313,3.99605330535676
32317,3.99605330535676
32325,3.99605330535676
32331,3.99605330535676
32345,3.99605330535676
32347,3.99605330535676
32349,3.99605330535676
32352,3.99605330535676
32355,3.99605330535676
32360,3.99605330535676
32365,3.99605330535676
32376,3.99605330535676
32385,3.99605330535676
32386,3.99605330535676
32393,3.99605330535676
32401,3.99605330535676
32402,3.99605330535676
32406,3.99605330535676
32408,3.99605330535676
32413,3.99605330535676
32416,3.99605330535676
32424,3.99605330535676
32427,3.99605330535676
32428,3.99605330535676
32443,3.99605330535676
32445,3.99605330535676
32446,3.99605330535676
32449,3.99605330535676
32452,3.99605330535676
32455,3.99605330535676
32463,3.99605330535676
32464,3.99605330535676
32473,3.99605330535676
32476,3.99605330535676
32479,3.99605330535676
32480,3.99605330535676
32482,3.99605330535676
32488,3.99605330535676
32500,3.99605330535676
32507,3.99605330535676
32510,3.99605330535676
32513,3.99605330535676
32516,3.99605330535676
32519,3.99605330535676
32524,3.99605330535676
32527,3.99605330535676
32539,3.99605330535676
32544,3.99605330535676
32550,3.99605330535676
32551,3.99605330535676
32554,3.99605330535676
32556,3.99605330535676
32557,3.99605330535676
32561,3.99605330535676
32564,3.99605330535676
32576,3.99605330535676
32579,3.99605330535676
32580,3.99605330535676
32582,3.99605330535676
32590,3.99605330535676
32591,3.99605330535676
32595,3.99605330535676
32597,3.99605330535676
32605,3.99605330535676
32607,3.99605330535676
32621,3.99605330535676
32627,3.99605330535676
32635,3.99605330535676
32636,3.99605330535676
32637,3.99605330535676
32638,3.99605330535676
32645,3.99605330535676
32658,3.99605330535676
32660,3.99605330535676
32662,3.99605330535676
32665,3.99605330535676
32668,3.99605330535676
32674,3.99605330535676
32680,3.99605330535676
32681,3.99605330535676
32689,3.99605330535676
32690,3.99605330535676
32692,3.99605330535676
32696,3.99605330535676
32700,3.99605330535676
32702,3.99605330535676
32705,3.99605330535676
32707,3.99605330535676
32712,3.99605330535676
32715,3.99605330535676
32718,3.99605330535676
32723,3.99605330535676
32726,3.99605330535676
32728,3.99605330535676
32734,3.99605330535676
32735,3.99605330535676
32739,3.99605330535676
32742,3.99605330535676
32748,3.99605330535676
32755,3.99605330535676
32757,3.99605330535676
32768,3.99605330535676
32775,3.99605330535676
32776,3.99605330535676
32780,3.99605330535676
32789,3.99605330535676
32798,3.99605330535676
32799,3.99605330535676
32814,3.99605330535676
32820,3.99605330535676
32824,3.99605330535676
32825,3.99605330535676
32827,3.99605330535676
32828,3.99605330535676
32836,3.99605330535676
32838,3.99605330535676
32843,3.99605330535676
32848,3.99605330535676
32851,3.99605330535676
32852,3.99605330535676
32853,3.99605330535676
32856,3.99605330535676
32868,3.99605330535676
32880,3.99605330535676
32895,3.99605330535676
32896,3.99605330535676
32901,3.99605330535676
32902,3.99605330535676
32917,3.99605330535676
32926,3.99605330535676
32931,3.99605330535676
32933,3.99605330535676
32935,3.99605330535676
32948,3.99605330535676
32954,3.99605330535676
32959,3.99605330535676
32960,3.99605330535676
32977,3.99605330535676
32980,3.99605330535676
32985,3.99605330535676
32986,3.99605330535676
32995,3.99605330535676
33004,3.99605330535676
33006,3.99605330535676
33008,3.99605330535676
33018,3.99605330535676
33028,3.99605330535676
33030,3.99605330535676
33032,3.99605330535676
33035,3.99605330535676
33038,3.99605330535676
33040,3.99605330535676
33046,3.99605330535676
33051,3.99605330535676
33055,3.99605330535676
33063,3.99605330535676
33068,3.99605330535676
33069,3.99605330535676
33087,3.99605330535676
33091,3.99605330535676
33093,3.99605330535676
33096,3.99605330535676
33101,3.99605330535676
33103,3.99605330535676
33106,3.99605330535676
33107,3.99605330535676
33111,3.99605330535676
33120,3.99605330535676
33125,3.99605330535676
33127,3.99605330535676
33129,3.99605330535676
33132,3.99605330535676
33136,3.99605330535676
33141,3.99605330535676
33154,3.99605330535676
33158,3.99605330535676
33162,3.99605330535676
33167,3.99605330535676
33172,3.99605330535676
33178,3.99605330535676
33187,3.99605330535676
33189,3.99605330535676
33192,3.99605330535676
33196,3.99605330535676
33200,3.99605330535676
33206,3.99605330535676
33207,3.99605330535676
33221,3.99605330535676
33224,3.99605330535676
33225,3.99605330535676
33227,3.99605330535676
33228,3.99605330535676
33229,3.99605330535676
33241,3.99605330535676
33252,3.99605330535676
33257,3.99605330535676
33265,3.99605330535676
33271,3.99605330535676
33273,3.99605330535676
33274,3.99605330535676
33284,3.99605330535676
33287,3.99605330535676
33289,3.99605330535676
33292,3.99605330535676
33299,3.99605330535676
33301,3.99605330535676
33315,3.99605330535676
33320,3.99605330535676
33324,3.99605330535676
33325,3.99605330535676
33326,3.99605330535676
33330,3.99605330535676
33338,3.99605330535676
33343,3.99605330535676
33351,3.99605330535676
33356,3.99605330535676
33358,3.99605330535676
33359,3.99605330535676
33369,3.99605330535676
33380,3.99605330535676
33391,3.99605330535676
33398,3.99605330535676
33399,3.99605330535676
33404,3.99605330535676
33405,3.99605330535676
33411,3.99605330535676
33415,3.99605330535676
33437,3.99605330535676
33444,3.99605330535676
33445,3.99605330535676
33452,3.99605330535676
33453,3.99605330535676
33456,3.99605330535676
33464,3.99605330535676
33478,3.99605330535676
33487,3.99605330535676
33491,3.99605330535676
33494,3.99605330535676
33498,3.99605330535676
33501,3.99605330535676
33503,3.99605330535676
33507,3.99605330535676
33511,3.99605330535676
33514,3.99605330535676
33516,3.99605330535676
33517,3.99605330535676
33522,3.99605330535676
33529,3.99605330535676
33532,3.99605330535676
33543,3.99605330535676
33546,3.99605330535676
33558,3.99605330535676
33575,3.99605330535676
33580,3.99605330535676
33586,3.99605330535676
33591,3.99605330535676
33597,3.99605330535676
33601,3.99605330535676
33603,3.99605330535676
33614,3.99605330535676
33622,3.99605330535676
33629,3.99605330535676
33632,3.99605330535676
33649,3.99605330535676
33661,3.99605330535676
33664,3.99605330535676
33665,3.99605330535676
33672,3.99605330535676
33674,3.99605330535676
33677,3.99605330535676
33682,3.99605330535676
33690,3.99605330535676
33693,3.99605330535676
33698,3.99605330535676
33704,3.99605330535676
33706,3.99605330535676
33708,3.99605330535676
33712,3.99605330535676
33716,3.99605330535676
33729,3.99605330535676
33730,3.99605330535676
33741,3.99605330535676
33743,3.99605330535676
33745,3.99605330535676
33759,3.99605330535676
33760,3.99605330535676
33782,3.99605330535676
33785,3.99605330535676
33795,3.99605330535676
33796,3.99605330535676
33803,3.99605330535676
33809,3.99605330535676
33814,3.99605330535676
33832,3.99605330535676
33833,3.99605330535676
33835,3.99605330535676
33838,3.99605330535676
33854,3.99605330535676
33856,3.99605330535676
33860,3.99605330535676
33862,3.99605330535676
33866,3.99605330535676
33875,3.99605330535676
33882,3.99605330535676
33884,3.99605330535676
33886,3.99605330535676
33887,3.99605330535676
33890,3.99605330535676
33895,3.99605330535676
33896,3.99605330535676
33897,3.99605330535676
33904,3.99605330535676
33906,3.99605330535676
33908,3.99605330535676
33913,3.99605330535676
33919,3.99605330535676
33920,3.99605330535676
33927,3.99605330535676
33934,3.99605330535676
33935,3.99605330535676
33954,3.99605330535676
33958,3.99605330535676
33968,3.99605330535676
33974,3.99605330535676
33976,3.99605330535676
33979,3.99605330535676
33980,3.99605330535676
33991,3.99605330535676
33993,3.99605330535676
33995,3.99605330535676
33998,3.99605330535676
34006,3.99605330535676
34010,3.99605330535676
34011,3.99605330535676
34021,3.99605330535676
34024,3.99605330535676
34027,3.99605330535676
34030,3.99605330535676
34048,3.99605330535676
34050,3.99605330535676
34052,3.99605330535676
34056,3.99605330535676
34057,3.99605330535676
34059,3.99605330535676
34063,3.99605330535676
34064,3.99605330535676
34067,3.99605330535676
34068,3.99605330535676
34070,3.99605330535676
34074,3.99605330535676
34075,3.99605330535676
34079,3.99605330535676
34081,3.99605330535676
34091,3.99605330535676
34092,3.99605330535676
34098,3.99605330535676
34100,3.99605330535676
34110,3.99605330535676
34114,3.99605330535676
34115,3.99605330535676
34121,3.99605330535676
34125,3.99605330535676
34127,3.99605330535676
34129,3.99605330535676
34133,3.99605330535676
34137,3.99605330535676
34138,3.99605330535676
34143,3.99605330535676
34153,3.99605330535676
34157,3.99605330535676
34164,3.99605330535676
34165,3.99605330535676
34171,3.99605330535676
34175,3.99605330535676
34176,3.99605330535676
34188,3.99605330535676
34195,3.99605330535676
34202,3.99605330535676
34232,3.99605330535676
34235,3.99605330535676
34236,3.99605330535676
34237,3.99605330535676
34239,3.99605330535676
34242,3.99605330535676
34248,3.99605330535676
34250,3.99605330535676
34252,3.99605330535676
34254,3.99605330535676
34256,3.99605330535676
34263,3.99605330535676
34266,3.99605330535676
34268,3.99605330535676
34269,3.99605330535676
34270,3.99605330535676
34276,3.99605330535676
34291,3.99605330535676
34295,3.99605330535676
34297,3.99605330535676
34302,3.99605330535676
34305,3.99605330535676
34312,3.99605330535676
34313,3.99605330535676
34317,3.99605330535676
34325,3.99605330535676
34328,3.99605330535676
34334,3.99605330535676
34340,3.99605330535676
34343,3.99605330535676
34350,3.99605330535676
34351,3.99605330535676
34354,3.99605330535676
34360,3.99605330535676
34365,3.99605330535676
34372,3.99605330535676
34373,3.99605330535676
34378,3.99605330535676
34385,3.99605330535676
34400,3.99605330535676
34403,3.99605330535676
34408,3.99605330535676
34411,3.99605330535676
34415,3.99605330535676
34421,3.99605330535676
34422,3.99605330535676
34423,3.99605330535676
34427,3.99605330535676
34432,3.99605330535676
34435,3.99605330535676
34443,3.99605330535676
34453,3.99605330535676
34457,3.99605330535676
34460,3.99605330535676
34462,3.99605330535676
34470,3.99605330535676
34473,3.99605330535676
34478,3.99605330535676
34480,3.99605330535676
34481,3.99605330535676
34500,3.99605330535676
34506,3.99605330535676
34507,3.99605330535676
34513,3.99605330535676
34517,3.99605330535676
34519,3.99605330535676
34522,3.99605330535676
34534,3.99605330535676
34535,3.99605330535676
34536,3.99605330535676
34541,3.99605330535676
34543,3.99605330535676
34544,3.99605330535676
34551,3.99605330535676
34553,3.99605330535676
34555,3.99605330535676
34556,3.99605330535676
34557,3.99605330535676
34560,3.99605330535676
34566,3.99605330535676
34567,3.99605330535676
34570,3.99605330535676
34573,3.99605330535676
34582,3.99605330535676
34583,3.99605330535676
34584,3.99605330535676
34587,3.99605330535676
34591,3.99605330535676
34594,3.99605330535676
34595,3.99605330535676
34611,3.99605330535676
34627,3.99605330535676
34628,3.99605330535676
34630,3.99605330535676
34632,3.99605330535676
34634,3.99605330535676
34646,3.99605330535676
34658,3.99605330535676
34660,3.99605330535676
34665,3.99605330535676
34667,3.99605330535676
34669,3.99605330535676
34673,3.99605330535676
34678,3.99605330535676
34679,3.99605330535676
34688,3.99605330535676
34693,3.99605330535676
34703,3.99605330535676
34707,3.99605330535676
34711,3.99605330535676
34718,3.99605330535676
34720,3.99605330535676
34723,3.99605330535676
34725,3.99605330535676
34734,3.99605330535676
34738,3.99605330535676
34748,3.99605330535676
34753,3.99605330535676
34758,3.99605330535676
34761,3.99605330535676
34764,3.99605330535676
34765,3.99605330535676
34767,3.99605330535676
34781,3.99605330535676
34792,3.99605330535676
34796,3.99605330535676
34798,3.99605330535676
34804,3.99605330535676
34806,3.99605330535676
34809,3.99605330535676
34822,3.99605330535676
34825,3.99605330535676
34828,3.99605330535676
34834,3.99605330535676
34837,3.99605330535676
34841,3.99605330535676
34844,3.99605330535676
34845,3.99605330535676
34856,3.99605330535676
34857,3.99605330535676
34859,3.99605330535676
34861,3.99605330535676
34862,3.99605330535676
34873,3.99605330535676
34874,3.99605330535676
34877,3.99605330535676
34880,3.99605330535676
34887,3.99605330535676
34890,3.99605330535676
34897,3.99605330535676
34899,3.99605330535676
34912,3.99605330535676
34917,3.99605330535676
34919,3.99605330535676
34922,3.99605330535676
34923,3.99605330535676
34929,3.99605330535676
34930,3.99605330535676
34936,3.99605330535676
34938,3.99605330535676
34941,3.99605330535676
34942,3.99605330535676
34961,3.99605330535676
34962,3.99605330535676
34972,3.99605330535676
34981,3.99605330535676
34982,3.99605330535676
34985,3.99605330535676
34993,3.99605330535676
34999,3.99605330535676
35015,3.99605330535676
35022,3.99605330535676
35024,3.99605330535676
35026,3.99605330535676
35028,3.99605330535676
35033,3.99605330535676
35034,3.99605330535676
35036,3.99605330535676
35037,3.99605330535676
35040,3.99605330535676
35044,3.99605330535676
35052,3.99605330535676
35054,3.99605330535676
35061,3.99605330535676
35065,3.99605330535676
35072,3.99605330535676
35075,3.99605330535676
35076,3.99605330535676
35088,3.99605330535676
35091,3.99605330535676
35092,3.99605330535676
35093,3.99605330535676
35095,3.99605330535676
35096,3.99605330535676
35099,3.99605330535676
35105,3.99605330535676
35110,3.99605330535676
35113,3.99605330535676
35114,3.99605330535676
35124,3.99605330535676
35128,3.99605330535676
35133,3.99605330535676
35137,3.99605330535676
35140,3.99605330535676
35142,3.99605330535676
35146,3.99605330535676
35148,3.99605330535676
35158,3.99605330535676
35159,3.99605330535676
35171,3.99605330535676
35173,3.99605330535676
35175,3.99605330535676
35176,3.99605330535676
35180,3.99605330535676
35182,3.99605330535676
35189,3.99605330535676
35192,3.99605330535676
35197,3.99605330535676
35202,3.99605330535676
35206,3.99605330535676
35207,3.99605330535676
35213,3.99605330535676
35220,3.99605330535676
35222,3.99605330535676
35223,3.99605330535676
35224,3.99605330535676
35229,3.99605330535676
35232,3.99605330535676
35236,3.99605330535676
35238,3.99605330535676
35239,3.99605330535676
35251,3.99605330535676
35252,3.99605330535676
35269,3.99605330535676
35273,3.99605330535676
35274,3.99605330535676
35281,3.99605330535676
35283,3.99605330535676
35294,3.99605330535676
35304,3.99605330535676
35306,3.99605330535676
35315,3.99605330535676
35321,3.99605330535676
35322,3.99605330535676
35324,3.99605330535676
35329,3.99605330535676
35330,3.99605330535676
35335,3.99605330535676
35336,3.99605330535676
35341,3.99605330535676
35344,3.99605330535676
35354,3.99605330535676
35360,3.99605330535676
35367,3.99605330535676
35368,3.99605330535676
35378,3.99605330535676
35385,3.99605330535676
35391,3.99605330535676
35394,3.99605330535676
35399,3.99605330535676
35402,3.99605330535676
35405,3.99605330535676
35407,3.99605330535676
35414,3.99605330535676
35415,3.99605330535676
35434,3.99605330535676
35438,3.99605330535676
35442,3.99605330535676
35445,3.99605330535676
35447,3.99605330535676
35449,3.99605330535676
35457,3.99605330535676
35462,3.99605330535676
35464,3.99605330535676
35465,3.99605330535676
35470,3.99605330535676
35485,3.99605330535676
35491,3.99605330535676
35501,3.99605330535676
35502,3.99605330535676
35506,3.99605330535676
35518,3.99605330535676
35523,3.99605330535676
35524,3.99605330535676
35529,3.99605330535676
35541,3.99605330535676
35542,3.99605330535676
35543,3.99605330535676
35548,3.99605330535676
35554,3.99605330535676
35560,3.99605330535676
35561,3.99605330535676
35567,3.99605330535676
35571,3.99605330535676
35581,3.99605330535676
35589,3.99605330535676
35596,3.99605330535676
35606,3.99605330535676
35610,3.99605330535676
35613,3.99605330535676
35616,3.99605330535676
35618,3.99605330535676
35619,3.99605330535676
35630,3.99605330535676
35631,3.99605330535676
35642,3.99605330535676
35647,3.99605330535676
35649,3.99605330535676
35659,3.99605330535676
35661,3.99605330535676
35667,3.99605330535676
35680,3.99605330535676
35692,3.99605330535676
35693,3.99605330535676
35696,3.99605330535676
35700,3.99605330535676
35702,3.99605330535676
35706,3.99605330535676
35710,3.99605330535676
35725,3.99605330535676
35731,3.99605330535676
35732,3.99605330535676
35743,3.99605330535676
35744,3.99605330535676
35748,3.99605330535676
35763,3.99605330535676
35766,3.99605330535676
35769,3.99605330535676
35772,3.99605330535676
35775,3.99605330535676
35778,3.99605330535676
35800,3.99605330535676
35801,3.99605330535676
35804,3.99605330535676
35807,3.99605330535676
35812,3.99605330535676
35822,3.99605330535676
35823,3.99605330535676
35831,3.99605330535676
35832,3.99605330535676
35833,3.99605330535676
35834,3.99605330535676
35836,3.99605330535676
35839,3.99605330535676
35846,3.99605330535676
35848,3.99605330535676
35855,3.99605330535676
35857,3.99605330535676
35858,3.99605330535676
35868,3.99605330535676
35875,3.99605330535676
35879,3.99605330535676
35890,3.99605330535676
35891,3.99605330535676
35895,3.99605330535676
35909,3.99605330535676
35915,3.99605330535676
35919,3.99605330535676
35923,3.99605330535676
35924,3.99605330535676
35926,3.99605330535676
35928,3.99605330535676
35929,3.99605330535676
35934,3.99605330535676
35942,3.99605330535676
35947,3.99605330535676
35948,3.99605330535676
35968,3.99605330535676
35971,3.99605330535676
35973,3.99605330535676
35979,3.99605330535676
35981,3.99605330535676
35991,3.99605330535676
35993,3.99605330535676
36001,3.99605330535676
36004,3.99605330535676
36008,3.99605330535676
36011,3.99605330535676
36018,3.99605330535676
36031,3.99605330535676
36033,3.99605330535676
36037,3.99605330535676
36043,3.99605330535676
36045,3.99605330535676
36061,3.99605330535676
36066,3.99605330535676
36068,3.99605330535676
36076,3.99605330535676
36081,3.99605330535676
36087,3.99605330535676
36089,3.99605330535676
36093,3.99605330535676
36103,3.99605330535676
36112,3.99605330535676
36115,3.99605330535676
36116,3.99605330535676
36117,3.99605330535676
36122,3.99605330535676
36127,3.99605330535676
36131,3.99605330535676
36135,3.99605330535676
36137,3.99605330535676
36143,3.99605330535676
36173,3.99605330535676
36184,3.99605330535676
36186,3.99605330535676
36188,3.99605330535676
36190,3.99605330535676
36196,3.99605330535676
36201,3.99605330535676
36202,3.99605330535676
36209,3.99605330535676
36230,3.99605330535676
36244,3.99605330535676
36246,3.99605330535676
36247,3.99605330535676
36248,3.99605330535676
36259,3.99605330535676
36260,3.99605330535676
36265,3.99605330535676
36266,3.99605330535676
36272,3.99605330535676
36277,3.99605330535676
36282,3.99605330535676
36293,3.99605330535676
36295,3.99605330535676
36303,3.99605330535676
36307,3.99605330535676
36310,3.99605330535676
36314,3.99605330535676
36316,3.99605330535676
36317,3.99605330535676
36322,3.99605330535676
36332,3.99605330535676
36333,3.99605330535676
36340,3.99605330535676
36342,3.99605330535676
36344,3.99605330535676
36355,3.99605330535676
36356,3.99605330535676
36357,3.99605330535676
36364,3.99605330535676
36366,3.99605330535676
36371,3.99605330535676
36374,3.99605330535676
36375,3.99605330535676
36376,3.99605330535676
36379,3.99605330535676
36381,3.99605330535676
36386,3.99605330535676
36401,3.99605330535676
36405,3.99605330535676
36411,3.99605330535676
36413,3.99605330535676
36417,3.99605330535676
36422,3.99605330535676
36425,3.99605330535676
36429,3.99605330535676
36432,3.99605330535676
36439,3.99605330535676
36450,3.99605330535676
36462,3.99605330535676
36464,3.99605330535676
36468,3.99605330535676
36469,3.99605330535676
36476,3.99605330535676
36481,3.99605330535676
36482,3.99605330535676
36491,3.99605330535676
36496,3.99605330535676
36499,3.99605330535676
36504,3.99605330535676
36505,3.99605330535676
36511,3.99605330535676
36524,3.99605330535676
36528,3.99605330535676
36532,3.99605330535676
36542,3.99605330535676
36548,3.99605330535676
36549,3.99605330535676
36554,3.99605330535676
36568,3.99605330535676
36569,3.99605330535676
36576,3.99605330535676
36579,3.99605330535676
36580,3.99605330535676
36581,3.99605330535676
36582,3.99605330535676
36590,3.99605330535676
36593,3.99605330535676
36595,3.99605330535676
36598,3.99605330535676
36606,3.99605330535676
36608,3.99605330535676
36609,3.99605330535676
36610,3.99605330535676
36613,3.99605330535676
36615,3.99605330535676
36625,3.99605330535676
36626,3.99605330535676
36627,3.99605330535676
36629,3.99605330535676
36637,3.99605330535676
36647,3.99605330535676
36651,3.99605330535676
36659,3.99605330535676
36662,3.99605330535676
36671,3.99605330535676
36672,3.99605330535676
36687,3.99605330535676
36690,3.99605330535676
36694,3.99605330535676
36701,3.99605330535676
36702,3.99605330535676
36732,3.99605330535676
36735,3.99605330535676
36747,3.99605330535676
36748,3.99605330535676
36759,3.99605330535676
36761,3.99605330535676
36763,3.99605330535676
36773,3.99605330535676
36775,3.99605330535676
36781,3.99605330535676
36784,3.99605330535676
36787,3.99605330535676
36790,3.99605330535676
36796,3.99605330535676
36797,3.99605330535676
36805,3.99605330535676
36814,3.99605330535676
36815,3.99605330535676
36822,3.99605330535676
36825,3.99605330535676
36828,3.99605330535676
36834,3.99605330535676
36838,3.99605330535676
36853,3.99605330535676
36854,3.99605330535676
36855,3.99605330535676
36858,3.99605330535676
36866,3.99605330535676
36868,3.99605330535676
36871,3.99605330535676
36879,3.99605330535676
36880,3.99605330535676
36906,3.99605330535676
36911,3.99605330535676
36914,3.99605330535676
36916,3.99605330535676
36918,3.99605330535676
36924,3.99605330535676
36925,3.99605330535676
36929,3.99605330535676
36935,3.99605330535676
36936,3.99605330535676
36937,3.99605330535676
36940,3.99605330535676
36943,3.99605330535676
36948,3.99605330535676
36954,3.99605330535676
36955,3.99605330535676
36966,3.99605330535676
36973,3.99605330535676
36974,3.99605330535676
36978,3.99605330535676
36982,3.99605330535676
36983,3.99605330535676
36984,3.99605330535676
36985,3.99605330535676
36987,3.99605330535676
36988,3.99605330535676
36994,3.99605330535676
36997,3.99605330535676
37004,3.99605330535676
37006,3.99605330535676
37008,3.99605330535676
37011,3.99605330535676
37016,3.99605330535676
37024,3.99605330535676
37026,3.99605330535676
37036,3.99605330535676
37044,3.99605330535676
37045,3.99605330535676
37046,3.99605330535676
37049,3.99605330535676
37051,3.99605330535676
37062,3.99605330535676
37065,3.99605330535676
37069,3.99605330535676
37071,3.99605330535676
37073,3.99605330535676
37079,3.99605330535676
37088,3.99605330535676
37098,3.99605330535676
37102,3.99605330535676
37107,3.99605330535676
37110,3.99605330535676
37113,3.99605330535676
37114,3.99605330535676
37116,3.99605330535676
37123,3.99605330535676
37125,3.99605330535676
37134,3.99605330535676
37137,3.99605330535676
37141,3.99605330535676
37145,3.99605330535676
37147,3.99605330535676
37148,3.99605330535676
37158,3.99605330535676
37174,3.99605330535676
37175,3.99605330535676
37176,3.99605330535676
37177,3.99605330535676
37181,3.99605330535676
37185,3.99605330535676
37187,3.99605330535676
37196,3.99605330535676
37204,3.99605330535676
37208,3.99605330535676
37212,3.99605330535676
37215,3.99605330535676
37220,3.99605330535676
37225,3.99605330535676
37228,3.99605330535676
37231,3.99605330535676
37235,3.99605330535676
37237,3.99605330535676
37242,3.99605330535676
37246,3.99605330535676
37251,3.99605330535676
37259,3.99605330535676
37263,3.99605330535676
37266,3.99605330535676
37272,3.99605330535676
37274,3.99605330535676
37275,3.99605330535676
37282,3.99605330535676
37285,3.99605330535676
37289,3.99605330535676
37293,3.99605330535676
37295,3.99605330535676
37299,3.99605330535676
37309,3.99605330535676
37327,3.99605330535676
37344,3.99605330535676
37347,3.99605330535676
37352,3.99605330535676
37353,3.99605330535676
37360,3.99605330535676
37380,3.99605330535676
37382,3.99605330535676
37388,3.99605330535676
37392,3.99605330535676
37393,3.99605330535676
37402,3.99605330535676
37404,3.99605330535676
37410,3.99605330535676
37414,3.99605330535676
37419,3.99605330535676
37420,3.99605330535676
37424,3.99605330535676
37438,3.99605330535676
37443,3.99605330535676
37454,3.99605330535676
37457,3.99605330535676
37468,3.99605330535676
37476,3.99605330535676
37491,3.99605330535676
37494,3.99605330535676
37497,3.99605330535676
37500,3.99605330535676
37503,3.99605330535676
37506,3.99605330535676
37523,3.99605330535676
37525,3.99605330535676
37535,3.99605330535676
37538,3.99605330535676
37541,3.99605330535676
37548,3.99605330535676
37550,3.99605330535676
37552,3.99605330535676
37556,3.99605330535676
37573,3.99605330535676
37576,3.99605330535676
37581,3.99605330535676
37593,3.99605330535676
37598,3.99605330535676
37599,3.99605330535676
37611,3.99605330535676
37612,3.99605330535676
37618,3.99605330535676
37619,3.99605330535676
37627,3.99605330535676
37631,3.99605330535676
37632,3.99605330535676
37635,3.99605330535676
37645,3.99605330535676
37646,3.99605330535676
37648,3.99605330535676
37650,3.99605330535676
37651,3.99605330535676
37659,3.99605330535676
37660,3.99605330535676
37677,3.99605330535676
37680,3.99605330535676
37682,3.99605330535676
37683,3.99605330535676
37685,3.99605330535676
37686,3.99605330535676
37688,3.99605330535676
37691,3.99605330535676
37703,3.99605330535676
37704,3.99605330535676
37709,3.99605330535676
37722,3.99605330535676
37728,3.99605330535676
37748,3.99605330535676
37751,3.99605330535676
37757,3.99605330535676
37780,3.99605330535676
37786,3.99605330535676
37787,3.99605330535676
37789,3.99605330535676
37806,3.99605330535676
37807,3.99605330535676
37808,3.99605330535676
37817,3.99605330535676
37820,3.99605330535676
37823,3.99605330535676
37841,3.99605330535676
37844,3.99605330535676
37853,3.99605330535676
37858,3.99605330535676
37861,3.99605330535676
37862,3.99605330535676
37865,3.99605330535676
37876,3.99605330535676
37879,3.99605330535676
37884,3.99605330535676
37889,3.99605330535676
37892,3.99605330535676
37898,3.99605330535676
37900,3.99605330535676
37909,3.99605330535676
37910,3.99605330535676
37911,3.99605330535676
37916,3.99605330535676
37926,3.99605330535676
37937,3.99605330535676
37943,3.99605330535676
37963,3.99605330535676
37965,3.99605330535676
37967,3.99605330535676
37971,3.99605330535676
37976,3.99605330535676
37991,3.99605330535676
37994,3.99605330535676
38002,3.99605330535676
38008,3.99605330535676
38015,3.99605330535676
38018,3.99605330535676
38022,3.99605330535676
38023,3.99605330535676
38024,3.99605330535676
38026,3.99605330535676
38027,3.99605330535676
38031,3.99605330535676
38036,3.99605330535676
38037,3.99605330535676
38039,3.99605330535676
38042,3.99605330535676
38043,3.99605330535676
38045,3.99605330535676
38046,3.99605330535676
38047,3.99605330535676
38051,3.99605330535676
38053,3.99605330535676
38058,3.99605330535676
38069,3.99605330535676
38071,3.99605330535676
38074,3.99605330535676
38083,3.99605330535676
38085,3.99605330535676
38088,3.99605330535676
38094,3.99605330535676
38097,3.99605330535676
38100,3.99605330535676
38101,3.99605330535676
38104,3.99605330535676
38106,3.99605330535676
38117,3.99605330535676
38119,3.99605330535676
38127,3.99605330535676
38132,3.99605330535676
38136,3.99605330535676
38141,3.99605330535676
38145,3.99605330535676
38151,3.99605330535676
38154,3.99605330535676
38156,3.99605330535676
38157,3.99605330535676
38158,3.99605330535676
38165,3.99605330535676
38170,3.99605330535676
38179,3.99605330535676
38183,3.99605330535676
38187,3.99605330535676
38211,3.99605330535676
38212,3.99605330535676
38217,3.99605330535676
38220,3.99605330535676
38223,3.99605330535676
38225,3.99605330535676
38227,3.99605330535676
38239,3.99605330535676
38248,3.99605330535676
38255,3.99605330535676
38258,3.99605330535676
38260,3.99605330535676
38261,3.99605330535676
38264,3.99605330535676
38274,3.99605330535676
38276,3.99605330535676
38280,3.99605330535676
38283,3.99605330535676
38290,3.99605330535676
38291,3.99605330535676
38312,3.99605330535676
38313,3.99605330535676
38321,3.99605330535676
38326,3.99605330535676
38335,3.99605330535676
38339,3.99605330535676
38344,3.99605330535676
38346,3.99605330535676
38357,3.99605330535676
38362,3.99605330535676
38372,3.99605330535676
38380,3.99605330535676
38396,3.99605330535676
38397,3.99605330535676
38400,3.99605330535676
38407,3.99605330535676
38409,3.99605330535676
38413,3.99605330535676
38424,3.99605330535676
38425,3.99605330535676
38426,3.99605330535676
38427,3.99605330535676
38428,3.99605330535676
38437,3.99605330535676
38443,3.99605330535676
38444,3.99605330535676
38447,3.99605330535676
38458,3.99605330535676
38462,3.99605330535676
38473,3.99605330535676
38482,3.99605330535676
38483,3.99605330535676
38486,3.99605330535676
38493,3.99605330535676
38498,3.99605330535676
38499,3.99605330535676
38505,3.99605330535676
38507,3.99605330535676
38508,3.99605330535676
38509,3.99605330535676
38517,3.99605330535676
38527,3.99605330535676
38534,3.99605330535676
38535,3.99605330535676
38546,3.99605330535676
38547,3.99605330535676
38554,3.99605330535676
38556,3.99605330535676
38562,3.99605330535676
38571,3.99605330535676
38572,3.99605330535676
38576,3.99605330535676
38578,3.99605330535676
38579,3.99605330535676
38586,3.99605330535676
38588,3.99605330535676
38589,3.99605330535676
38594,3.99605330535676
38595,3.99605330535676
38598,3.99605330535676
38599,3.99605330535676
38602,3.99605330535676
38607,3.99605330535676
38619,3.99605330535676
38627,3.99605330535676
38632,3.99605330535676
38639,3.99605330535676
38642,3.99605330535676
38662,3.99605330535676
38673,3.99605330535676
38677,3.99605330535676
38682,3.99605330535676
38683,3.99605330535676
38684,3.99605330535676
38693,3.99605330535676
38698,3.99605330535676
38705,3.99605330535676
38711,3.99605330535676
38712,3.99605330535676
38715,3.99605330535676
38717,3.99605330535676
38729,3.99605330535676
38733,3.99605330535676
38736,3.99605330535676
38737,3.99605330535676
38751,3.99605330535676
38759,3.99605330535676
38779,3.99605330535676
38781,3.99605330535676
38783,3.99605330535676
38793,3.99605330535676
38795,3.99605330535676
38801,3.99605330535676
38802,3.99605330535676
38806,3.99605330535676
38807,3.99605330535676
38809,3.99605330535676
38811,3.99605330535676
38822,3.99605330535676
38829,3.99605330535676
38835,3.99605330535676
38845,3.99605330535676
38857,3.99605330535676
38858,3.99605330535676
38862,3.99605330535676
38867,3.99605330535676
38878,3.99605330535676
38887,3.99605330535676
38889,3.99605330535676
38893,3.99605330535676
38896,3.99605330535676
38897,3.99605330535676
38901,3.99605330535676
38908,3.99605330535676
38912,3.99605330535676
38927,3.99605330535676
38929,3.99605330535676
38931,3.99605330535676
38932,3.99605330535676
38936,3.99605330535676
38949,3.99605330535676
38950,3.99605330535676
38952,3.99605330535676
38966,3.99605330535676
38969,3.99605330535676
38974,3.99605330535676
38979,3.99605330535676
38980,3.99605330535676
38981,3.99605330535676
38982,3.99605330535676
38984,3.99605330535676
38992,3.99605330535676
38995,3.99605330535676
39005,3.99605330535676
39018,3.99605330535676
39027,3.99605330535676
39028,3.99605330535676
39034,3.99605330535676
39035,3.99605330535676
39046,3.99605330535676
39052,3.99605330535676
39067,3.99605330535676
39071,3.99605330535676
39075,3.99605330535676
39077,3.99605330535676
39079,3.99605330535676
39086,3.99605330535676
39088,3.99605330535676
39093,3.99605330535676
39094,3.99605330535676
39096,3.99605330535676
39103,3.99605330535676
39110,3.99605330535676
39127,3.99605330535676
39132,3.99605330535676
39146,3.99605330535676
39147,3.99605330535676
39151,3.99605330535676
39152,3.99605330535676
39166,3.99605330535676
39174,3.99605330535676
39179,3.99605330535676
39186,3.99605330535676
39190,3.99605330535676
39196,3.99605330535676
39199,3.99605330535676
39200,3.99605330535676
39212,3.99605330535676
39217,3.99605330535676
39218,3.99605330535676
39223,3.99605330535676
39225,3.99605330535676
39231,3.99605330535676
39233,3.99605330535676
39244,3.99605330535676
39249,3.99605330535676
39251,3.99605330535676
39259,3.99605330535676
39261,3.99605330535676
39267,3.99605330535676
39273,3.99605330535676
39285,3.99605330535676
39288,3.99605330535676
39290,3.99605330535676
39291,3.99605330535676
39298,3.99605330535676
39308,3.99605330535676
39309,3.99605330535676
39311,3.99605330535676
39317,3.99605330535676
39318,3.99605330535676
39326,3.99605330535676
39341,3.99605330535676
39345,3.99605330535676
39350,3.99605330535676
39359,3.99605330535676
39360,3.99605330535676
39363,3.99605330535676
39366,3.99605330535676
39372,3.99605330535676
39374,3.99605330535676
39376,3.99605330535676
39379,3.99605330535676
39381,3.99605330535676
39394,3.99605330535676
39397,3.99605330535676
39401,3.99605330535676
39403,3.99605330535676
39404,3.99605330535676
39412,3.99605330535676
39414,3.99605330535676
39420,3.99605330535676
39423,3.99605330535676
39425,3.99605330535676
39431,3.99605330535676
39432,3.99605330535676
39433,3.99605330535676
39436,3.99605330535676
39441,3.99605330535676
39448,3.99605330535676
39450,3.99605330535676
39452,3.99605330535676
39455,3.99605330535676
39456,3.99605330535676
39458,3.99605330535676
39460,3.99605330535676
39461,3.99605330535676
39470,3.99605330535676
39478,3.99605330535676
39481,3.99605330535676
39490,3.99605330535676
39491,3.99605330535676
39494,3.99605330535676
39495,3.99605330535676
39502,3.99605330535676
39504,3.99605330535676
39511,3.99605330535676
39513,3.99605330535676
39515,3.99605330535676
39522,3.99605330535676
39523,3.99605330535676
39525,3.99605330535676
39528,3.99605330535676
39532,3.99605330535676
39553,3.99605330535676
39554,3.99605330535676
39556,3.99605330535676
39561,3.99605330535676
39565,3.99605330535676
39566,3.99605330535676
39572,3.99605330535676
39573,3.99605330535676
39575,3.99605330535676
39581,3.99605330535676
39591,3.99605330535676
39594,3.99605330535676
39596,3.99605330535676
39598,3.99605330535676
39599,3.99605330535676
39609,3.99605330535676
39625,3.99605330535676
39629,3.99605330535676
39637,3.99605330535676
39652,3.99605330535676
39653,3.99605330535676
39661,3.99605330535676
39665,3.99605330535676
39669,3.99605330535676
39674,3.99605330535676
39676,3.99605330535676
39678,3.99605330535676
39680,3.99605330535676
39682,3.99605330535676
39699,3.99605330535676
39700,3.99605330535676
39701,3.99605330535676
39705,3.99605330535676
39706,3.99605330535676
39708,3.99605330535676
39709,3.99605330535676
39732,3.99605330535676
39735,3.99605330535676
39738,3.99605330535676
39741,3.99605330535676
39755,3.99605330535676
39756,3.99605330535676
39769,3.99605330535676
39770,3.99605330535676
39779,3.99605330535676
39782,3.99605330535676
39783,3.99605330535676
39787,3.99605330535676
39799,3.99605330535676
39823,3.99605330535676
39827,3.99605330535676
39828,3.99605330535676
39832,3.99605330535676
39838,3.99605330535676
39841,3.99605330535676
39846,3.99605330535676
39847,3.99605330535676
39849,3.99605330535676
39863,3.99605330535676
39867,3.99605330535676
39870,3.99605330535676
39872,3.99605330535676
39876,3.99605330535676
39878,3.99605330535676
39881,3.99605330535676
39889,3.99605330535676
39894,3.99605330535676
39898,3.99605330535676
39901,3.99605330535676
39902,3.99605330535676
39910,3.99605330535676
39913,3.99605330535676
39918,3.99605330535676
39919,3.99605330535676
39920,3.99605330535676
39921,3.99605330535676
39922,3.99605330535676
39928,3.99605330535676
39931,3.99605330535676
39936,3.99605330535676
39945,3.99605330535676
39948,3.99605330535676
39951,3.99605330535676
39953,3.99605330535676
39956,3.99605330535676
39958,3.99605330535676
39959,3.99605330535676
39965,3.99605330535676
39970,3.99605330535676
39973,3.99605330535676
39980,3.99605330535676
39989,3.99605330535676
39996,3.99605330535676
40007,3.99605330535676
40024,3.99605330535676
40027,3.99605330535676
40031,3.99605330535676
40032,3.99605330535676
40034,3.99605330535676
40042,3.99605330535676
40043,3.99605330535676
40045,3.99605330535676
40049,3.99605330535676
40056,3.99605330535676
40057,3.99605330535676
40066,3.99605330535676
40073,3.99605330535676
40074,3.99605330535676
40075,3.99605330535676
40088,3.99605330535676
40098,3.99605330535676
40102,3.99605330535676
40104,3.99605330535676
40107,3.99605330535676
40114,3.99605330535676
40130,3.99605330535676
40132,3.99605330535676
40140,3.99605330535676
40152,3.99605330535676
40153,3.99605330535676
40161,3.99605330535676
40170,3.99605330535676
40172,3.99605330535676
40175,3.99605330535676
40181,3.99605330535676
40183,3.99605330535676
40187,3.99605330535676
40189,3.99605330535676
40193,3.99605330535676
40194,3.99605330535676
40198,3.99605330535676
40200,3.99605330535676
40201,3.99605330535676
40204,3.99605330535676
40216,3.99605330535676
40217,3.99605330535676
40218,3.99605330535676
40222,3.99605330535676
40230,3.99605330535676
40241,3.99605330535676
40244,3.99605330535676
40247,3.99605330535676
40260,3.99605330535676
40264,3.99605330535676
40270,3.99605330535676
40273,3.99605330535676
40289,3.99605330535676
40297,3.99605330535676
40298,3.99605330535676
40301,3.99605330535676
40302,3.99605330535676
40308,3.99605330535676
40313,3.99605330535676
40320,3.99605330535676
40325,3.99605330535676
40328,3.99605330535676
40335,3.99605330535676
40338,3.99605330535676
40341,3.99605330535676
40344,3.99605330535676
40345,3.99605330535676
40349,3.99605330535676
40354,3.99605330535676
40359,3.99605330535676
40360,3.99605330535676
40361,3.99605330535676
40364,3.99605330535676
40368,3.99605330535676
40370,3.99605330535676
40373,3.99605330535676
40374,3.99605330535676
40377,3.99605330535676
40383,3.99605330535676
40386,3.99605330535676
40387,3.99605330535676
40403,3.99605330535676
40404,3.99605330535676
40410,3.99605330535676
40412,3.99605330535676
40415,3.99605330535676
40421,3.99605330535676
40426,3.99605330535676
40428,3.99605330535676
40429,3.99605330535676
40447,3.99605330535676
40455,3.99605330535676
40458,3.99605330535676
40463,3.99605330535676
40464,3.99605330535676
40467,3.99605330535676
40469,3.99605330535676
40475,3.99605330535676
40478,3.99605330535676
40482,3.99605330535676
40492,3.99605330535676
40494,3.99605330535676
40498,3.99605330535676
40504,3.99605330535676
40507,3.99605330535676
40508,3.99605330535676
40530,3.99605330535676
40533,3.99605330535676
40545,3.99605330535676
40551,3.99605330535676
40552,3.99605330535676
40554,3.99605330535676
40564,3.99605330535676
40573,3.99605330535676
40585,3.99605330535676
40607,3.99605330535676
40612,3.99605330535676
40613,3.99605330535676
40614,3.99605330535676
40617,3.99605330535676
40619,3.99605330535676
40624,3.99605330535676
40627,3.99605330535676
40650,3.99605330535676
40652,3.99605330535676
40655,3.99605330535676
40660,3.99605330535676
40661,3.99605330535676
40663,3.99605330535676
40670,3.99605330535676
40672,3.99605330535676
40679,3.99605330535676
40687,3.99605330535676
40690,3.99605330535676
40696,3.99605330535676
40698,3.99605330535676
40700,3.99605330535676
40706,3.99605330535676
40708,3.99605330535676
40710,3.99605330535676
40712,3.99605330535676
40718,3.99605330535676
40724,3.99605330535676
40727,3.99605330535676
40728,3.99605330535676
40734,3.99605330535676
40744,3.99605330535676
40749,3.99605330535676
40760,3.99605330535676
40764,3.99605330535676
40766,3.99605330535676
40768,3.99605330535676
40770,3.99605330535676
40782,3.99605330535676
40795,3.99605330535676
40802,3.99605330535676
40805,3.99605330535676
40807,3.99605330535676
40818,3.99605330535676
40821,3.99605330535676
40822,3.99605330535676
40824,3.99605330535676
40837,3.99605330535676
40841,3.99605330535676
40857,3.99605330535676
40859,3.99605330535676
40866,3.99605330535676
40867,3.99605330535676
40879,3.99605330535676
40896,3.99605330535676
40902,3.99605330535676
40917,3.99605330535676
40921,3.99605330535676
40922,3.99605330535676
40923,3.99605330535676
40929,3.99605330535676
40931,3.99605330535676
40932,3.99605330535676
40933,3.99605330535676
40935,3.99605330535676
40937,3.99605330535676
40940,3.99605330535676
40948,3.99605330535676
40956,3.99605330535676
40957,3.99605330535676
40961,3.99605330535676
40969,3.99605330535676
40973,3.99605330535676
40981,3.99605330535676
40994,3.99605330535676
40995,3.99605330535676
41003,3.99605330535676
41008,3.99605330535676
41018,3.99605330535676
41022,3.99605330535676
41039,3.99605330535676
41041,3.99605330535676
41042,3.99605330535676
41044,3.99605330535676
41049,3.99605330535676
41054,3.99605330535676
41063,3.99605330535676
41069,3.99605330535676
41071,3.99605330535676
41074,3.99605330535676
41077,3.99605330535676
41083,3.99605330535676
41085,3.99605330535676
41092,3.99605330535676
41095,3.99605330535676
41096,3.99605330535676
41097,3.99605330535676
41102,3.99605330535676
41104,3.99605330535676
41107,3.99605330535676
41118,3.99605330535676
41122,3.99605330535676
41128,3.99605330535676
41132,3.99605330535676
41136,3.99605330535676
41139,3.99605330535676
41142,3.99605330535676
41145,3.99605330535676
41148,3.99605330535676
41153,3.99605330535676
41159,3.99605330535676
41164,3.99605330535676
41165,3.99605330535676
41167,3.99605330535676
41174,3.99605330535676
41175,3.99605330535676
41192,3.99605330535676
41193,3.99605330535676
41202,3.99605330535676
41204,3.99605330535676
41205,3.99605330535676
41208,3.99605330535676
41212,3.99605330535676
41220,3.99605330535676
41221,3.99605330535676
41224,3.99605330535676
41226,3.99605330535676
41228,3.99605330535676
41239,3.99605330535676
41240,3.99605330535676
41241,3.99605330535676
41242,3.99605330535676
41244,3.99605330535676
41254,3.99605330535676
41257,3.99605330535676
41258,3.99605330535676
41264,3.99605330535676
41266,3.99605330535676
41272,3.99605330535676
41276,3.99605330535676
41283,3.99605330535676
41291,3.99605330535676
41295,3.99605330535676
41300,3.99605330535676
41301,3.99605330535676
41302,3.99605330535676
41317,3.99605330535676
41318,3.99605330535676
41321,3.99605330535676
41326,3.99605330535676
41330,3.99605330535676
41335,3.99605330535676
41338,3.99605330535676
41339,3.99605330535676
41341,3.99605330535676
41352,3.99605330535676
41354,3.99605330535676
41361,3.99605330535676
41364,3.99605330535676
41375,3.99605330535676
41379,3.99605330535676
41384,3.99605330535676
41395,3.99605330535676
41396,3.99605330535676
41404,3.99605330535676
41410,3.99605330535676
41418,3.99605330535676
41421,3.99605330535676
41422,3.99605330535676
41427,3.99605330535676
41428,3.99605330535676
41444,3.99605330535676
41448,3.99605330535676
41450,3.99605330535676
41454,3.99605330535676
41456,3.99605330535676
41462,3.99605330535676
41468,3.99605330535676
41471,3.99605330535676
41474,3.99605330535676
41476,3.99605330535676
41477,3.99605330535676
41478,3.99605330535676
41482,3.99605330535676
41489,3.99605330535676
41490,3.99605330535676
41494,3.99605330535676
41501,3.99605330535676
41503,3.99605330535676
41512,3.99605330535676
41517,3.99605330535676
41518,3.99605330535676
41520,3.99605330535676
41531,3.99605330535676
41532,3.99605330535676
41533,3.99605330535676
41534,3.99605330535676
41536,3.99605330535676
41551,3.99605330535676
41554,3.99605330535676
41557,3.99605330535676
41559,3.99605330535676
41562,3.99605330535676
41571,3.99605330535676
41574,3.99605330535676
41576,3.99605330535676
41577,3.99605330535676
41581,3.99605330535676
41587,3.99605330535676
41589,3.99605330535676
41593,3.99605330535676
41594,3.99605330535676
41611,3.99605330535676
41618,3.99605330535676
41623,3.99605330535676
41637,3.99605330535676
41640,3.99605330535676
41641,3.99605330535676
41643,3.99605330535676
41644,3.99605330535676
41647,3.99605330535676
41650,3.99605330535676
41655,3.99605330535676
41656,3.99605330535676
41662,3.99605330535676
41674,3.99605330535676
41676,3.99605330535676
41687,3.99605330535676
41691,3.99605330535676
41693,3.99605330535676
41696,3.99605330535676
41698,3.99605330535676
41706,3.99605330535676
41708,3.99605330535676
41712,3.99605330535676
41716,3.99605330535676
41729,3.99605330535676
41730,3.99605330535676
41737,3.99605330535676
41744,3.99605330535676
41746,3.99605330535676
41752,3.99605330535676
41757,3.99605330535676
41761,3.99605330535676
41765,3.99605330535676
41766,3.99605330535676
41777,3.99605330535676
41784,3.99605330535676
41787,3.99605330535676
41788,3.99605330535676
41799,3.99605330535676
41804,3.99605330535676
41808,3.99605330535676
41816,3.99605330535676
41817,3.99605330535676
41821,3.99605330535676
41825,3.99605330535676
41826,3.99605330535676
41834,3.99605330535676
41841,3.99605330535676
41843,3.99605330535676
41845,3.99605330535676
41847,3.99605330535676
41849,3.99605330535676
41856,3.99605330535676
41859,3.99605330535676
41868,3.99605330535676
41871,3.99605330535676
41873,3.99605330535676
41880,3.99605330535676
41882,3.99605330535676
41892,3.99605330535676
41893,3.99605330535676
41897,3.99605330535676
41898,3.99605330535676
41902,3.99605330535676
41911,3.99605330535676
41912,3.99605330535676
41925,3.99605330535676
41927,3.99605330535676
41928,3.99605330535676
41948,3.99605330535676
41956,3.99605330535676
41969,3.99605330535676
41973,3.99605330535676
41978,3.99605330535676
41983,3.99605330535676
41985,3.99605330535676
41989,3.99605330535676
41994,3.99605330535676
42006,3.99605330535676
42011,3.99605330535676
42017,3.99605330535676
42020,3.99605330535676
42022,3.99605330535676
42027,3.99605330535676
42028,3.99605330535676
42031,3.99605330535676
42032,3.99605330535676
42041,3.99605330535676
42046,3.99605330535676
42049,3.99605330535676
42051,3.99605330535676
42061,3.99605330535676
42062,3.99605330535676
42063,3.99605330535676
42076,3.99605330535676
42084,3.99605330535676
42093,3.99605330535676
42094,3.99605330535676
42097,3.99605330535676
42104,3.99605330535676
42109,3.99605330535676
42110,3.99605330535676
42112,3.99605330535676
42136,3.99605330535676
42137,3.99605330535676
42141,3.99605330535676
42148,3.99605330535676
42154,3.99605330535676
42165,3.99605330535676
42171,3.99605330535676
42174,3.99605330535676
42175,3.99605330535676
42182,3.99605330535676
42183,3.99605330535676
42190,3.99605330535676
42193,3.99605330535676
42201,3.99605330535676
42202,3.99605330535676
42212,3.99605330535676
42213,3.99605330535676
42216,3.99605330535676
42233,3.99605330535676
42236,3.99605330535676
42252,3.99605330535676
42258,3.99605330535676
42264,3.99605330535676
42272,3.99605330535676
42275,3.99605330535676
42278,3.99605330535676
42280,3.99605330535676
42285,3.99605330535676
42292,3.99605330535676
42306,3.99605330535676
42309,3.99605330535676
42311,3.99605330535676
42314,3.99605330535676
42315,3.99605330535676
42316,3.99605330535676
42320,3.99605330535676
42321,3.99605330535676
42322,3.99605330535676
42335,3.99605330535676
42339,3.99605330535676
42341,3.99605330535676
42345,3.99605330535676
42347,3.99605330535676
42348,3.99605330535676
42361,3.99605330535676
42364,3.99605330535676
42384,3.99605330535676
42392,3.99605330535676
42395,3.99605330535676
42402,3.99605330535676
42405,3.99605330535676
42420,3.99605330535676
42423,3.99605330535676
42430,3.99605330535676
42436,3.99605330535676
42437,3.99605330535676
42438,3.99605330535676
42439,3.99605330535676
42440,3.99605330535676
42445,3.99605330535676
42455,3.99605330535676
42460,3.99605330535676
42462,3.99605330535676
42465,3.99605330535676
42470,3.99605330535676
42474,3.99605330535676
42480,3.99605330535676
42487,3.99605330535676
42490,3.99605330535676
42494,3.99605330535676
42495,3.99605330535676
42496,3.99605330535676
42497,3.99605330535676
42504,3.99605330535676
42507,3.99605330535676
42511,3.99605330535676
42513,3.99605330535676
42516,3.99605330535676
42517,3.99605330535676
42524,3.99605330535676
42536,3.99605330535676
42542,3.99605330535676
42546,3.99605330535676
42560,3.99605330535676
42580,3.99605330535676
42583,3.99605330535676
42586,3.99605330535676
42593,3.99605330535676
42599,3.99605330535676
42605,3.99605330535676
42606,3.99605330535676
42609,3.99605330535676
42613,3.99605330535676
42621,3.99605330535676
42622,3.99605330535676
42629,3.99605330535676
42630,3.99605330535676
42635,3.99605330535676
42641,3.99605330535676
42644,3.99605330535676
42648,3.99605330535676
42657,3.99605330535676
42665,3.99605330535676
42666,3.99605330535676
42671,3.99605330535676
42679,3.99605330535676
42695,3.99605330535676
42699,3.99605330535676
42702,3.99605330535676
42703,3.99605330535676
42704,3.99605330535676
42706,3.99605330535676
42725,3.99605330535676
42731,3.99605330535676
42738,3.99605330535676
42740,3.99605330535676
42746,3.99605330535676
42753,3.99605330535676
42758,3.99605330535676
42760,3.99605330535676
42765,3.99605330535676
42772,3.99605330535676
42773,3.99605330535676
42777,3.99605330535676
42783,3.99605330535676
42784,3.99605330535676
42792,3.99605330535676
42795,3.99605330535676
42796,3.99605330535676
42800,3.99605330535676
42805,3.99605330535676
42819,3.99605330535676
42821,3.99605330535676
42846,3.99605330535676
42853,3.99605330535676
42859,3.99605330535676
42860,3.99605330535676
42863,3.99605330535676
42867,3.99605330535676
42874,3.99605330535676
42889,3.99605330535676
42892,3.99605330535676
42895,3.99605330535676
42898,3.99605330535676
42902,3.99605330535676
42906,3.99605330535676
42919,3.99605330535676
42925,3.99605330535676
42928,3.99605330535676
42937,3.99605330535676
42938,3.99605330535676
42947,3.99605330535676
42962,3.99605330535676
42968,3.99605330535676
42969,3.99605330535676
42974,3.99605330535676
42977,3.99605330535676
42978,3.99605330535676
42979,3.99605330535676
42980,3.99605330535676
42987,3.99605330535676
42991,3.99605330535676
42992,3.99605330535676
43000,3.99605330535676
43001,3.99605330535676
43003,3.99605330535676
43005,3.99605330535676
43007,3.99605330535676
43010,3.99605330535676
43012,3.99605330535676
43014,3.99605330535676
43020,3.99605330535676
43033,3.99605330535676
43034,3.99605330535676
43037,3.99605330535676
43038,3.99605330535676
43042,3.99605330535676
43057,3.99605330535676
43060,3.99605330535676
43069,3.99605330535676
43070,3.99605330535676
43078,3.99605330535676
43079,3.99605330535676
43081,3.99605330535676
43082,3.99605330535676
43085,3.99605330535676
43087,3.99605330535676
43092,3.99605330535676
43096,3.99605330535676
43104,3.99605330535676
43111,3.99605330535676
43125,3.99605330535676
43138,3.99605330535676
43148,3.99605330535676
43152,3.99605330535676
43166,3.99605330535676
43172,3.99605330535676
43177,3.99605330535676
43179,3.99605330535676
43184,3.99605330535676
43188,3.99605330535676
43195,3.99605330535676
43203,3.99605330535676
43206,3.99605330535676
43208,3.99605330535676
43212,3.99605330535676
43218,3.99605330535676
43221,3.99605330535676
43223,3.99605330535676
43232,3.99605330535676
43235,3.99605330535676
43237,3.99605330535676
43240,3.99605330535676
43244,3.99605330535676
43257,3.99605330535676
43262,3.99605330535676
43277,3.99605330535676
43284,3.99605330535676
43294,3.99605330535676
43298,3.99605330535676
43303,3.99605330535676
43307,3.99605330535676
43309,3.99605330535676
43311,3.99605330535676
43312,3.99605330535676
43317,3.99605330535676
43318,3.99605330535676
43320,3.99605330535676
43324,3.99605330535676
43330,3.99605330535676
43333,3.99605330535676
43338,3.99605330535676
43341,3.99605330535676
43345,3.99605330535676
43346,3.99605330535676
43362,3.99605330535676
43368,3.99605330535676
43373,3.99605330535676
43378,3.99605330535676
43379,3.99605330535676
43394,3.99605330535676
43396,3.99605330535676
43398,3.99605330535676
43401,3.99605330535676
43411,3.99605330535676
43412,3.99605330535676
43418,3.99605330535676
43419,3.99605330535676
43421,3.99605330535676
43440,3.99605330535676
43443,3.99605330535676
43444,3.99605330535676
43449,3.99605330535676
43454,3.99605330535676
43457,3.99605330535676
43458,3.99605330535676
43460,3.99605330535676
43462,3.99605330535676
43466,3.99605330535676
43472,3.99605330535676
43489,3.99605330535676
43495,3.99605330535676
43499,3.99605330535676
43504,3.99605330535676
43509,3.99605330535676
43513,3.99605330535676
43514,3.99605330535676
43518,3.99605330535676
43519,3.99605330535676
43527,3.99605330535676
43528,3.99605330535676
43540,3.99605330535676
43544,3.99605330535676
43549,3.99605330535676
43555,3.99605330535676
43556,3.99605330535676
43575,3.99605330535676
43581,3.99605330535676
43583,3.99605330535676
43599,3.99605330535676
43602,3.99605330535676
43612,3.99605330535676
43617,3.99605330535676
43620,3.99605330535676
43621,3.99605330535676
43629,3.99605330535676
43631,3.99605330535676
43635,3.99605330535676
43637,3.99605330535676
43638,3.99605330535676
43639,3.99605330535676
43643,3.99605330535676
43644,3.99605330535676
43649,3.99605330535676
43651,3.99605330535676
43658,3.99605330535676
43659,3.99605330535676
43665,3.99605330535676
43684,3.99605330535676
43685,3.99605330535676
43691,3.99605330535676
43694,3.99605330535676
43698,3.99605330535676
43703,3.99605330535676
43704,3.99605330535676
43705,3.99605330535676
43736,3.99605330535676
43737,3.99605330535676
43743,3.99605330535676
43748,3.99605330535676
43754,3.99605330535676
43757,3.99605330535676
43758,3.99605330535676
43759,3.99605330535676
43760,3.99605330535676
43764,3.99605330535676
43770,3.99605330535676
43772,3.99605330535676
43778,3.99605330535676
43779,3.99605330535676
43783,3.99605330535676
43786,3.99605330535676
43795,3.99605330535676
43804,3.99605330535676
43810,3.99605330535676
43814,3.99605330535676
43824,3.99605330535676
43825,3.99605330535676
43830,3.99605330535676
43833,3.99605330535676
43834,3.99605330535676
43835,3.99605330535676
43837,3.99605330535676
43839,3.99605330535676
43842,3.99605330535676
43846,3.99605330535676
43861,3.99605330535676
43867,3.99605330535676
43878,3.99605330535676
43881,3.99605330535676
43887,3.99605330535676
43888,3.99605330535676
43896,3.99605330535676
43905,3.99605330535676
43906,3.99605330535676
43911,3.99605330535676
43912,3.99605330535676
43915,3.99605330535676
43921,3.99605330535676
43932,3.99605330535676
43937,3.99605330535676
43941,3.99605330535676
43946,3.99605330535676
43953,3.99605330535676
43961,3.99605330535676
43966,3.99605330535676
43967,3.99605330535676
43992,3.99605330535676
44007,3.99605330535676
44008,3.99605330535676
44016,3.99605330535676
44023,3.99605330535676
44029,3.99605330535676
44031,3.99605330535676
44034,3.99605330535676
44037,3.99605330535676
44039,3.99605330535676
44042,3.99605330535676
44049,3.99605330535676
44059,3.99605330535676
44067,3.99605330535676
44086,3.99605330535676
44091,3.99605330535676
44095,3.99605330535676
44108,3.99605330535676
44111,3.99605330535676
44116,3.99605330535676
44126,3.99605330535676
44128,3.99605330535676
44131,3.99605330535676
44139,3.99605330535676
44146,3.99605330535676
44148,3.99605330535676
44149,3.99605330535676
44156,3.99605330535676
44161,3.99605330535676
44165,3.99605330535676
44170,3.99605330535676
44177,3.99605330535676
44179,3.99605330535676
44187,3.99605330535676
44188,3.99605330535676
44211,3.99605330535676
44218,3.99605330535676
44221,3.99605330535676
44240,3.99605330535676
44246,3.99605330535676
44257,3.99605330535676
44266,3.99605330535676
44270,3.99605330535676
44271,3.99605330535676
44274,3.99605330535676
44280,3.99605330535676
44283,3.99605330535676
44285,3.99605330535676
44287,3.99605330535676
44296,3.99605330535676
44297,3.99605330535676
44302,3.99605330535676
44303,3.99605330535676
44306,3.99605330535676
44308,3.99605330535676
44318,3.99605330535676
44323,3.99605330535676
44339,3.99605330535676
44348,3.99605330535676
44351,3.99605330535676
44353,3.99605330535676
44360,3.99605330535676
44380,3.99605330535676
44388,3.99605330535676
44390,3.99605330535676
44399,3.99605330535676
44403,3.99605330535676
44405,3.99605330535676
44410,3.99605330535676
44411,3.99605330535676
44413,3.99605330535676
44416,3.99605330535676
44422,3.99605330535676
44423,3.99605330535676
44424,3.99605330535676
44426,3.99605330535676
44431,3.99605330535676
44432,3.99605330535676
44437,3.99605330535676
44443,3.99605330535676
44445,3.99605330535676
44449,3.99605330535676
44450,3.99605330535676
44458,3.99605330535676
44474,3.99605330535676
44478,3.99605330535676
44479,3.99605330535676
44481,3.99605330535676
44493,3.99605330535676
44509,3.99605330535676
44514,3.99605330535676
44518,3.99605330535676
44525,3.99605330535676
44530,3.99605330535676
44534,3.99605330535676
44537,3.99605330535676
44543,3.99605330535676
44545,3.99605330535676
44549,3.99605330535676
44555,3.99605330535676
44557,3.99605330535676
44560,3.99605330535676
44564,3.99605330535676
44572,3.99605330535676
44579,3.99605330535676
44591,3.99605330535676
44593,3.99605330535676
44594,3.99605330535676
44596,3.99605330535676
44608,3.99605330535676
44609,3.99605330535676
44617,3.99605330535676
44618,3.99605330535676
44621,3.99605330535676
44633,3.99605330535676
44638,3.99605330535676
44641,3.99605330535676
44648,3.99605330535676
44659,3.99605330535676
44664,3.99605330535676
44687,3.99605330535676
44692,3.99605330535676
44693,3.99605330535676
44695,3.99605330535676
44707,3.99605330535676
44709,3.99605330535676
44714,3.99605330535676
44729,3.99605330535676
44731,3.99605330535676
44743,3.99605330535676
44745,3.99605330535676
44746,3.99605330535676
44747,3.99605330535676
44756,3.99605330535676
44764,3.99605330535676
44771,3.99605330535676
44778,3.99605330535676
44787,3.99605330535676
44788,3.99605330535676
44798,3.99605330535676
44799,3.99605330535676
44803,3.99605330535676
44808,3.99605330535676
44814,3.99605330535676
44815,3.99605330535676
44822,3.99605330535676
44827,3.99605330535676
44829,3.99605330535676
44837,3.99605330535676
44842,3.99605330535676
44843,3.99605330535676
44849,3.99605330535676
44851,3.99605330535676
44854,3.99605330535676
44864,3.99605330535676
44868,3.99605330535676
44877,3.99605330535676
44881,3.99605330535676
44882,3.99605330535676
44889,3.99605330535676
44897,3.99605330535676
44899,3.99605330535676
44907,3.99605330535676
44909,3.99605330535676
44911,3.99605330535676
44915,3.99605330535676
44917,3.99605330535676
44925,3.99605330535676
44928,3.99605330535676
44931,3.99605330535676
44932,3.99605330535676
44933,3.99605330535676
44946,3.99605330535676
44951,3.99605330535676
44952,3.99605330535676
44954,3.99605330535676
44955,3.99605330535676
44959,3.99605330535676
44966,3.99605330535676
44972,3.99605330535676
44979,3.99605330535676
44982,3.99605330535676
44990,3.99605330535676
44993,3.99605330535676
45008,3.99605330535676
45011,3.99605330535676
45017,3.99605330535676
45019,3.99605330535676
45024,3.99605330535676
45031,3.99605330535676
45033,3.99605330535676
45034,3.99605330535676
45041,3.99605330535676
45049,3.99605330535676
45050,3.99605330535676
45051,3.99605330535676
45053,3.99605330535676
45093,3.99605330535676
45094,3.99605330535676
45100,3.99605330535676
45104,3.99605330535676
45107,3.99605330535676
45109,3.99605330535676
45114,3.99605330535676
45116,3.99605330535676
45136,3.99605330535676
45144,3.99605330535676
45157,3.99605330535676
45160,3.99605330535676
45167,3.99605330535676
45178,3.99605330535676
45196,3.99605330535676
45200,3.99605330535676
45201,3.99605330535676
45209,3.99605330535676
45212,3.99605330535676
45214,3.99605330535676
45219,3.99605330535676
45221,3.99605330535676
45225,3.99605330535676
45226,3.99605330535676
45232,3.99605330535676
45245,3.99605330535676
45248,3.99605330535676
45253,3.99605330535676
45262,3.99605330535676
45265,3.99605330535676
45281,3.99605330535676
45283,3.99605330535676
45300,3.99605330535676
45303,3.99605330535676
45314,3.99605330535676
45316,3.99605330535676
45317,3.99605330535676
45322,3.99605330535676
45324,3.99605330535676
45325,3.99605330535676
45332,3.99605330535676
45338,3.99605330535676
45344,3.99605330535676
45350,3.99605330535676
45353,3.99605330535676
45357,3.99605330535676
45358,3.99605330535676
45363,3.99605330535676
45368,3.99605330535676
45374,3.99605330535676
45375,3.99605330535676
45391,3.99605330535676
45399,3.99605330535676
45403,3.99605330535676
45404,3.99605330535676
45406,3.99605330535676
45408,3.99605330535676
45410,3.99605330535676
45411,3.99605330535676
45412,3.99605330535676
45422,3.99605330535676
45433,3.99605330535676
45434,3.99605330535676
45437,3.99605330535676
45441,3.99605330535676
45445,3.99605330535676
45447,3.99605330535676
45459,3.99605330535676
45462,3.99605330535676
45465,3.99605330535676
45473,3.99605330535676
45487,3.99605330535676
45490,3.99605330535676
45491,3.99605330535676
45492,3.99605330535676
45493,3.99605330535676
45499,3.99605330535676
45511,3.99605330535676
45520,3.99605330535676
45527,3.99605330535676
45530,3.99605330535676
45531,3.99605330535676
45535,3.99605330535676
45538,3.99605330535676
45540,3.99605330535676
45543,3.99605330535676
45547,3.99605330535676
45551,3.99605330535676
45552,3.99605330535676
45567,3.99605330535676
45569,3.99605330535676
45574,3.99605330535676
45590,3.99605330535676
45596,3.99605330535676
45598,3.99605330535676
45608,3.99605330535676
45616,3.99605330535676
45618,3.99605330535676
45619,3.99605330535676
45621,3.99605330535676
45622,3.99605330535676
45625,3.99605330535676
45627,3.99605330535676
45647,3.99605330535676
45648,3.99605330535676
45657,3.99605330535676
45659,3.99605330535676
45660,3.99605330535676
45670,3.99605330535676
45675,3.99605330535676
45678,3.99605330535676
45679,3.99605330535676
45682,3.99605330535676
45692,3.99605330535676
45697,3.99605330535676
45699,3.99605330535676
45705,3.99605330535676
45718,3.99605330535676
45721,3.99605330535676
45724,3.99605330535676
45727,3.99605330535676
45729,3.99605330535676
45739,3.99605330535676
45741,3.99605330535676
45744,3.99605330535676
45749,3.99605330535676
45752,3.99605330535676
45755,3.99605330535676
45758,3.99605330535676
45759,3.99605330535676
45774,3.99605330535676
45788,3.99605330535676
45789,3.99605330535676
45792,3.99605330535676
45794,3.99605330535676
45810,3.99605330535676
45817,3.99605330535676
45827,3.99605330535676
45833,3.99605330535676
45834,3.99605330535676
45839,3.99605330535676
45846,3.99605330535676
45849,3.99605330535676
45850,3.99605330535676
45853,3.99605330535676
45857,3.99605330535676
45862,3.99605330535676
45864,3.99605330535676
45866,3.99605330535676
45872,3.99605330535676
45874,3.99605330535676
45882,3.99605330535676
45890,3.99605330535676
45892,3.99605330535676
45893,3.99605330535676
45894,3.99605330535676
45900,3.99605330535676
45912,3.99605330535676
45915,3.99605330535676
45932,3.99605330535676
45937,3.99605330535676
45938,3.99605330535676
45942,3.99605330535676
45945,3.99605330535676
45949,3.99605330535676
45953,3.99605330535676
45955,3.99605330535676
45957,3.99605330535676
45970,3.99605330535676
45981,3.99605330535676
45987,3.99605330535676
45998,3.99605330535676
45999,3.99605330535676
46014,3.99605330535676
46021,3.99605330535676
46022,3.99605330535676
46030,3.99605330535676
46032,3.99605330535676
46041,3.99605330535676
46043,3.99605330535676
46045,3.99605330535676
46050,3.99605330535676
46052,3.99605330535676
46057,3.99605330535676
46059,3.99605330535676
46068,3.99605330535676
46070,3.99605330535676
46071,3.99605330535676
46075,3.99605330535676
46078,3.99605330535676
46079,3.99605330535676
46086,3.99605330535676
46102,3.99605330535676
46114,3.99605330535676
46115,3.99605330535676
46123,3.99605330535676
46126,3.99605330535676
46127,3.99605330535676
46128,3.99605330535676
46131,3.99605330535676
46134,3.99605330535676
46135,3.99605330535676
46139,3.99605330535676
46144,3.99605330535676
46146,3.99605330535676
46152,3.99605330535676
46156,3.99605330535676
46158,3.99605330535676
46160,3.99605330535676
46161,3.99605330535676
46162,3.99605330535676
46168,3.99605330535676
46175,3.99605330535676
46182,3.99605330535676
46185,3.99605330535676
46204,3.99605330535676
46206,3.99605330535676
46207,3.99605330535676
46209,3.99605330535676
46216,3.99605330535676
46220,3.99605330535676
46230,3.99605330535676
46236,3.99605330535676
46252,3.99605330535676
46254,3.99605330535676
46255,3.99605330535676
46257,3.99605330535676
46258,3.99605330535676
46268,3.99605330535676
46269,3.99605330535676
46274,3.99605330535676
46275,3.99605330535676
46279,3.99605330535676
46280,3.99605330535676
46292,3.99605330535676
46299,3.99605330535676
46309,3.99605330535676
46312,3.99605330535676
46324,3.99605330535676
46329,3.99605330535676
46352,3.99605330535676
46353,3.99605330535676
46361,3.99605330535676
46367,3.99605330535676
46370,3.99605330535676
46372,3.99605330535676
46377,3.99605330535676
46397,3.99605330535676
46402,3.99605330535676
46406,3.99605330535676
46407,3.99605330535676
46409,3.99605330535676
46410,3.99605330535676
46420,3.99605330535676
46421,3.99605330535676
46422,3.99605330535676
46427,3.99605330535676
46430,3.99605330535676
46434,3.99605330535676
46438,3.99605330535676
46448,3.99605330535676
46451,3.99605330535676
46456,3.99605330535676
46473,3.99605330535676
46486,3.99605330535676
46489,3.99605330535676
46490,3.99605330535676
46495,3.99605330535676
46504,3.99605330535676
46505,3.99605330535676
46509,3.99605330535676
46513,3.99605330535676
46528,3.99605330535676
46529,3.99605330535676
46533,3.99605330535676
46534,3.99605330535676
46543,3.99605330535676
46554,3.99605330535676
46555,3.99605330535676
46557,3.99605330535676
46558,3.99605330535676
46561,3.99605330535676
46567,3.99605330535676
46571,3.99605330535676
46576,3.99605330535676
46579,3.99605330535676
46584,3.99605330535676
46590,3.99605330535676
46620,3.99605330535676
46628,3.99605330535676
46633,3.99605330535676
46634,3.99605330535676
46637,3.99605330535676
46649,3.99605330535676
46656,3.99605330535676
46663,3.99605330535676
46665,3.99605330535676
46668,3.99605330535676
46676,3.99605330535676
46682,3.99605330535676
46687,3.99605330535676
46690,3.99605330535676
46691,3.99605330535676
46698,3.99605330535676
46703,3.99605330535676
46717,3.99605330535676
46720,3.99605330535676
46728,3.99605330535676
46740,3.99605330535676
46743,3.99605330535676
46752,3.99605330535676
46754,3.99605330535676
46756,3.99605330535676
46760,3.99605330535676
46763,3.99605330535676
46764,3.99605330535676
46768,3.99605330535676
46771,3.99605330535676
46783,3.99605330535676
46787,3.99605330535676
46789,3.99605330535676
46798,3.99605330535676
46801,3.99605330535676
46803,3.99605330535676
46811,3.99605330535676
46818,3.99605330535676
46822,3.99605330535676
46824,3.99605330535676
46831,3.99605330535676
46837,3.99605330535676
46840,3.99605330535676
46846,3.99605330535676
46853,3.99605330535676
46863,3.99605330535676
46870,3.99605330535676
46871,3.99605330535676
46884,3.99605330535676
46888,3.99605330535676
46890,3.99605330535676
46903,3.99605330535676
46911,3.99605330535676
46914,3.99605330535676
46924,3.99605330535676
46930,3.99605330535676
46932,3.99605330535676
46941,3.99605330535676
46956,3.99605330535676
46959,3.99605330535676
46965,3.99605330535676
46968,3.99605330535676
46969,3.99605330535676
46972,3.99605330535676
46973,3.99605330535676
46997,3.99605330535676
47008,3.99605330535676
47012,3.99605330535676
47020,3.99605330535676
47029,3.99605330535676
47033,3.99605330535676
47034,3.99605330535676
47037,3.99605330535676
47039,3.99605330535676
47042,3.99605330535676
47045,3.99605330535676
47047,3.99605330535676
47049,3.99605330535676
47050,3.99605330535676
47055,3.99605330535676
47057,3.99605330535676
47062,3.99605330535676
47068,3.99605330535676
47072,3.99605330535676
47074,3.99605330535676
47082,3.99605330535676
47090,3.99605330535676
47092,3.99605330535676
47100,3.99605330535676
47103,3.99605330535676
47110,3.99605330535676
47118,3.99605330535676
47130,3.99605330535676
47131,3.99605330535676
47133,3.99605330535676
47138,3.99605330535676
47146,3.99605330535676
47148,3.99605330535676
47154,3.99605330535676
47161,3.99605330535676
47165,3.99605330535676
47175,3.99605330535676
47177,3.99605330535676
47179,3.99605330535676
47185,3.99605330535676
47186,3.99605330535676
47205,3.99605330535676
47210,3.99605330535676
47211,3.99605330535676
47218,3.99605330535676
47219,3.99605330535676
47224,3.99605330535676
47229,3.99605330535676
47244,3.99605330535676
47251,3.99605330535676
47254,3.99605330535676
47257,3.99605330535676
47258,3.99605330535676
47265,3.99605330535676
47273,3.99605330535676
47285,3.99605330535676
47288,3.99605330535676
47290,3.99605330535676
47307,3.99605330535676
47310,3.99605330535676
47313,3.99605330535676
47314,3.99605330535676
47317,3.99605330535676
47320,3.99605330535676
47321,3.99605330535676
47325,3.99605330535676
47328,3.99605330535676
47338,3.99605330535676
47340,3.99605330535676
47352,3.99605330535676
47364,3.99605330535676
47365,3.99605330535676
47373,3.99605330535676
47374,3.99605330535676
47380,3.99605330535676
47382,3.99605330535676
47384,3.99605330535676
47390,3.99605330535676
47391,3.99605330535676
47399,3.99605330535676
47403,3.99605330535676
47409,3.99605330535676
47410,3.99605330535676
47419,3.99605330535676
47420,3.99605330535676
47422,3.99605330535676
47425,3.99605330535676
47431,3.99605330535676
47436,3.99605330535676
47449,3.99605330535676
47450,3.99605330535676
47456,3.99605330535676
47458,3.99605330535676
47466,3.99605330535676
47470,3.99605330535676
47482,3.99605330535676
47487,3.99605330535676
47502,3.99605330535676
47512,3.99605330535676
47513,3.99605330535676
47514,3.99605330535676
47515,3.99605330535676
47516,3.99605330535676
47524,3.99605330535676
47535,3.99605330535676
47539,3.99605330535676
47542,3.99605330535676
47544,3.99605330535676
47548,3.99605330535676
47551,3.99605330535676
47554,3.99605330535676
47557,3.99605330535676
47562,3.99605330535676
47571,3.99605330535676
47577,3.99605330535676
47578,3.99605330535676
47579,3.99605330535676
47581,3.99605330535676
47582,3.99605330535676
47597,3.99605330535676
47598,3.99605330535676
47606,3.99605330535676
47607,3.99605330535676
47613,3.99605330535676
47627,3.99605330535676
47629,3.99605330535676
47639,3.99605330535676
47652,3.99605330535676
47657,3.99605330535676
47658,3.99605330535676
47661,3.99605330535676
47667,3.99605330535676
47670,3.99605330535676
47673,3.99605330535676
47674,3.99605330535676
47676,3.99605330535676
47681,3.99605330535676
47686,3.99605330535676
47688,3.99605330535676
47691,3.99605330535676
47696,3.99605330535676
47702,3.99605330535676
47742,3.99605330535676
47744,3.99605330535676
47745,3.99605330535676
47746,3.99605330535676
47747,3.99605330535676
47748,3.99605330535676
47749,3.99605330535676
47752,3.99605330535676
47755,3.99605330535676
47758,3.99605330535676
47765,3.99605330535676
47766,3.99605330535676
47768,3.99605330535676
47770,3.99605330535676
47772,3.99605330535676
47780,3.99605330535676
47781,3.99605330535676
47789,3.99605330535676
47792,3.99605330535676
47794,3.99605330535676
47806,3.99605330535676
47809,3.99605330535676
47812,3.99605330535676
47814,3.99605330535676
47830,3.99605330535676
47831,3.99605330535676
47834,3.99605330535676
47835,3.99605330535676
47836,3.99605330535676
47837,3.99605330535676
47850,3.99605330535676
47860,3.99605330535676
47883,3.99605330535676
47887,3.99605330535676
47888,3.99605330535676
47889,3.99605330535676
47891,3.99605330535676
47894,3.99605330535676
47895,3.99605330535676
47899,3.99605330535676
47900,3.99605330535676
47904,3.99605330535676
47911,3.99605330535676
47926,3.99605330535676
47955,3.99605330535676
47961,3.99605330535676
47970,3.99605330535676
47974,3.99605330535676
47978,3.99605330535676
47982,3.99605330535676
47983,3.99605330535676
47991,3.99605330535676
47993,3.99605330535676
48005,3.99605330535676
48006,3.99605330535676
48007,3.99605330535676
48010,3.99605330535676
48011,3.99605330535676
48016,3.99605330535676
48020,3.99605330535676
48026,3.99605330535676
48034,3.99605330535676
48036,3.99605330535676
48038,3.99605330535676
48042,3.99605330535676
48044,3.99605330535676
48050,3.99605330535676
48054,3.99605330535676
48060,3.99605330535676
48061,3.99605330535676
48067,3.99605330535676
48073,3.99605330535676
48074,3.99605330535676
48082,3.99605330535676
48083,3.99605330535676
48084,3.99605330535676
48085,3.99605330535676
48092,3.99605330535676
48114,3.99605330535676
48116,3.99605330535676
48118,3.99605330535676
48133,3.99605330535676
48135,3.99605330535676
48136,3.99605330535676
48140,3.99605330535676
48144,3.99605330535676
48147,3.99605330535676
48155,3.99605330535676
48162,3.99605330535676
48164,3.99605330535676
48180,3.99605330535676
48184,3.99605330535676
48185,3.99605330535676
48202,3.99605330535676
48219,3.99605330535676
48222,3.99605330535676
48223,3.99605330535676
48224,3.99605330535676
48226,3.99605330535676
48233,3.99605330535676
48234,3.99605330535676
48236,3.99605330535676
48243,3.99605330535676
48249,3.99605330535676
48250,3.99605330535676
48253,3.99605330535676
48256,3.99605330535676
48258,3.99605330535676
48267,3.99605330535676
48273,3.99605330535676
48274,3.99605330535676
48282,3.99605330535676
48286,3.99605330535676
48287,3.99605330535676
48290,3.99605330535676
48291,3.99605330535676
48295,3.99605330535676
48299,3.99605330535676
48306,3.99605330535676
48307,3.99605330535676
48311,3.99605330535676
48315,3.99605330535676
48322,3.99605330535676
48340,3.99605330535676
48345,3.99605330535676
48348,3.99605330535676
48350,3.99605330535676
48352,3.99605330535676
48356,3.99605330535676
48357,3.99605330535676
48360,3.99605330535676
48362,3.99605330535676
48367,3.99605330535676
48372,3.99605330535676
48374,3.99605330535676
48380,3.99605330535676
48381,3.99605330535676
48386,3.99605330535676
48393,3.99605330535676
48396,3.99605330535676
48401,3.99605330535676
48403,3.99605330535676
48407,3.99605330535676
48414,3.99605330535676
48421,3.99605330535676
48427,3.99605330535676
48434,3.99605330535676
48445,3.99605330535676
48448,3.99605330535676
48453,3.99605330535676
48456,3.99605330535676
48457,3.99605330535676
48458,3.99605330535676
48470,3.99605330535676
48472,3.99605330535676
48489,3.99605330535676
48495,3.99605330535676
48496,3.99605330535676
48503,3.99605330535676
48509,3.99605330535676
48517,3.99605330535676
48521,3.99605330535676
48523,3.99605330535676
48524,3.99605330535676
48530,3.99605330535676
48531,3.99605330535676
48532,3.99605330535676
48535,3.99605330535676
48542,3.99605330535676
48543,3.99605330535676
48556,3.99605330535676
48562,3.99605330535676
48564,3.99605330535676
48565,3.99605330535676
48573,3.99605330535676
48575,3.99605330535676
48582,3.99605330535676
48583,3.99605330535676
48586,3.99605330535676
48587,3.99605330535676
48599,3.99605330535676
48606,3.99605330535676
48614,3.99605330535676
48622,3.99605330535676
48628,3.99605330535676
48629,3.99605330535676
48632,3.99605330535676
48633,3.99605330535676
48643,3.99605330535676
48653,3.99605330535676
48655,3.99605330535676
48661,3.99605330535676
48664,3.99605330535676
48674,3.99605330535676
48682,3.99605330535676
48684,3.99605330535676
48685,3.99605330535676
48686,3.99605330535676
48689,3.99605330535676
48693,3.99605330535676
48699,3.99605330535676
48705,3.99605330535676
48707,3.99605330535676
48714,3.99605330535676
48722,3.99605330535676
48726,3.99605330535676
48727,3.99605330535676
48730,3.99605330535676
48732,3.99605330535676
48737,3.99605330535676
48740,3.99605330535676
48745,3.99605330535676
48751,3.99605330535676
48752,3.99605330535676
48754,3.99605330535676
48756,3.99605330535676
48757,3.99605330535676
48766,3.99605330535676
48771,3.99605330535676
48784,3.99605330535676
48787,3.99605330535676
48790,3.99605330535676
48793,3.99605330535676
48800,3.99605330535676
48807,3.99605330535676
48810,3.99605330535676
48812,3.99605330535676
48815,3.99605330535676
48818,3.99605330535676
48820,3.99605330535676
48822,3.99605330535676
48834,3.99605330535676
48843,3.99605330535676
48851,3.99605330535676
48864,3.99605330535676
48878,3.99605330535676
48889,3.99605330535676
48893,3.99605330535676
48897,3.99605330535676
48903,3.99605330535676
48917,3.99605330535676
48922,3.99605330535676
48932,3.99605330535676
48943,3.99605330535676
48950,3.99605330535676
48951,3.99605330535676
48956,3.99605330535676
48964,3.99605330535676
48975,3.99605330535676
48977,3.99605330535676
48980,3.99605330535676
48983,3.99605330535676
48985,3.99605330535676
48986,3.99605330535676
48991,3.99605330535676
48997,3.99605330535676
49000,3.99605330535676
49001,3.99605330535676
49004,3.99605330535676
49010,3.99605330535676
49011,3.99605330535676
49015,3.99605330535676
49016,3.99605330535676
49018,3.99605330535676
49039,3.99605330535676
49040,3.99605330535676
49043,3.99605330535676
49053,3.99605330535676
49060,3.99605330535676
49063,3.99605330535676
49067,3.99605330535676
49069,3.99605330535676
49080,3.99605330535676
49086,3.99605330535676
49087,3.99605330535676
49092,3.99605330535676
49093,3.99605330535676
49098,3.99605330535676
49101,3.99605330535676
49102,3.99605330535676
49107,3.99605330535676
49111,3.99605330535676
49117,3.99605330535676
49121,3.99605330535676
49124,3.99605330535676
49126,3.99605330535676
49128,3.99605330535676
49129,3.99605330535676
49135,3.99605330535676
49136,3.99605330535676
49143,3.99605330535676
49144,3.99605330535676
49148,3.99605330535676
49151,3.99605330535676
49155,3.99605330535676
49158,3.99605330535676
49159,3.99605330535676
49169,3.99605330535676
49172,3.99605330535676
49179,3.99605330535676
49180,3.99605330535676
49189,3.99605330535676
49190,3.99605330535676
49195,3.99605330535676
49197,3.99605330535676
49205,3.99605330535676
49207,3.99605330535676
49215,3.99605330535676
49221,3.99605330535676
49223,3.99605330535676
49229,3.99605330535676
49238,3.99605330535676
49239,3.99605330535676
49246,3.99605330535676
49247,3.99605330535676
49251,3.99605330535676
49252,3.99605330535676
49264,3.99605330535676
49265,3.99605330535676
49269,3.99605330535676
49275,3.99605330535676
49277,3.99605330535676
49280,3.99605330535676
49282,3.99605330535676
49294,3.99605330535676
49301,3.99605330535676
49303,3.99605330535676
49309,3.99605330535676
49311,3.99605330535676
49313,3.99605330535676
49318,3.99605330535676
49319,3.99605330535676
49322,3.99605330535676
49327,3.99605330535676
49333,3.99605330535676
49336,3.99605330535676
49337,3.99605330535676
49338,3.99605330535676
49340,3.99605330535676
49359,3.99605330535676
49361,3.99605330535676
49364,3.99605330535676
49366,3.99605330535676
49367,3.99605330535676
49371,3.99605330535676
49374,3.99605330535676
49376,3.99605330535676
49377,3.99605330535676
49387,3.99605330535676
49388,3.99605330535676
49394,3.99605330535676
49397,3.99605330535676
49398,3.99605330535676
49399,3.99605330535676
49401,3.99605330535676
49405,3.99605330535676
49407,3.99605330535676
49413,3.99605330535676
49416,3.99605330535676
49424,3.99605330535676
49434,3.99605330535676
49442,3.99605330535676
49447,3.99605330535676
49455,3.99605330535676
49470,3.99605330535676
49473,3.99605330535676
49474,3.99605330535676
49477,3.99605330535676
49485,3.99605330535676
49489,3.99605330535676
49493,3.99605330535676
49505,3.99605330535676
49510,3.99605330535676
49515,3.99605330535676
49517,3.99605330535676
49528,3.99605330535676
49545,3.99605330535676
49546,3.99605330535676
49547,3.99605330535676
49554,3.99605330535676
49557,3.99605330535676
49559,3.99605330535676
49560,3.99605330535676
49566,3.99605330535676
49577,3.99605330535676
49583,3.99605330535676
49599,3.99605330535676
49607,3.99605330535676
49608,3.99605330535676
49615,3.99605330535676
49624,3.99605330535676
49628,3.99605330535676
49630,3.99605330535676
49632,3.99605330535676
49634,3.99605330535676
49635,3.99605330535676
49639,3.99605330535676
49640,3.99605330535676
49643,3.99605330535676
49645,3.99605330535676
49648,3.99605330535676
49650,3.99605330535676
49667,3.99605330535676
49671,3.99605330535676
49672,3.99605330535676
49675,3.99605330535676
49684,3.99605330535676
49691,3.99605330535676
49697,3.99605330535676
49699,3.99605330535676
49700,3.99605330535676
49701,3.99605330535676
49702,3.99605330535676
49704,3.99605330535676
49705,3.99605330535676
49716,3.99605330535676
49721,3.99605330535676
49722,3.99605330535676
49730,3.99605330535676
49734,3.99605330535676
49735,3.99605330535676
49741,3.99605330535676
49742,3.99605330535676
49744,3.99605330535676
49747,3.99605330535676
49751,3.99605330535676
49752,3.99605330535676
49753,3.99605330535676
49771,3.99605330535676
49783,3.99605330535676
49785,3.99605330535676
49790,3.99605330535676
49794,3.99605330535676
49797,3.99605330535676
49800,3.99605330535676
49808,3.99605330535676
49811,3.99605330535676
49812,3.99605330535676
49813,3.99605330535676
49820,3.99605330535676
49822,3.99605330535676
49825,3.99605330535676
49840,3.99605330535676
49847,3.99605330535676
49863,3.99605330535676
49876,3.99605330535676
49881,3.99605330535676
49882,3.99605330535676
49886,3.99605330535676
49890,3.99605330535676
49896,3.99605330535676
49897,3.99605330535676
49905,3.99605330535676
49908,3.99605330535676
49909,3.99605330535676
49913,3.99605330535676
49914,3.99605330535676
49920,3.99605330535676
49924,3.99605330535676
49933,3.99605330535676
49934,3.99605330535676
49935,3.99605330535676
49941,3.99605330535676
49943,3.99605330535676
49945,3.99605330535676
49951,3.99605330535676
49961,3.99605330535676
49962,3.99605330535676
49974,3.99605330535676
49978,3.99605330535676
49989,3.99605330535676
49994,3.99605330535676
49999,3.99605330535676
50001,3.99605330535676
50012,3.99605330535676
50014,3.99605330535676
50027,3.99605330535676
50029,3.99605330535676
50041,3.99605330535676
50044,3.99605330535676
50051,3.99605330535676
50058,3.99605330535676
50059,3.99605330535676
50069,3.99605330535676
50071,3.99605330535676
50075,3.99605330535676
50080,3.99605330535676
50082,3.99605330535676
50084,3.99605330535676
50086,3.99605330535676
50095,3.99605330535676
50096,3.99605330535676
50102,3.99605330535676
50113,3.99605330535676
50119,3.99605330535676
50121,3.99605330535676
50123,3.99605330535676
50138,3.99605330535676
50139,3.99605330535676
50140,3.99605330535676
50143,3.99605330535676
50146,3.99605330535676
50148,3.99605330535676
50157,3.99605330535676
50160,3.99605330535676
50170,3.99605330535676
50173,3.99605330535676
50183,3.99605330535676
50184,3.99605330535676
50189,3.99605330535676
50193,3.99605330535676
50199,3.99605330535676
50203,3.99605330535676
50207,3.99605330535676
50209,3.99605330535676
50211,3.99605330535676
50215,3.99605330535676
50223,3.99605330535676
50233,3.99605330535676
50238,3.99605330535676
50247,3.99605330535676
50259,3.99605330535676
50276,3.99605330535676
50280,3.99605330535676
50281,3.99605330535676
50291,3.99605330535676
50293,3.99605330535676
50295,3.99605330535676
50296,3.99605330535676
50300,3.99605330535676
50307,3.99605330535676
50321,3.99605330535676
50338,3.99605330535676
50340,3.99605330535676
50344,3.99605330535676
50346,3.99605330535676
50349,3.99605330535676
50354,3.99605330535676
50359,3.99605330535676
50363,3.99605330535676
50384,3.99605330535676
50385,3.99605330535676
50390,3.99605330535676
50392,3.99605330535676
50393,3.99605330535676
50401,3.99605330535676
50402,3.99605330535676
50409,3.99605330535676
50412,3.99605330535676
50419,3.99605330535676
50425,3.99605330535676
50429,3.99605330535676
50431,3.99605330535676
50434,3.99605330535676
50436,3.99605330535676
50443,3.99605330535676
50450,3.99605330535676
50451,3.99605330535676
50454,3.99605330535676
50457,3.99605330535676
50465,3.99605330535676
50467,3.99605330535676
50473,3.99605330535676
50475,3.99605330535676
50481,3.99605330535676
50489,3.99605330535676
50494,3.99605330535676
50498,3.99605330535676
50499,3.99605330535676
50504,3.99605330535676
50516,3.99605330535676
50520,3.99605330535676
50534,3.99605330535676
50536,3.99605330535676
50537,3.99605330535676
50540,3.99605330535676
50544,3.99605330535676
50548,3.99605330535676
50551,3.99605330535676
50556,3.99605330535676
50561,3.99605330535676
50562,3.99605330535676
50564,3.99605330535676
50570,3.99605330535676
50571,3.99605330535676
50578,3.99605330535676
50583,3.99605330535676
50589,3.99605330535676
50592,3.99605330535676
50600,3.99605330535676
50607,3.99605330535676
50611,3.99605330535676
50614,3.99605330535676
50616,3.99605330535676
50624,3.99605330535676
50628,3.99605330535676
50632,3.99605330535676
50644,3.99605330535676
50649,3.99605330535676
50652,3.99605330535676
50655,3.99605330535676
50656,3.99605330535676
50657,3.99605330535676
50672,3.99605330535676
50675,3.99605330535676
50682,3.99605330535676
50686,3.99605330535676
50687,3.99605330535676
50689,3.99605330535676
50691,3.99605330535676
50694,3.99605330535676
50698,3.99605330535676
50705,3.99605330535676
50713,3.99605330535676
50723,3.99605330535676
50729,3.99605330535676
50732,3.99605330535676
50739,3.99605330535676
50743,3.99605330535676
50755,3.99605330535676
50761,3.99605330535676
50769,3.99605330535676
50780,3.99605330535676
50782,3.99605330535676
50800,3.99605330535676
50802,3.99605330535676
50810,3.99605330535676
50812,3.99605330535676
50814,3.99605330535676
50821,3.99605330535676
50833,3.99605330535676
50838,3.99605330535676
50853,3.99605330535676
50859,3.99605330535676
50861,3.99605330535676
50872,3.99605330535676
50875,3.99605330535676
50883,3.99605330535676
50891,3.99605330535676
50895,3.99605330535676
50898,3.99605330535676
50900,3.99605330535676
50908,3.99605330535676
50910,3.99605330535676
50911,3.99605330535676
50912,3.99605330535676
50915,3.99605330535676
50923,3.99605330535676
50927,3.99605330535676
50930,3.99605330535676
50939,3.99605330535676
50941,3.99605330535676
50948,3.99605330535676
50949,3.99605330535676
50953,3.99605330535676
50956,3.99605330535676
50964,3.99605330535676
50966,3.99605330535676
50968,3.99605330535676
50973,3.99605330535676
50974,3.99605330535676
50985,3.99605330535676
50987,3.99605330535676
50992,3.99605330535676
50993,3.99605330535676
50995,3.99605330535676
51012,3.99605330535676
51013,3.99605330535676
51014,3.99605330535676
51016,3.99605330535676
51018,3.99605330535676
51022,3.99605330535676
51036,3.99605330535676
51040,3.99605330535676
51041,3.99605330535676
51042,3.99605330535676
51043,3.99605330535676
51047,3.99605330535676
51049,3.99605330535676
51051,3.99605330535676
51053,3.99605330535676
51056,3.99605330535676
51066,3.99605330535676
51068,3.99605330535676
51070,3.99605330535676
51071,3.99605330535676
51073,3.99605330535676
51074,3.99605330535676
51077,3.99605330535676
51081,3.99605330535676
51084,3.99605330535676
51103,3.99605330535676
51109,3.99605330535676
51111,3.99605330535676
51131,3.99605330535676
51135,3.99605330535676
51141,3.99605330535676
51142,3.99605330535676
51148,3.99605330535676
51151,3.99605330535676
51154,3.99605330535676
51157,3.99605330535676
51167,3.99605330535676
51177,3.99605330535676
51178,3.99605330535676
51179,3.99605330535676
51183,3.99605330535676
51198,3.99605330535676
51202,3.99605330535676
51206,3.99605330535676
51208,3.99605330535676
51209,3.99605330535676
51215,3.99605330535676
51216,3.99605330535676
51218,3.99605330535676
51228,3.99605330535676
51229,3.99605330535676
51231,3.99605330535676
51232,3.99605330535676
51234,3.99605330535676
51237,3.99605330535676
51256,3.99605330535676
51264,3.99605330535676
51271,3.99605330535676
51276,3.99605330535676
51278,3.99605330535676
51287,3.99605330535676
51290,3.99605330535676
51298,3.99605330535676
51301,3.99605330535676
51310,3.99605330535676
51313,3.99605330535676
51314,3.99605330535676
51318,3.99605330535676
51320,3.99605330535676
51327,3.99605330535676
51332,3.99605330535676
51337,3.99605330535676
51340,3.99605330535676
51342,3.99605330535676
51355,3.99605330535676
51356,3.99605330535676
51364,3.99605330535676
51365,3.99605330535676
51366,3.99605330535676
51372,3.99605330535676
51377,3.99605330535676
51385,3.99605330535676
51390,3.99605330535676
51396,3.99605330535676
51398,3.99605330535676
51399,3.99605330535676
51402,3.99605330535676
51405,3.99605330535676
51406,3.99605330535676
51407,3.99605330535676
51411,3.99605330535676
51416,3.99605330535676
51423,3.99605330535676
51431,3.99605330535676
51434,3.99605330535676
51435,3.99605330535676
51444,3.99605330535676
51445,3.99605330535676
51446,3.99605330535676
51454,3.99605330535676
51462,3.99605330535676
51464,3.99605330535676
51465,3.99605330535676
51473,3.99605330535676
51475,3.99605330535676
51477,3.99605330535676
51480,3.99605330535676
51497,3.99605330535676
51499,3.99605330535676
51505,3.99605330535676
51513,3.99605330535676
51514,3.99605330535676
51519,3.99605330535676
51526,3.99605330535676
51528,3.99605330535676
51530,3.99605330535676
51531,3.99605330535676
51532,3.99605330535676
51533,3.99605330535676
51536,3.99605330535676
51543,3.99605330535676
51546,3.99605330535676
51547,3.99605330535676
51552,3.99605330535676
51553,3.99605330535676
51555,3.99605330535676
51559,3.99605330535676
51560,3.99605330535676
51563,3.99605330535676
51566,3.99605330535676
51572,3.99605330535676
51573,3.99605330535676
51576,3.99605330535676
51577,3.99605330535676
51587,3.99605330535676
51598,3.99605330535676
51601,3.99605330535676
51602,3.99605330535676
51605,3.99605330535676
51608,3.99605330535676
51609,3.99605330535676
51613,3.99605330535676
51615,3.99605330535676
51618,3.99605330535676
51625,3.99605330535676
51628,3.99605330535676
51630,3.99605330535676
51631,3.99605330535676
51632,3.99605330535676
51646,3.99605330535676
51649,3.99605330535676
51657,3.99605330535676
51658,3.99605330535676
51661,3.99605330535676
51662,3.99605330535676
51665,3.99605330535676
51667,3.99605330535676
51670,3.99605330535676
51674,3.99605330535676
51676,3.99605330535676
51687,3.99605330535676
51689,3.99605330535676
51691,3.99605330535676
51695,3.99605330535676
51702,3.99605330535676
51708,3.99605330535676
51709,3.99605330535676
51728,3.99605330535676
51730,3.99605330535676
51736,3.99605330535676
51741,3.99605330535676
51742,3.99605330535676
51745,3.99605330535676
51747,3.99605330535676
51751,3.99605330535676
51754,3.99605330535676
51759,3.99605330535676
51761,3.99605330535676
51763,3.99605330535676
51766,3.99605330535676
51767,3.99605330535676
51768,3.99605330535676
51777,3.99605330535676
51780,3.99605330535676
51785,3.99605330535676
51794,3.99605330535676
51796,3.99605330535676
51797,3.99605330535676
51801,3.99605330535676
51804,3.99605330535676
51807,3.99605330535676
51808,3.99605330535676
51810,3.99605330535676
51814,3.99605330535676
51819,3.99605330535676
51822,3.99605330535676
51825,3.99605330535676
51831,3.99605330535676
51840,3.99605330535676
51842,3.99605330535676
51843,3.99605330535676
51844,3.99605330535676
51847,3.99605330535676
51849,3.99605330535676
51850,3.99605330535676
51852,3.99605330535676
51868,3.99605330535676
51872,3.99605330535676
51879,3.99605330535676
51886,3.99605330535676
51887,3.99605330535676
51888,3.99605330535676
51901,3.99605330535676
51909,3.99605330535676
51913,3.99605330535676
51914,3.99605330535676
51928,3.99605330535676
51950,3.99605330535676
51951,3.99605330535676
51958,3.99605330535676
51962,3.99605330535676
51974,3.99605330535676
51976,3.99605330535676
51977,3.99605330535676
51980,3.99605330535676
51982,3.99605330535676
51983,3.99605330535676
51988,3.99605330535676
51990,3.99605330535676
51992,3.99605330535676
52001,3.99605330535676
52002,3.99605330535676
52006,3.99605330535676
52016,3.99605330535676
52023,3.99605330535676
52027,3.99605330535676
52030,3.99605330535676
52032,3.99605330535676
52040,3.99605330535676
52048,3.99605330535676
52051,3.99605330535676
52052,3.99605330535676
52055,3.99605330535676
52063,3.99605330535676
52065,3.99605330535676
52066,3.99605330535676
52070,3.99605330535676
52071,3.99605330535676
52072,3.99605330535676
52086,3.99605330535676
52095,3.99605330535676
52097,3.99605330535676
52099,3.99605330535676
52103,3.99605330535676
52104,3.99605330535676
52105,3.99605330535676
52106,3.99605330535676
52115,3.99605330535676
52116,3.99605330535676
52117,3.99605330535676
52121,3.99605330535676
52142,3.99605330535676
52151,3.99605330535676
52153,3.99605330535676
52163,3.99605330535676
52168,3.99605330535676
52175,3.99605330535676
52185,3.99605330535676
52187,3.99605330535676
52193,3.99605330535676
52206,3.99605330535676
52221,3.99605330535676
52225,3.99605330535676
52240,3.99605330535676
52241,3.99605330535676
52243,3.99605330535676
52245,3.99605330535676
52252,3.99605330535676
52253,3.99605330535676
52257,3.99605330535676
52275,3.99605330535676
52284,3.99605330535676
52286,3.99605330535676
52289,3.99605330535676
52291,3.99605330535676
52295,3.99605330535676
52296,3.99605330535676
52298,3.99605330535676
52301,3.99605330535676
52309,3.99605330535676
52310,3.99605330535676
52311,3.99605330535676
52315,3.99605330535676
52317,3.99605330535676
52335,3.99605330535676
52342,3.99605330535676
52345,3.99605330535676
52348,3.99605330535676
52350,3.99605330535676
52353,3.99605330535676
52355,3.99605330535676
52367,3.99605330535676
52392,3.99605330535676
52395,3.99605330535676
52400,3.99605330535676
52408,3.99605330535676
52410,3.99605330535676
52412,3.99605330535676
52419,3.99605330535676
52424,3.99605330535676
52425,3.99605330535676
52428,3.99605330535676
52442,3.99605330535676
52456,3.99605330535676
52466,3.99605330535676
52468,3.99605330535676
52473,3.99605330535676
52486,3.99605330535676
52495,3.99605330535676
52498,3.99605330535676
52502,3.99605330535676
52504,3.99605330535676
52507,3.99605330535676
52508,3.99605330535676
52511,3.99605330535676
52512,3.99605330535676
52513,3.99605330535676
52516,3.99605330535676
52517,3.99605330535676
52518,3.99605330535676
52519,3.99605330535676
52524,3.99605330535676
52526,3.99605330535676
52534,3.99605330535676
52536,3.99605330535676
52537,3.99605330535676
52538,3.99605330535676
52545,3.99605330535676
52550,3.99605330535676
52551,3.99605330535676
52552,3.99605330535676
52557,3.99605330535676
52577,3.99605330535676
52581,3.99605330535676
52583,3.99605330535676
52584,3.99605330535676
52585,3.99605330535676
52586,3.99605330535676
52593,3.99605330535676
52603,3.99605330535676
52606,3.99605330535676
52621,3.99605330535676
52623,3.99605330535676
52624,3.99605330535676
52630,3.99605330535676
52633,3.99605330535676
52642,3.99605330535676
52645,3.99605330535676
52656,3.99605330535676
52663,3.99605330535676
52664,3.99605330535676
52669,3.99605330535676
52672,3.99605330535676
52673,3.99605330535676
52678,3.99605330535676
52683,3.99605330535676
52693,3.99605330535676
52699,3.99605330535676
52711,3.99605330535676
52751,3.99605330535676
52752,3.99605330535676
52753,3.99605330535676
52754,3.99605330535676
52756,3.99605330535676
52758,3.99605330535676
52759,3.99605330535676
52760,3.99605330535676
52775,3.99605330535676
52778,3.99605330535676
52782,3.99605330535676
52788,3.99605330535676
52799,3.99605330535676
52802,3.99605330535676
52803,3.99605330535676
52809,3.99605330535676
52821,3.99605330535676
52823,3.99605330535676
52825,3.99605330535676
52827,3.99605330535676
52831,3.99605330535676
52833,3.99605330535676
52835,3.99605330535676
52837,3.99605330535676
52848,3.99605330535676
52850,3.99605330535676
52854,3.99605330535676
52856,3.99605330535676
52860,3.99605330535676
52865,3.99605330535676
52866,3.99605330535676
52872,3.99605330535676
52876,3.99605330535676
52885,3.99605330535676
52889,3.99605330535676
52891,3.99605330535676
52906,3.99605330535676
52913,3.99605330535676
52917,3.99605330535676
52918,3.99605330535676
52925,3.99605330535676
52928,3.99605330535676
52930,3.99605330535676
52932,3.99605330535676
52936,3.99605330535676
52939,3.99605330535676
52941,3.99605330535676
52944,3.99605330535676
52946,3.99605330535676
52963,3.99605330535676
52967,3.99605330535676
52974,3.99605330535676
52980,3.99605330535676
52987,3.99605330535676
52988,3.99605330535676
52991,3.99605330535676
52995,3.99605330535676
52996,3.99605330535676
53022,3.99605330535676
53034,3.99605330535676
53046,3.99605330535676
53047,3.99605330535676
53050,3.99605330535676
53058,3.99605330535676
53064,3.99605330535676
53066,3.99605330535676
53067,3.99605330535676
53071,3.99605330535676
53080,3.99605330535676
53096,3.99605330535676
53101,3.99605330535676
53112,3.99605330535676
53114,3.99605330535676
53118,3.99605330535676
53121,3.99605330535676
53122,3.99605330535676
53128,3.99605330535676
53130,3.99605330535676
53136,3.99605330535676
53140,3.99605330535676
53144,3.99605330535676
53148,3.99605330535676
53154,3.99605330535676
53155,3.99605330535676
53161,3.99605330535676
53169,3.99605330535676
53173,3.99605330535676
53179,3.99605330535676
53182,3.99605330535676
53184,3.99605330535676
53197,3.99605330535676
53199,3.99605330535676
53204,3.99605330535676
53209,3.99605330535676
53210,3.99605330535676
53212,3.99605330535676
53214,3.99605330535676
53216,3.99605330535676
53228,3.99605330535676
53232,3.99605330535676
53234,3.99605330535676
53238,3.99605330535676
53243,3.99605330535676
53244,3.99605330535676
53247,3.99605330535676
53249,3.99605330535676
53256,3.99605330535676
53264,3.99605330535676
53268,3.99605330535676
53274,3.99605330535676
53281,3.99605330535676
53285,3.99605330535676
53287,3.99605330535676
53292,3.99605330535676
53300,3.99605330535676
53302,3.99605330535676
53303,3.99605330535676
53314,3.99605330535676
53317,3.99605330535676
53318,3.99605330535676
53321,3.99605330535676
53322,3.99605330535676
53334,3.99605330535676
53336,3.99605330535676
53342,3.99605330535676
53344,3.99605330535676
53345,3.99605330535676
53349,3.99605330535676
53350,3.99605330535676
53353,3.99605330535676
53361,3.99605330535676
53366,3.99605330535676
53368,3.99605330535676
53373,3.99605330535676
53380,3.99605330535676
53381,3.99605330535676
53384,3.99605330535676
53391,3.99605330535676
53399,3.99605330535676
53403,3.99605330535676
53407,3.99605330535676
53408,3.99605330535676
53411,3.99605330535676
53417,3.99605330535676
53420,3.99605330535676
53423,3.99605330535676
53430,3.99605330535676
53431,3.99605330535676
53434,3.99605330535676
53436,3.99605330535676
53448,3.99605330535676
53458,3.99605330535676
53459,3.99605330535676
53461,3.99605330535676
53463,3.99605330535676
53473,3.99605330535676
53485,3.99605330535676
53487,3.99605330535676
53493,3.99605330535676
53495,3.99605330535676
53496,3.99605330535676
53501,3.99605330535676
53519,3.99605330535676
53529,3.99605330535676
53533,3.99605330535676
53534,3.99605330535676
53535,3.99605330535676
53536,3.99605330535676
53539,3.99605330535676
53547,3.99605330535676
53548,3.99605330535676
53549,3.99605330535676
53551,3.99605330535676
53572,3.99605330535676
53582,3.99605330535676
53588,3.99605330535676
53590,3.99605330535676
53592,3.99605330535676
53599,3.99605330535676
53602,3.99605330535676
53611,3.99605330535676
53616,3.99605330535676
53624,3.99605330535676
53625,3.99605330535676
53629,3.99605330535676
53632,3.99605330535676
53644,3.99605330535676
53647,3.99605330535676
53654,3.99605330535676
53659,3.99605330535676
53660,3.99605330535676
53661,3.99605330535676
53667,3.99605330535676
53669,3.99605330535676
53676,3.99605330535676
53681,3.99605330535676
53687,3.99605330535676
53688,3.99605330535676
53690,3.99605330535676
53693,3.99605330535676
53694,3.99605330535676
53697,3.99605330535676
53714,3.99605330535676
53719,3.99605330535676
53720,3.99605330535676
53726,3.99605330535676
53732,3.99605330535676
53735,3.99605330535676
53737,3.99605330535676
53740,3.99605330535676
53752,3.99605330535676
53758,3.99605330535676
53759,3.99605330535676
53765,3.99605330535676
53770,3.99605330535676
53786,3.99605330535676
53793,3.99605330535676
53797,3.99605330535676
53800,3.99605330535676
53803,3.99605330535676
53807,3.99605330535676
53813,3.99605330535676
53820,3.99605330535676
53822,3.99605330535676
53837,3.99605330535676
53839,3.99605330535676
53840,3.99605330535676
53845,3.99605330535676
53849,3.99605330535676
53856,3.99605330535676
53866,3.99605330535676
53881,3.99605330535676
53884,3.99605330535676
53892,3.99605330535676
53898,3.99605330535676
53903,3.99605330535676
53911,3.99605330535676
53914,3.99605330535676
53917,3.99605330535676
53933,3.99605330535676
53934,3.99605330535676
53935,3.99605330535676
53938,3.99605330535676
53941,3.99605330535676
53943,3.99605330535676
53947,3.99605330535676
53963,3.99605330535676
53969,3.99605330535676
53974,3.99605330535676
53976,3.99605330535676
53984,3.99605330535676
53991,3.99605330535676
53995,3.99605330535676
53997,3.99605330535676
54000,3.99605330535676
54002,3.99605330535676
54009,3.99605330535676
54012,3.99605330535676
54015,3.99605330535676
54016,3.99605330535676
54021,3.99605330535676
54029,3.99605330535676
54030,3.99605330535676
54033,3.99605330535676
54038,3.99605330535676
54041,3.99605330535676
54042,3.99605330535676
54043,3.99605330535676
54059,3.99605330535676
54062,3.99605330535676
54071,3.99605330535676
54072,3.99605330535676
54073,3.99605330535676
54077,3.99605330535676
54088,3.99605330535676
54092,3.99605330535676
54096,3.99605330535676
54099,3.99605330535676
54100,3.99605330535676
54102,3.99605330535676
54114,3.99605330535676
54119,3.99605330535676
54121,3.99605330535676
54123,3.99605330535676
54139,3.99605330535676
54141,3.99605330535676
54145,3.99605330535676
54148,3.99605330535676
54149,3.99605330535676
54157,3.99605330535676
54159,3.99605330535676
54170,3.99605330535676
54174,3.99605330535676
54178,3.99605330535676
54181,3.99605330535676
54188,3.99605330535676
54196,3.99605330535676
54200,3.99605330535676
54218,3.99605330535676
54225,3.99605330535676
54229,3.99605330535676
54230,3.99605330535676
54234,3.99605330535676
54237,3.99605330535676
54241,3.99605330535676
54242,3.99605330535676
54244,3.99605330535676
54246,3.99605330535676
54267,3.99605330535676
54276,3.99605330535676
54278,3.99605330535676
54282,3.99605330535676
54284,3.99605330535676
54285,3.99605330535676
54287,3.99605330535676
54288,3.99605330535676
54292,3.99605330535676
54296,3.99605330535676
54299,3.99605330535676
54301,3.99605330535676
54303,3.99605330535676
54305,3.99605330535676
54314,3.99605330535676
54319,3.99605330535676
54322,3.99605330535676
54326,3.99605330535676
54330,3.99605330535676
54334,3.99605330535676
54336,3.99605330535676
54347,3.99605330535676
54352,3.99605330535676
54358,3.99605330535676
54362,3.99605330535676
54366,3.99605330535676
54371,3.99605330535676
54372,3.99605330535676
54375,3.99605330535676
54394,3.99605330535676
54403,3.99605330535676
54406,3.99605330535676
54409,3.99605330535676
54410,3.99605330535676
54421,3.99605330535676
54422,3.99605330535676
54424,3.99605330535676
54428,3.99605330535676
54435,3.99605330535676
54441,3.99605330535676
54449,3.99605330535676
54450,3.99605330535676
54455,3.99605330535676
54458,3.99605330535676
54470,3.99605330535676
54471,3.99605330535676
54472,3.99605330535676
54475,3.99605330535676
54476,3.99605330535676
54480,3.99605330535676
54483,3.99605330535676
54496,3.99605330535676
54500,3.99605330535676
54509,3.99605330535676
54510,3.99605330535676
54513,3.99605330535676
54520,3.99605330535676
54523,3.99605330535676
54528,3.99605330535676
54529,3.99605330535676
54533,3.99605330535676
54546,3.99605330535676
54550,3.99605330535676
54558,3.99605330535676
54559,3.99605330535676
54572,3.99605330535676
54573,3.99605330535676
54578,3.99605330535676
54595,3.99605330535676
54596,3.99605330535676
54605,3.99605330535676
54614,3.99605330535676
54615,3.99605330535676
54627,3.99605330535676
54637,3.99605330535676
54642,3.99605330535676
54643,3.99605330535676
54649,3.99605330535676
54650,3.99605330535676
54651,3.99605330535676
54659,3.99605330535676
54660,3.99605330535676
54662,3.99605330535676
54666,3.99605330535676
54669,3.99605330535676
54671,3.99605330535676
54673,3.99605330535676
54679,3.99605330535676
54683,3.99605330535676
54691,3.99605330535676
54693,3.99605330535676
54698,3.99605330535676
54720,3.99605330535676
54730,3.99605330535676
54733,3.99605330535676
54740,3.99605330535676
54746,3.99605330535676
54748,3.99605330535676
54752,3.99605330535676
54754,3.99605330535676
54756,3.99605330535676
54775,3.99605330535676
54777,3.99605330535676
54778,3.99605330535676
54784,3.99605330535676
54785,3.99605330535676
54786,3.99605330535676
54787,3.99605330535676
54793,3.99605330535676
54797,3.99605330535676
54799,3.99605330535676
54806,3.99605330535676
54807,3.99605330535676
54814,3.99605330535676
54820,3.99605330535676
54824,3.99605330535676
54832,3.99605330535676
54846,3.99605330535676
54851,3.99605330535676
54852,3.99605330535676
54855,3.99605330535676
54859,3.99605330535676
54867,3.99605330535676
54886,3.99605330535676
54889,3.99605330535676
54892,3.99605330535676
54898,3.99605330535676
54901,3.99605330535676
54908,3.99605330535676
54916,3.99605330535676
54918,3.99605330535676
54923,3.99605330535676
54924,3.99605330535676
54927,3.99605330535676
54933,3.99605330535676
54934,3.99605330535676
54949,3.99605330535676
54952,3.99605330535676
54954,3.99605330535676
54961,3.99605330535676
54966,3.99605330535676
54967,3.99605330535676
54969,3.99605330535676
54970,3.99605330535676
54975,3.99605330535676
54976,3.99605330535676
54986,3.99605330535676
54990,3.99605330535676
55001,3.99605330535676
55003,3.99605330535676
55011,3.99605330535676
55016,3.99605330535676
55017,3.99605330535676
55019,3.99605330535676
55022,3.99605330535676
55027,3.99605330535676
55032,3.99605330535676
55033,3.99605330535676
55040,3.99605330535676
55047,3.99605330535676
55049,3.99605330535676
55054,3.99605330535676
55056,3.99605330535676
55064,3.99605330535676
55066,3.99605330535676
55074,3.99605330535676
55084,3.99605330535676
55088,3.99605330535676
55091,3.99605330535676
55094,3.99605330535676
55098,3.99605330535676
55102,3.99605330535676
55108,3.99605330535676
55109,3.99605330535676
55111,3.99605330535676
55114,3.99605330535676
55116,3.99605330535676
55118,3.99605330535676
55125,3.99605330535676
55128,3.99605330535676
55132,3.99605330535676
55134,3.99605330535676
55135,3.99605330535676
55137,3.99605330535676
55141,3.99605330535676
55142,3.99605330535676
55153,3.99605330535676
55154,3.99605330535676
55157,3.99605330535676
55159,3.99605330535676
55160,3.99605330535676
55179,3.99605330535676
55183,3.99605330535676
55195,3.99605330535676
55202,3.99605330535676
55208,3.99605330535676
55209,3.99605330535676
55210,3.99605330535676
55213,3.99605330535676
55219,3.99605330535676
55221,3.99605330535676
55224,3.99605330535676
55229,3.99605330535676
55241,3.99605330535676
55242,3.99605330535676
55246,3.99605330535676
55248,3.99605330535676
55249,3.99605330535676
55257,3.99605330535676
55265,3.99605330535676
55267,3.99605330535676
55270,3.99605330535676
55273,3.99605330535676
55275,3.99605330535676
55281,3.99605330535676
55282,3.99605330535676
55285,3.99605330535676
55289,3.99605330535676
55295,3.99605330535676
55296,3.99605330535676
55299,3.99605330535676
55300,3.99605330535676
55302,3.99605330535676
55309,3.99605330535676
55318,3.99605330535676
55321,3.99605330535676
55323,3.99605330535676
55329,3.99605330535676
55330,3.99605330535676
55334,3.99605330535676
55347,3.99605330535676
55348,3.99605330535676
55352,3.99605330535676
55353,3.99605330535676
55364,3.99605330535676
55372,3.99605330535676
55376,3.99605330535676
55384,3.99605330535676
55390,3.99605330535676
55394,3.99605330535676
55395,3.99605330535676
55396,3.99605330535676
55415,3.99605330535676
55443,3.99605330535676
55445,3.99605330535676
55448,3.99605330535676
55452,3.99605330535676
55456,3.99605330535676
55460,3.99605330535676
55465,3.99605330535676
55466,3.99605330535676
55472,3.99605330535676
55475,3.99605330535676
55480,3.99605330535676
55483,3.99605330535676
55497,3.99605330535676
55498,3.99605330535676
55504,3.99605330535676
55505,3.99605330535676
55509,3.99605330535676
55521,3.99605330535676
55530,3.99605330535676
55538,3.99605330535676
55549,3.99605330535676
55555,3.99605330535676
55557,3.99605330535676
55558,3.99605330535676
55561,3.99605330535676
55576,3.99605330535676
55578,3.99605330535676
55591,3.99605330535676
55595,3.99605330535676
55601,3.99605330535676
55602,3.99605330535676
55605,3.99605330535676
55609,3.99605330535676
55610,3.99605330535676
55617,3.99605330535676
55620,3.99605330535676
55622,3.99605330535676
55623,3.99605330535676
55625,3.99605330535676
55629,3.99605330535676
55634,3.99605330535676
55642,3.99605330535676
55644,3.99605330535676
55647,3.99605330535676
55648,3.99605330535676
55657,3.99605330535676
55661,3.99605330535676
55662,3.99605330535676
55664,3.99605330535676
55668,3.99605330535676
55672,3.99605330535676
55679,3.99605330535676
55686,3.99605330535676
55692,3.99605330535676
55697,3.99605330535676
55699,3.99605330535676
55715,3.99605330535676
55724,3.99605330535676
55729,3.99605330535676
55731,3.99605330535676
55735,3.99605330535676
55744,3.99605330535676
55747,3.99605330535676
55758,3.99605330535676
55760,3.99605330535676
55768,3.99605330535676
55771,3.99605330535676
55773,3.99605330535676
55791,3.99605330535676
55792,3.99605330535676
55796,3.99605330535676
55800,3.99605330535676
55803,3.99605330535676
55805,3.99605330535676
55817,3.99605330535676
55818,3.99605330535676
55820,3.99605330535676
55826,3.99605330535676
55845,3.99605330535676
55866,3.99605330535676
55868,3.99605330535676
55872,3.99605330535676
55876,3.99605330535676
55879,3.99605330535676
55883,3.99605330535676
55885,3.99605330535676
55888,3.99605330535676
55890,3.99605330535676
55896,3.99605330535676
55898,3.99605330535676
55899,3.99605330535676
55900,3.99605330535676
55904,3.99605330535676
55909,3.99605330535676
55913,3.99605330535676
55916,3.99605330535676
55917,3.99605330535676
55927,3.99605330535676
55935,3.99605330535676
55938,3.99605330535676
55939,3.99605330535676
55942,3.99605330535676
55947,3.99605330535676
55950,3.99605330535676
55953,3.99605330535676
55954,3.99605330535676
55961,3.99605330535676
55963,3.99605330535676
55964,3.99605330535676
55972,3.99605330535676
55977,3.99605330535676
55988,3.99605330535676
55989,3.99605330535676
55993,3.99605330535676
55998,3.99605330535676
56005,3.99605330535676
56009,3.99605330535676
56010,3.99605330535676
56015,3.99605330535676
56024,3.99605330535676
56026,3.99605330535676
56036,3.99605330535676
56037,3.99605330535676
56038,3.99605330535676
56048,3.99605330535676
56055,3.99605330535676
56064,3.99605330535676
56066,3.99605330535676
56075,3.99605330535676
56078,3.99605330535676
56083,3.99605330535676
56088,3.99605330535676
56096,3.99605330535676
56100,3.99605330535676
56102,3.99605330535676
56107,3.99605330535676
56112,3.99605330535676
56116,3.99605330535676
56124,3.99605330535676
56125,3.99605330535676
56130,3.99605330535676
56133,3.99605330535676
56146,3.99605330535676
56147,3.99605330535676
56151,3.99605330535676
56153,3.99605330535676
56165,3.99605330535676
56167,3.99605330535676
56168,3.99605330535676
56175,3.99605330535676
56176,3.99605330535676
56178,3.99605330535676
56180,3.99605330535676
56181,3.99605330535676
56184,3.99605330535676
56188,3.99605330535676
56189,3.99605330535676
56190,3.99605330535676
56196,3.99605330535676
56198,3.99605330535676
56202,3.99605330535676
56215,3.99605330535676
56222,3.99605330535676
56223,3.99605330535676
56229,3.99605330535676
56230,3.99605330535676
56231,3.99605330535676
56239,3.99605330535676
56241,3.99605330535676
56242,3.99605330535676
56243,3.99605330535676
56244,3.99605330535676
56249,3.99605330535676
56259,3.99605330535676
56270,3.99605330535676
56271,3.99605330535676
56277,3.99605330535676
56282,3.99605330535676
56283,3.99605330535676
56289,3.99605330535676
56301,3.99605330535676
56307,3.99605330535676
56321,3.99605330535676
56324,3.99605330535676
56325,3.99605330535676
56327,3.99605330535676
56337,3.99605330535676
56339,3.99605330535676
56345,3.99605330535676
56346,3.99605330535676
56352,3.99605330535676
56356,3.99605330535676
56363,3.99605330535676
56368,3.99605330535676
56371,3.99605330535676
56380,3.99605330535676
56382,3.99605330535676
56398,3.99605330535676
56404,3.99605330535676
56406,3.99605330535676
56426,3.99605330535676
56439,3.99605330535676
56443,3.99605330535676
56444,3.99605330535676
56464,3.99605330535676
56470,3.99605330535676
56474,3.99605330535676
56476,3.99605330535676
56486,3.99605330535676
56494,3.99605330535676
56496,3.99605330535676
56506,3.99605330535676
56511,3.99605330535676
56515,3.99605330535676
56516,3.99605330535676
56521,3.99605330535676
56527,3.99605330535676
56540,3.99605330535676
56548,3.99605330535676
56553,3.99605330535676
56555,3.99605330535676
56561,3.99605330535676
56577,3.99605330535676
56584,3.99605330535676
56588,3.99605330535676
56591,3.99605330535676
56593,3.99605330535676
56595,3.99605330535676
56597,3.99605330535676
56616,3.99605330535676
56621,3.99605330535676
56622,3.99605330535676
56623,3.99605330535676
56633,3.99605330535676
56637,3.99605330535676
56638,3.99605330535676
56641,3.99605330535676
56647,3.99605330535676
56653,3.99605330535676
56654,3.99605330535676
56662,3.99605330535676
56663,3.99605330535676
56669,3.99605330535676
56670,3.99605330535676
56672,3.99605330535676
56673,3.99605330535676
56674,3.99605330535676
56680,3.99605330535676
56689,3.99605330535676
56690,3.99605330535676
56692,3.99605330535676
56694,3.99605330535676
56702,3.99605330535676
56704,3.99605330535676
56728,3.99605330535676
56736,3.99605330535676
56740,3.99605330535676
56744,3.99605330535676
56755,3.99605330535676
56764,3.99605330535676
56766,3.99605330535676
56774,3.99605330535676
56775,3.99605330535676
56781,3.99605330535676
56785,3.99605330535676
56786,3.99605330535676
56793,3.99605330535676
56796,3.99605330535676
56800,3.99605330535676
56811,3.99605330535676
56815,3.99605330535676
56817,3.99605330535676
56820,3.99605330535676
56826,3.99605330535676
56833,3.99605330535676
56840,3.99605330535676
56855,3.99605330535676
56856,3.99605330535676
56858,3.99605330535676
56864,3.99605330535676
56866,3.99605330535676
56871,3.99605330535676
56872,3.99605330535676
56873,3.99605330535676
56875,3.99605330535676
56876,3.99605330535676
56877,3.99605330535676
56880,3.99605330535676
56887,3.99605330535676
56889,3.99605330535676
56893,3.99605330535676
56894,3.99605330535676
56897,3.99605330535676
56901,3.99605330535676
56906,3.99605330535676
56909,3.99605330535676
56912,3.99605330535676
56923,3.99605330535676
56929,3.99605330535676
56932,3.99605330535676
56935,3.99605330535676
56941,3.99605330535676
56942,3.99605330535676
56949,3.99605330535676
56953,3.99605330535676
56954,3.99605330535676
56957,3.99605330535676
56959,3.99605330535676
56964,3.99605330535676
56966,3.99605330535676
56974,3.99605330535676
56980,3.99605330535676
56985,3.99605330535676
56995,3.99605330535676
56996,3.99605330535676
56997,3.99605330535676
57010,3.99605330535676
57012,3.99605330535676
57016,3.99605330535676
57023,3.99605330535676
57028,3.99605330535676
57029,3.99605330535676
57035,3.99605330535676
57036,3.99605330535676
57055,3.99605330535676
57066,3.99605330535676
57071,3.99605330535676
57072,3.99605330535676
57086,3.99605330535676
57087,3.99605330535676
57090,3.99605330535676
57094,3.99605330535676
57099,3.99605330535676
57103,3.99605330535676
57105,3.99605330535676
57107,3.99605330535676
57123,3.99605330535676
57129,3.99605330535676
57130,3.99605330535676
57135,3.99605330535676
57141,3.99605330535676
57153,3.99605330535676
57155,3.99605330535676
57156,3.99605330535676
57167,3.99605330535676
57179,3.99605330535676
57180,3.99605330535676
57189,3.99605330535676
57192,3.99605330535676
57194,3.99605330535676
57198,3.99605330535676
57203,3.99605330535676
57211,3.99605330535676
57216,3.99605330535676
57217,3.99605330535676
57227,3.99605330535676
57229,3.99605330535676
57231,3.99605330535676
57233,3.99605330535676
57237,3.99605330535676
57242,3.99605330535676
57252,3.99605330535676
57258,3.99605330535676
57260,3.99605330535676
57263,3.99605330535676
57268,3.99605330535676
57273,3.99605330535676
57275,3.99605330535676
57276,3.99605330535676
57282,3.99605330535676
57285,3.99605330535676
57286,3.99605330535676
57293,3.99605330535676
57297,3.99605330535676
57303,3.99605330535676
57311,3.99605330535676
57315,3.99605330535676
57321,3.99605330535676
57322,3.99605330535676
57323,3.99605330535676
57324,3.99605330535676
57326,3.99605330535676
57330,3.99605330535676
57331,3.99605330535676
57347,3.99605330535676
57349,3.99605330535676
57351,3.99605330535676
57354,3.99605330535676
57360,3.99605330535676
57367,3.99605330535676
57387,3.99605330535676
57392,3.99605330535676
57397,3.99605330535676
57398,3.99605330535676
57402,3.99605330535676
57410,3.99605330535676
57425,3.99605330535676
57428,3.99605330535676
57431,3.99605330535676
57432,3.99605330535676
57433,3.99605330535676
57454,3.99605330535676
57459,3.99605330535676
57468,3.99605330535676
57475,3.99605330535676
57497,3.99605330535676
57500,3.99605330535676
57501,3.99605330535676
57516,3.99605330535676
57518,3.99605330535676
57519,3.99605330535676
57521,3.99605330535676
57522,3.99605330535676
57525,3.99605330535676
57532,3.99605330535676
57533,3.99605330535676
57537,3.99605330535676
57538,3.99605330535676
57539,3.99605330535676
57562,3.99605330535676
57567,3.99605330535676
57573,3.99605330535676
57583,3.99605330535676
57588,3.99605330535676
57595,3.99605330535676
57607,3.99605330535676
57611,3.99605330535676
57614,3.99605330535676
57619,3.99605330535676
57624,3.99605330535676
57627,3.99605330535676
57640,3.99605330535676
57646,3.99605330535676
57647,3.99605330535676
57657,3.99605330535676
57662,3.99605330535676
57680,3.99605330535676
57684,3.99605330535676
57694,3.99605330535676
57696,3.99605330535676
57697,3.99605330535676
57698,3.99605330535676
57705,3.99605330535676
57706,3.99605330535676
57712,3.99605330535676
57716,3.99605330535676
57719,3.99605330535676
57739,3.99605330535676
57740,3.99605330535676
57741,3.99605330535676
57746,3.99605330535676
57747,3.99605330535676
57758,3.99605330535676
57764,3.99605330535676
57781,3.99605330535676
57786,3.99605330535676
57793,3.99605330535676
57796,3.99605330535676
57798,3.99605330535676
57803,3.99605330535676
57808,3.99605330535676
57811,3.99605330535676
57819,3.99605330535676
57820,3.99605330535676
57825,3.99605330535676
57826,3.99605330535676
57840,3.99605330535676
57846,3.99605330535676
57853,3.99605330535676
57861,3.99605330535676
57862,3.99605330535676
57863,3.99605330535676
57871,3.99605330535676
57876,3.99605330535676
57880,3.99605330535676
57904,3.99605330535676
57906,3.99605330535676
57916,3.99605330535676
57918,3.99605330535676
57933,3.99605330535676
57943,3.99605330535676
57945,3.99605330535676
57949,3.99605330535676
57956,3.99605330535676
57964,3.99605330535676
57968,3.99605330535676
57971,3.99605330535676
57973,3.99605330535676
57974,3.99605330535676
57976,3.99605330535676
57987,3.99605330535676
58002,3.99605330535676
58003,3.99605330535676
58012,3.99605330535676
58014,3.99605330535676
58015,3.99605330535676
58022,3.99605330535676
58025,3.99605330535676
58028,3.99605330535676
58038,3.99605330535676
58039,3.99605330535676
58043,3.99605330535676
58046,3.99605330535676
58055,3.99605330535676
58058,3.99605330535676
58059,3.99605330535676
58066,3.99605330535676
58067,3.99605330535676
58071,3.99605330535676
58073,3.99605330535676
58078,3.99605330535676
58080,3.99605330535676
58083,3.99605330535676
58086,3.99605330535676
58089,3.99605330535676
58091,3.99605330535676
58092,3.99605330535676
58097,3.99605330535676
58106,3.99605330535676
58107,3.99605330535676
58108,3.99605330535676
58117,3.99605330535676
58123,3.99605330535676
58127,3.99605330535676
58131,3.99605330535676
58135,3.99605330535676
58137,3.99605330535676
58149,3.99605330535676
58156,3.99605330535676
58163,3.99605330535676
58174,3.99605330535676
58175,3.99605330535676
58177,3.99605330535676
58179,3.99605330535676
58182,3.99605330535676
58185,3.99605330535676
58187,3.99605330535676
58188,3.99605330535676
58189,3.99605330535676
58194,3.99605330535676
58198,3.99605330535676
58201,3.99605330535676
58204,3.99605330535676
58208,3.99605330535676
58211,3.99605330535676
58219,3.99605330535676
58222,3.99605330535676
58224,3.99605330535676
58230,3.99605330535676
58233,3.99605330535676
58236,3.99605330535676
58244,3.99605330535676
58248,3.99605330535676
58253,3.99605330535676
58258,3.99605330535676
58259,3.99605330535676
58261,3.99605330535676
58272,3.99605330535676
58274,3.99605330535676
58277,3.99605330535676
58280,3.99605330535676
58281,3.99605330535676
58286,3.99605330535676
58294,3.99605330535676
58295,3.99605330535676
58298,3.99605330535676
58301,3.99605330535676
58307,3.99605330535676
58311,3.99605330535676
58317,3.99605330535676
58319,3.99605330535676
58320,3.99605330535676
58331,3.99605330535676
58341,3.99605330535676
58343,3.99605330535676
58351,3.99605330535676
58368,3.99605330535676
58369,3.99605330535676
58380,3.99605330535676
58387,3.99605330535676
58396,3.99605330535676
58408,3.99605330535676
58411,3.99605330535676
58413,3.99605330535676
58419,3.99605330535676
58423,3.99605330535676
58432,3.99605330535676
58438,3.99605330535676
58443,3.99605330535676
58452,3.99605330535676
58458,3.99605330535676
58461,3.99605330535676
58463,3.99605330535676
58464,3.99605330535676
58474,3.99605330535676
58477,3.99605330535676
58480,3.99605330535676
58481,3.99605330535676
58482,3.99605330535676
58484,3.99605330535676
58485,3.99605330535676
58490,3.99605330535676
58493,3.99605330535676
58505,3.99605330535676
58519,3.99605330535676
58521,3.99605330535676
58529,3.99605330535676
58532,3.99605330535676
58539,3.99605330535676
58544,3.99605330535676
58549,3.99605330535676
58550,3.99605330535676
58558,3.99605330535676
58561,3.99605330535676
58563,3.99605330535676
58564,3.99605330535676
58567,3.99605330535676
58568,3.99605330535676
58576,3.99605330535676
58583,3.99605330535676
58586,3.99605330535676
58589,3.99605330535676
58591,3.99605330535676
58593,3.99605330535676
58594,3.99605330535676
58608,3.99605330535676
58616,3.99605330535676
58617,3.99605330535676
58618,3.99605330535676
58620,3.99605330535676
58623,3.99605330535676
58624,3.99605330535676
58625,3.99605330535676
58626,3.99605330535676
58628,3.99605330535676
58638,3.99605330535676
58642,3.99605330535676
58648,3.99605330535676
58655,3.99605330535676
58661,3.99605330535676
58663,3.99605330535676
58664,3.99605330535676
58665,3.99605330535676
58666,3.99605330535676
58673,3.99605330535676
58681,3.99605330535676
58695,3.99605330535676
58702,3.99605330535676
58712,3.99605330535676
58731,3.99605330535676
58739,3.99605330535676
58740,3.99605330535676
58741,3.99605330535676
58742,3.99605330535676
58749,3.99605330535676
58760,3.99605330535676
58768,3.99605330535676
58772,3.99605330535676
58773,3.99605330535676
58776,3.99605330535676
58781,3.99605330535676
58783,3.99605330535676
58785,3.99605330535676
58787,3.99605330535676
58804,3.99605330535676
58805,3.99605330535676
58811,3.99605330535676
58815,3.99605330535676
58818,3.99605330535676
58820,3.99605330535676
58824,3.99605330535676
58825,3.99605330535676
58827,3.99605330535676
58834,3.99605330535676
58837,3.99605330535676
58839,3.99605330535676
58851,3.99605330535676
58857,3.99605330535676
58858,3.99605330535676
58864,3.99605330535676
58870,3.99605330535676
58878,3.99605330535676
58880,3.99605330535676
58886,3.99605330535676
58896,3.99605330535676
58903,3.99605330535676
58907,3.99605330535676
58916,3.99605330535676
58917,3.99605330535676
58927,3.99605330535676
58931,3.99605330535676
58932,3.99605330535676
58952,3.99605330535676
58960,3.99605330535676
58962,3.99605330535676
58974,3.99605330535676
58977,3.99605330535676
58985,3.99605330535676
58989,3.99605330535676
58992,3.99605330535676
58993,3.99605330535676
58994,3.99605330535676
58998,3.99605330535676
59000,3.99605330535676
59001,3.99605330535676
59007,3.99605330535676
59010,3.99605330535676
59015,3.99605330535676
59019,3.99605330535676
59027,3.99605330535676
59029,3.99605330535676
59032,3.99605330535676
59036,3.99605330535676
59054,3.99605330535676
59060,3.99605330535676
59064,3.99605330535676
59070,3.99605330535676
59074,3.99605330535676
59075,3.99605330535676
59078,3.99605330535676
59101,3.99605330535676
59103,3.99605330535676
59105,3.99605330535676
59108,3.99605330535676
59113,3.99605330535676
59119,3.99605330535676
59121,3.99605330535676
59122,3.99605330535676
59123,3.99605330535676
59126,3.99605330535676
59128,3.99605330535676
59129,3.99605330535676
59130,3.99605330535676
59142,3.99605330535676
59144,3.99605330535676
59148,3.99605330535676
59152,3.99605330535676
59154,3.99605330535676
59157,3.99605330535676
59162,3.99605330535676
59166,3.99605330535676
59169,3.99605330535676
59172,3.99605330535676
59173,3.99605330535676
59176,3.99605330535676
59183,3.99605330535676
59190,3.99605330535676
59194,3.99605330535676
59195,3.99605330535676
59196,3.99605330535676
59209,3.99605330535676
59222,3.99605330535676
59225,3.99605330535676
59227,3.99605330535676
59230,3.99605330535676
59231,3.99605330535676
59241,3.99605330535676
59255,3.99605330535676
59256,3.99605330535676
59259,3.99605330535676
59267,3.99605330535676
59271,3.99605330535676
59272,3.99605330535676
59274,3.99605330535676
59275,3.99605330535676
59282,3.99605330535676
59283,3.99605330535676
59289,3.99605330535676
59300,3.99605330535676
59303,3.99605330535676
59314,3.99605330535676
59315,3.99605330535676
59322,3.99605330535676
59324,3.99605330535676
59337,3.99605330535676
59343,3.99605330535676
59345,3.99605330535676
59347,3.99605330535676
59349,3.99605330535676
59357,3.99605330535676
59366,3.99605330535676
59368,3.99605330535676
59387,3.99605330535676
59391,3.99605330535676
59395,3.99605330535676
59397,3.99605330535676
59399,3.99605330535676
59402,3.99605330535676
59411,3.99605330535676
59412,3.99605330535676
59413,3.99605330535676
59414,3.99605330535676
59416,3.99605330535676
59423,3.99605330535676
59427,3.99605330535676
59432,3.99605330535676
59436,3.99605330535676
59440,3.99605330535676
59442,3.99605330535676
59463,3.99605330535676
59464,3.99605330535676
59467,3.99605330535676
59471,3.99605330535676
59480,3.99605330535676
59484,3.99605330535676
59492,3.99605330535676
59499,3.99605330535676
59503,3.99605330535676
59506,3.99605330535676
59519,3.99605330535676
59522,3.99605330535676
59528,3.99605330535676
59529,3.99605330535676
59531,3.99605330535676
59543,3.99605330535676
59544,3.99605330535676
59546,3.99605330535676
59562,3.99605330535676
59563,3.99605330535676
59570,3.99605330535676
59576,3.99605330535676
59580,3.99605330535676
59585,3.99605330535676
59586,3.99605330535676
59589,3.99605330535676
59591,3.99605330535676
59595,3.99605330535676
59598,3.99605330535676
59599,3.99605330535676
59608,3.99605330535676
59609,3.99605330535676
59614,3.99605330535676
59615,3.99605330535676
59618,3.99605330535676
59622,3.99605330535676
59630,3.99605330535676
59633,3.99605330535676
59634,3.99605330535676
59635,3.99605330535676
59637,3.99605330535676
59642,3.99605330535676
59644,3.99605330535676
59652,3.99605330535676
59663,3.99605330535676
59664,3.99605330535676
59668,3.99605330535676
59669,3.99605330535676
59672,3.99605330535676
59675,3.99605330535676
59678,3.99605330535676
59681,3.99605330535676
59693,3.99605330535676
59700,3.99605330535676
59701,3.99605330535676
59702,3.99605330535676
59711,3.99605330535676
59714,3.99605330535676
59717,3.99605330535676
59721,3.99605330535676
59722,3.99605330535676
59727,3.99605330535676
59730,3.99605330535676
59735,3.99605330535676
59746,3.99605330535676
59754,3.99605330535676
59768,3.99605330535676
59771,3.99605330535676
59775,3.99605330535676
59777,3.99605330535676
59782,3.99605330535676
59789,3.99605330535676
59796,3.99605330535676
59797,3.99605330535676
59800,3.99605330535676
59807,3.99605330535676
59817,3.99605330535676
59821,3.99605330535676
59849,3.99605330535676
59853,3.99605330535676
59857,3.99605330535676
59859,3.99605330535676
59860,3.99605330535676
59865,3.99605330535676
59869,3.99605330535676
59877,3.99605330535676
59887,3.99605330535676
59905,3.99605330535676
59912,3.99605330535676
59914,3.99605330535676
59921,3.99605330535676
59922,3.99605330535676
59925,3.99605330535676
59928,3.99605330535676
59929,3.99605330535676
59940,3.99605330535676
59950,3.99605330535676
59966,3.99605330535676
59967,3.99605330535676
59970,3.99605330535676
59979,3.99605330535676
59981,3.99605330535676
59990,3.99605330535676
59994,3.99605330535676
59995,3.99605330535676
60000,3.99605330535676
60007,3.99605330535676
60019,3.99605330535676
60021,3.99605330535676
60040,3.99605330535676
60050,3.99605330535676
60052,3.99605330535676
60055,3.99605330535676
60058,3.99605330535676
60064,3.99605330535676
60066,3.99605330535676
60072,3.99605330535676
60074,3.99605330535676
60086,3.99605330535676
60090,3.99605330535676
60091,3.99605330535676
60107,3.99605330535676
60109,3.99605330535676
60110,3.99605330535676
60116,3.99605330535676
60122,3.99605330535676
60125,3.99605330535676
60128,3.99605330535676
60138,3.99605330535676
60151,3.99605330535676
60159,3.99605330535676
60164,3.99605330535676
60167,3.99605330535676
60174,3.99605330535676
60192,3.99605330535676
60196,3.99605330535676
60200,3.99605330535676
60201,3.99605330535676
60203,3.99605330535676
60210,3.99605330535676
60213,3.99605330535676
60220,3.99605330535676
60222,3.99605330535676
60228,3.99605330535676
60236,3.99605330535676
60238,3.99605330535676
60249,3.99605330535676
60251,3.99605330535676
60255,3.99605330535676
60256,3.99605330535676
60259,3.99605330535676
60260,3.99605330535676
60262,3.99605330535676
60270,3.99605330535676
60277,3.99605330535676
60289,3.99605330535676
60296,3.99605330535676
60298,3.99605330535676
60304,3.99605330535676
60318,3.99605330535676
60337,3.99605330535676
60340,3.99605330535676
60343,3.99605330535676
60344,3.99605330535676
60349,3.99605330535676
60366,3.99605330535676
60386,3.99605330535676
60388,3.99605330535676
60390,3.99605330535676
60395,3.99605330535676
60398,3.99605330535676
60407,3.99605330535676
60419,3.99605330535676
60427,3.99605330535676
60429,3.99605330535676
60436,3.99605330535676
60438,3.99605330535676
60439,3.99605330535676
60441,3.99605330535676
60445,3.99605330535676
60457,3.99605330535676
60461,3.99605330535676
60462,3.99605330535676
60466,3.99605330535676
60468,3.99605330535676
60478,3.99605330535676
60479,3.99605330535676
60482,3.99605330535676
60485,3.99605330535676
60490,3.99605330535676
60492,3.99605330535676
60493,3.99605330535676
60501,3.99605330535676
60506,3.99605330535676
60520,3.99605330535676
60525,3.99605330535676
60526,3.99605330535676
60536,3.99605330535676
60539,3.99605330535676
60543,3.99605330535676
60544,3.99605330535676
60545,3.99605330535676
60552,3.99605330535676
60558,3.99605330535676
60559,3.99605330535676
60564,3.99605330535676
60565,3.99605330535676
60566,3.99605330535676
60575,3.99605330535676
60576,3.99605330535676
60580,3.99605330535676
60581,3.99605330535676
60596,3.99605330535676
60599,3.99605330535676
60600,3.99605330535676
60601,3.99605330535676
60610,3.99605330535676
60615,3.99605330535676
60616,3.99605330535676
60619,3.99605330535676
60623,3.99605330535676
60625,3.99605330535676
60631,3.99605330535676
60637,3.99605330535676
60641,3.99605330535676
60647,3.99605330535676
60665,3.99605330535676
60667,3.99605330535676
60675,3.99605330535676
60676,3.99605330535676
60687,3.99605330535676
60688,3.99605330535676
60694,3.99605330535676
60702,3.99605330535676
60704,3.99605330535676
60710,3.99605330535676
60713,3.99605330535676
60721,3.99605330535676
60722,3.99605330535676
60723,3.99605330535676
60725,3.99605330535676
60733,3.99605330535676
60736,3.99605330535676
60739,3.99605330535676
60749,3.99605330535676
60757,3.99605330535676
60759,3.99605330535676
60765,3.99605330535676
60773,3.99605330535676
60778,3.99605330535676
60790,3.99605330535676
60791,3.99605330535676
60792,3.99605330535676
60793,3.99605330535676
60797,3.99605330535676
60799,3.99605330535676
60800,3.99605330535676
60803,3.99605330535676
60806,3.99605330535676
60809,3.99605330535676
60815,3.99605330535676
60817,3.99605330535676
60822,3.99605330535676
60823,3.99605330535676
60828,3.99605330535676
60831,3.99605330535676
60833,3.99605330535676
60846,3.99605330535676
60847,3.99605330535676
60853,3.99605330535676
60857,3.99605330535676
60858,3.99605330535676
60861,3.99605330535676
60869,3.99605330535676
60872,3.99605330535676
60876,3.99605330535676
60880,3.99605330535676
60885,3.99605330535676
60886,3.99605330535676
60888,3.99605330535676
60893,3.99605330535676
60894,3.99605330535676
60896,3.99605330535676
60900,3.99605330535676
60908,3.99605330535676
60913,3.99605330535676
60914,3.99605330535676
60915,3.99605330535676
60924,3.99605330535676
60927,3.99605330535676
60934,3.99605330535676
60936,3.99605330535676
60948,3.99605330535676
60959,3.99605330535676
60978,3.99605330535676
60983,3.99605330535676
60992,3.99605330535676
60997,3.99605330535676
60999,3.99605330535676
61001,3.99605330535676
61002,3.99605330535676
61012,3.99605330535676
61014,3.99605330535676
61017,3.99605330535676
61025,3.99605330535676
61028,3.99605330535676
61033,3.99605330535676
61039,3.99605330535676
61043,3.99605330535676
61045,3.99605330535676
61048,3.99605330535676
61054,3.99605330535676
61058,3.99605330535676
61061,3.99605330535676
61066,3.99605330535676
61082,3.99605330535676
61089,3.99605330535676
61092,3.99605330535676
61105,3.99605330535676
61109,3.99605330535676
61116,3.99605330535676
61123,3.99605330535676
61132,3.99605330535676
61133,3.99605330535676
61135,3.99605330535676
61140,3.99605330535676
61145,3.99605330535676
61149,3.99605330535676
61150,3.99605330535676
61153,3.99605330535676
61154,3.99605330535676
61156,3.99605330535676
61157,3.99605330535676
61159,3.99605330535676
61165,3.99605330535676
61173,3.99605330535676
61181,3.99605330535676
61190,3.99605330535676
61191,3.99605330535676
61199,3.99605330535676
61203,3.99605330535676
61208,3.99605330535676
61210,3.99605330535676
61214,3.99605330535676
61225,3.99605330535676
61230,3.99605330535676
61238,3.99605330535676
61244,3.99605330535676
61254,3.99605330535676
61258,3.99605330535676
61268,3.99605330535676
61278,3.99605330535676
61282,3.99605330535676
61290,3.99605330535676
61306,3.99605330535676
61310,3.99605330535676
61316,3.99605330535676
61319,3.99605330535676
61322,3.99605330535676
61323,3.99605330535676
61326,3.99605330535676
61331,3.99605330535676
61332,3.99605330535676
61334,3.99605330535676
61349,3.99605330535676
61351,3.99605330535676
61353,3.99605330535676
61365,3.99605330535676
61366,3.99605330535676
61367,3.99605330535676
61375,3.99605330535676
61377,3.99605330535676
61383,3.99605330535676
61392,3.99605330535676
61400,3.99605330535676
61404,3.99605330535676
61412,3.99605330535676
61418,3.99605330535676
61419,3.99605330535676
61432,3.99605330535676
61444,3.99605330535676
61446,3.99605330535676
61447,3.99605330535676
61448,3.99605330535676
61455,3.99605330535676
61457,3.99605330535676
61472,3.99605330535676
61474,3.99605330535676
61475,3.99605330535676
61479,3.99605330535676
61487,3.99605330535676
61490,3.99605330535676
61494,3.99605330535676
61504,3.99605330535676
61511,3.99605330535676
61513,3.99605330535676
61515,3.99605330535676
61518,3.99605330535676
61520,3.99605330535676
61522,3.99605330535676
61523,3.99605330535676
61530,3.99605330535676
61534,3.99605330535676
61539,3.99605330535676
61542,3.99605330535676
61549,3.99605330535676
61553,3.99605330535676
61561,3.99605330535676
61562,3.99605330535676
61573,3.99605330535676
61580,3.99605330535676
61591,3.99605330535676
61593,3.99605330535676
61603,3.99605330535676
61604,3.99605330535676
61609,3.99605330535676
61611,3.99605330535676
61618,3.99605330535676
61624,3.99605330535676
61629,3.99605330535676
61630,3.99605330535676
61631,3.99605330535676
61649,3.99605330535676
61654,3.99605330535676
61655,3.99605330535676
61656,3.99605330535676
61670,3.99605330535676
61671,3.99605330535676
61673,3.99605330535676
61677,3.99605330535676
61679,3.99605330535676
61694,3.99605330535676
61706,3.99605330535676
61708,3.99605330535676
61713,3.99605330535676
61714,3.99605330535676
61719,3.99605330535676
61722,3.99605330535676
61738,3.99605330535676
61750,3.99605330535676
61752,3.99605330535676
61753,3.99605330535676
61755,3.99605330535676
61765,3.99605330535676
61766,3.99605330535676
61775,3.99605330535676
61778,3.99605330535676
61793,3.99605330535676
61794,3.99605330535676
61795,3.99605330535676
61800,3.99605330535676
61801,3.99605330535676
61809,3.99605330535676
61810,3.99605330535676
61814,3.99605330535676
61823,3.99605330535676
61824,3.99605330535676
61828,3.99605330535676
61830,3.99605330535676
61831,3.99605330535676
61832,3.99605330535676
61849,3.99605330535676
61851,3.99605330535676
61852,3.99605330535676
61854,3.99605330535676
61856,3.99605330535676
61858,3.99605330535676
61859,3.99605330535676
61866,3.99605330535676
61867,3.99605330535676
61888,3.99605330535676
61889,3.99605330535676
61891,3.99605330535676
61895,3.99605330535676
61900,3.99605330535676
61909,3.99605330535676
61915,3.99605330535676
61916,3.99605330535676
61917,3.99605330535676
61926,3.99605330535676
61927,3.99605330535676
61928,3.99605330535676
61929,3.99605330535676
61931,3.99605330535676
61936,3.99605330535676
61946,3.99605330535676
61948,3.99605330535676
61949,3.99605330535676
61953,3.99605330535676
61961,3.99605330535676
61963,3.99605330535676
61972,3.99605330535676
61979,3.99605330535676
61982,3.99605330535676
61988,3.99605330535676
62000,3.99605330535676
62005,3.99605330535676
62013,3.99605330535676
62018,3.99605330535676
62037,3.99605330535676
62043,3.99605330535676
62045,3.99605330535676
62051,3.99605330535676
62060,3.99605330535676
62064,3.99605330535676
62068,3.99605330535676
62069,3.99605330535676
62070,3.99605330535676
62071,3.99605330535676
62075,3.99605330535676
62076,3.99605330535676
62078,3.99605330535676
62085,3.99605330535676
62088,3.99605330535676
62093,3.99605330535676
62095,3.99605330535676
62102,3.99605330535676
62114,3.99605330535676
62116,3.99605330535676
62120,3.99605330535676
62132,3.99605330535676
62138,3.99605330535676
62139,3.99605330535676
62143,3.99605330535676
62144,3.99605330535676
62157,3.99605330535676
62158,3.99605330535676
62161,3.99605330535676
62173,3.99605330535676
62180,3.99605330535676
62182,3.99605330535676
62192,3.99605330535676
62197,3.99605330535676
62205,3.99605330535676
62207,3.99605330535676
62211,3.99605330535676
62212,3.99605330535676
62214,3.99605330535676
62215,3.99605330535676
62230,3.99605330535676
62233,3.99605330535676
62235,3.99605330535676
62242,3.99605330535676
62245,3.99605330535676
62261,3.99605330535676
62263,3.99605330535676
62265,3.99605330535676
62271,3.99605330535676
62272,3.99605330535676
62274,3.99605330535676
62279,3.99605330535676
62283,3.99605330535676
62287,3.99605330535676
62289,3.99605330535676
62302,3.99605330535676
62308,3.99605330535676
62309,3.99605330535676
62314,3.99605330535676
62331,3.99605330535676
62336,3.99605330535676
62337,3.99605330535676
62338,3.99605330535676
62342,3.99605330535676
62350,3.99605330535676
62356,3.99605330535676
62363,3.99605330535676
62378,3.99605330535676
62384,3.99605330535676
62394,3.99605330535676
62395,3.99605330535676
62409,3.99605330535676
62410,3.99605330535676
62415,3.99605330535676
62418,3.99605330535676
62427,3.99605330535676
62428,3.99605330535676
62429,3.99605330535676
62432,3.99605330535676
62442,3.99605330535676
62448,3.99605330535676
62449,3.99605330535676
62455,3.99605330535676
62458,3.99605330535676
62472,3.99605330535676
62473,3.99605330535676
62474,3.99605330535676
62477,3.99605330535676
62478,3.99605330535676
62480,3.99605330535676
62482,3.99605330535676
62495,3.99605330535676
62513,3.99605330535676
62519,3.99605330535676
62520,3.99605330535676
62524,3.99605330535676
62526,3.99605330535676
62533,3.99605330535676
62538,3.99605330535676
62540,3.99605330535676
62547,3.99605330535676
62552,3.99605330535676
62561,3.99605330535676
62571,3.99605330535676
62575,3.99605330535676
62607,3.99605330535676
62608,3.99605330535676
62616,3.99605330535676
62619,3.99605330535676
62620,3.99605330535676
62629,3.99605330535676
62631,3.99605330535676
62636,3.99605330535676
62637,3.99605330535676
62640,3.99605330535676
62641,3.99605330535676
62646,3.99605330535676
62650,3.99605330535676
62651,3.99605330535676
62655,3.99605330535676
62657,3.99605330535676
62672,3.99605330535676
62678,3.99605330535676
62691,3.99605330535676
62692,3.99605330535676
62707,3.99605330535676
62710,3.99605330535676
62712,3.99605330535676
62715,3.99605330535676
62716,3.99605330535676
62719,3.99605330535676
62723,3.99605330535676
62725,3.99605330535676
62729,3.99605330535676
62738,3.99605330535676
62753,3.99605330535676
62756,3.99605330535676
62758,3.99605330535676
62759,3.99605330535676
62767,3.99605330535676
62770,3.99605330535676
62774,3.99605330535676
62777,3.99605330535676
62789,3.99605330535676
62793,3.99605330535676
62798,3.99605330535676
62799,3.99605330535676
62809,3.99605330535676
62815,3.99605330535676
62817,3.99605330535676
62819,3.99605330535676
62822,3.99605330535676
62825,3.99605330535676
62826,3.99605330535676
62828,3.99605330535676
62831,3.99605330535676
62837,3.99605330535676
62849,3.99605330535676
62856,3.99605330535676
62857,3.99605330535676
62866,3.99605330535676
62873,3.99605330535676
62874,3.99605330535676
62878,3.99605330535676
62880,3.99605330535676
62885,3.99605330535676
62886,3.99605330535676
62893,3.99605330535676
62904,3.99605330535676
62908,3.99605330535676
62911,3.99605330535676
62935,3.99605330535676
62936,3.99605330535676
62937,3.99605330535676
62945,3.99605330535676
62946,3.99605330535676
62950,3.99605330535676
62960,3.99605330535676
62961,3.99605330535676
62963,3.99605330535676
62969,3.99605330535676
62981,3.99605330535676
62986,3.99605330535676
62987,3.99605330535676
62988,3.99605330535676
62991,3.99605330535676
62994,3.99605330535676
63000,3.99605330535676
63010,3.99605330535676
63014,3.99605330535676
63024,3.99605330535676
63027,3.99605330535676
63035,3.99605330535676
63036,3.99605330535676
63039,3.99605330535676
63040,3.99605330535676
63053,3.99605330535676
63060,3.99605330535676
63062,3.99605330535676
63081,3.99605330535676
63083,3.99605330535676
63092,3.99605330535676
63093,3.99605330535676
63095,3.99605330535676
63100,3.99605330535676
63107,3.99605330535676
63109,3.99605330535676
63116,3.99605330535676
63122,3.99605330535676
63125,3.99605330535676
63130,3.99605330535676
63132,3.99605330535676
63134,3.99605330535676
63138,3.99605330535676
63148,3.99605330535676
63158,3.99605330535676
63159,3.99605330535676
63172,3.99605330535676
63175,3.99605330535676
63177,3.99605330535676
63179,3.99605330535676
63184,3.99605330535676
63186,3.99605330535676
63187,3.99605330535676
63189,3.99605330535676
63190,3.99605330535676
63193,3.99605330535676
63194,3.99605330535676
63195,3.99605330535676
63197,3.99605330535676
63211,3.99605330535676
63213,3.99605330535676
63216,3.99605330535676
63223,3.99605330535676
63227,3.99605330535676
63230,3.99605330535676
63237,3.99605330535676
63252,3.99605330535676
63259,3.99605330535676
63264,3.99605330535676
63265,3.99605330535676
63274,3.99605330535676
63280,3.99605330535676
63281,3.99605330535676
63286,3.99605330535676
63287,3.99605330535676
63288,3.99605330535676
63295,3.99605330535676
63299,3.99605330535676
63307,3.99605330535676
63315,3.99605330535676
63325,3.99605330535676
63328,3.99605330535676
63336,3.99605330535676
63341,3.99605330535676
63345,3.99605330535676
63351,3.99605330535676
63361,3.99605330535676
63364,3.99605330535676
63365,3.99605330535676
63367,3.99605330535676
63368,3.99605330535676
63369,3.99605330535676
63371,3.99605330535676
63375,3.99605330535676
63376,3.99605330535676
63377,3.99605330535676
63384,3.99605330535676
63385,3.99605330535676
63388,3.99605330535676
63394,3.99605330535676
63400,3.99605330535676
63401,3.99605330535676
63403,3.99605330535676
63411,3.99605330535676
63412,3.99605330535676
63413,3.99605330535676
63415,3.99605330535676
63416,3.99605330535676
63419,3.99605330535676
63423,3.99605330535676
63435,3.99605330535676
63440,3.99605330535676
63443,3.99605330535676
63457,3.99605330535676
63461,3.99605330535676
63463,3.99605330535676
63467,3.99605330535676
63468,3.99605330535676
63476,3.99605330535676
63479,3.99605330535676
63480,3.99605330535676
63487,3.99605330535676
63489,3.99605330535676
63491,3.99605330535676
63500,3.99605330535676
63503,3.99605330535676
63511,3.99605330535676
63516,3.99605330535676
63517,3.99605330535676
63518,3.99605330535676
63524,3.99605330535676
63532,3.99605330535676
63535,3.99605330535676
63539,3.99605330535676
63543,3.99605330535676
63546,3.99605330535676
63549,3.99605330535676
63552,3.99605330535676
63554,3.99605330535676
63556,3.99605330535676
63560,3.99605330535676
63567,3.99605330535676
63573,3.99605330535676
63587,3.99605330535676
63590,3.99605330535676
63592,3.99605330535676
63602,3.99605330535676
63608,3.99605330535676
63619,3.99605330535676
63623,3.99605330535676
63625,3.99605330535676
63629,3.99605330535676
63633,3.99605330535676
63639,3.99605330535676
63643,3.99605330535676
63646,3.99605330535676
63654,3.99605330535676
63661,3.99605330535676
63664,3.99605330535676
63672,3.99605330535676
63674,3.99605330535676
63676,3.99605330535676
63677,3.99605330535676
63687,3.99605330535676
63698,3.99605330535676
63704,3.99605330535676
63710,3.99605330535676
63716,3.99605330535676
63720,3.99605330535676
63724,3.99605330535676
63725,3.99605330535676
63729,3.99605330535676
63730,3.99605330535676
63736,3.99605330535676
63747,3.99605330535676
63753,3.99605330535676
63754,3.99605330535676
63760,3.99605330535676
63767,3.99605330535676
63776,3.99605330535676
63777,3.99605330535676
63787,3.99605330535676
63788,3.99605330535676
63789,3.99605330535676
63796,3.99605330535676
63803,3.99605330535676
63811,3.99605330535676
63814,3.99605330535676
63815,3.99605330535676
63821,3.99605330535676
63824,3.99605330535676
63828,3.99605330535676
63829,3.99605330535676
63833,3.99605330535676
63857,3.99605330535676
63862,3.99605330535676
63868,3.99605330535676
63869,3.99605330535676
63884,3.99605330535676
63891,3.99605330535676
63899,3.99605330535676
63903,3.99605330535676
63904,3.99605330535676
63905,3.99605330535676
63918,3.99605330535676
63920,3.99605330535676
63923,3.99605330535676
63927,3.99605330535676
63929,3.99605330535676
63935,3.99605330535676
63939,3.99605330535676
63944,3.99605330535676
63947,3.99605330535676
63950,3.99605330535676
63954,3.99605330535676
63965,3.99605330535676
63983,3.99605330535676
63992,3.99605330535676
63993,3.99605330535676
63994,3.99605330535676
63996,3.99605330535676
63998,3.99605330535676
63999,3.99605330535676
64000,3.99605330535676
64003,3.99605330535676
64009,3.99605330535676
64019,3.99605330535676
64021,3.99605330535676
64026,3.99605330535676
64034,3.99605330535676
64039,3.99605330535676
64050,3.99605330535676
64057,3.99605330535676
64071,3.99605330535676
64072,3.99605330535676
64079,3.99605330535676
64083,3.99605330535676
64100,3.99605330535676
64102,3.99605330535676
64106,3.99605330535676
64108,3.99605330535676
64112,3.99605330535676
64115,3.99605330535676
64116,3.99605330535676
64120,3.99605330535676
64125,3.99605330535676
64130,3.99605330535676
64133,3.99605330535676
64136,3.99605330535676
64139,3.99605330535676
64142,3.99605330535676
64146,3.99605330535676
64149,3.99605330535676
64153,3.99605330535676
64156,3.99605330535676
64163,3.99605330535676
64167,3.99605330535676
64168,3.99605330535676
64172,3.99605330535676
64179,3.99605330535676
64190,3.99605330535676
64191,3.99605330535676
64194,3.99605330535676
64198,3.99605330535676
64202,3.99605330535676
64203,3.99605330535676
64211,3.99605330535676
64222,3.99605330535676
64226,3.99605330535676
64240,3.99605330535676
64243,3.99605330535676
64244,3.99605330535676
64252,3.99605330535676
64253,3.99605330535676
64254,3.99605330535676
64257,3.99605330535676
64258,3.99605330535676
64263,3.99605330535676
64272,3.99605330535676
64280,3.99605330535676
64282,3.99605330535676
64283,3.99605330535676
64284,3.99605330535676
64287,3.99605330535676
64293,3.99605330535676
64296,3.99605330535676
64298,3.99605330535676
64300,3.99605330535676
64302,3.99605330535676
64309,3.99605330535676
64311,3.99605330535676
64314,3.99605330535676
64320,3.99605330535676
64332,3.99605330535676
64333,3.99605330535676
64335,3.99605330535676
64336,3.99605330535676
64337,3.99605330535676
64338,3.99605330535676
64347,3.99605330535676
64349,3.99605330535676
64353,3.99605330535676
64354,3.99605330535676
64359,3.99605330535676
64365,3.99605330535676
64366,3.99605330535676
64369,3.99605330535676
64371,3.99605330535676
64376,3.99605330535676
64381,3.99605330535676
64384,3.99605330535676
64385,3.99605330535676
64386,3.99605330535676
64399,3.99605330535676
64404,3.99605330535676
64408,3.99605330535676
64411,3.99605330535676
64415,3.99605330535676
64416,3.99605330535676
64417,3.99605330535676
64419,3.99605330535676
64424,3.99605330535676
64440,3.99605330535676
64442,3.99605330535676
64450,3.99605330535676
64451,3.99605330535676
64452,3.99605330535676
64453,3.99605330535676
64455,3.99605330535676
64458,3.99605330535676
64465,3.99605330535676
64466,3.99605330535676
64479,3.99605330535676
64483,3.99605330535676
64492,3.99605330535676
64493,3.99605330535676
64495,3.99605330535676
64498,3.99605330535676
64520,3.99605330535676
64525,3.99605330535676
64530,3.99605330535676
64543,3.99605330535676
64551,3.99605330535676
64554,3.99605330535676
64562,3.99605330535676
64566,3.99605330535676
64567,3.99605330535676
64577,3.99605330535676
64578,3.99605330535676
64587,3.99605330535676
64589,3.99605330535676
64590,3.99605330535676
64600,3.99605330535676
64608,3.99605330535676
64614,3.99605330535676
64615,3.99605330535676
64631,3.99605330535676
64642,3.99605330535676
64648,3.99605330535676
64652,3.99605330535676
64654,3.99605330535676
64665,3.99605330535676
64670,3.99605330535676
64672,3.99605330535676
64681,3.99605330535676
64682,3.99605330535676
64687,3.99605330535676
64693,3.99605330535676
64696,3.99605330535676
64708,3.99605330535676
64712,3.99605330535676
64718,3.99605330535676
64719,3.99605330535676
64723,3.99605330535676
64740,3.99605330535676
64742,3.99605330535676
64747,3.99605330535676
64750,3.99605330535676
64752,3.99605330535676
64769,3.99605330535676
64772,3.99605330535676
64775,3.99605330535676
64784,3.99605330535676
64795,3.99605330535676
64797,3.99605330535676
64800,3.99605330535676
64803,3.99605330535676
64818,3.99605330535676
64830,3.99605330535676
64831,3.99605330535676
64839,3.99605330535676
64841,3.99605330535676
64847,3.99605330535676
64848,3.99605330535676
64849,3.99605330535676
64857,3.99605330535676
64859,3.99605330535676
64860,3.99605330535676
64864,3.99605330535676
64870,3.99605330535676
64871,3.99605330535676
64875,3.99605330535676
64876,3.99605330535676
64882,3.99605330535676
64892,3.99605330535676
64897,3.99605330535676
64901,3.99605330535676
64902,3.99605330535676
64905,3.99605330535676
64907,3.99605330535676
64910,3.99605330535676
64919,3.99605330535676
64926,3.99605330535676
64932,3.99605330535676
64939,3.99605330535676
64942,3.99605330535676
64949,3.99605330535676
64961,3.99605330535676
64962,3.99605330535676
64981,3.99605330535676
64989,3.99605330535676
64990,3.99605330535676
64995,3.99605330535676
65004,3.99605330535676
65008,3.99605330535676
65009,3.99605330535676
65014,3.99605330535676
65016,3.99605330535676
65019,3.99605330535676
65036,3.99605330535676
65041,3.99605330535676
65044,3.99605330535676
65047,3.99605330535676
65048,3.99605330535676
65055,3.99605330535676
65057,3.99605330535676
65058,3.99605330535676
65060,3.99605330535676
65061,3.99605330535676
65064,3.99605330535676
65066,3.99605330535676
65068,3.99605330535676
65072,3.99605330535676
65082,3.99605330535676
65090,3.99605330535676
65093,3.99605330535676
65099,3.99605330535676
65104,3.99605330535676
65122,3.99605330535676
65123,3.99605330535676
65126,3.99605330535676
65129,3.99605330535676
65138,3.99605330535676
65146,3.99605330535676
65152,3.99605330535676
65157,3.99605330535676
65158,3.99605330535676
65160,3.99605330535676
65162,3.99605330535676
65163,3.99605330535676
65168,3.99605330535676
65171,3.99605330535676
65173,3.99605330535676
65175,3.99605330535676
65177,3.99605330535676
65184,3.99605330535676
65192,3.99605330535676
65193,3.99605330535676
65197,3.99605330535676
65204,3.99605330535676
65205,3.99605330535676
65215,3.99605330535676
65216,3.99605330535676
65219,3.99605330535676
65220,3.99605330535676
65222,3.99605330535676
65224,3.99605330535676
65229,3.99605330535676
65230,3.99605330535676
65235,3.99605330535676
65238,3.99605330535676
65249,3.99605330535676
65263,3.99605330535676
65274,3.99605330535676
65284,3.99605330535676
65288,3.99605330535676
65297,3.99605330535676
65299,3.99605330535676
65302,3.99605330535676
65317,3.99605330535676
65323,3.99605330535676
65324,3.99605330535676
65325,3.99605330535676
65329,3.99605330535676
65331,3.99605330535676
65335,3.99605330535676
65337,3.99605330535676
65341,3.99605330535676
65342,3.99605330535676
65344,3.99605330535676
65345,3.99605330535676
65351,3.99605330535676
65354,3.99605330535676
65355,3.99605330535676
65359,3.99605330535676
65371,3.99605330535676
65388,3.99605330535676
65397,3.99605330535676
65403,3.99605330535676
65411,3.99605330535676
65415,3.99605330535676
65419,3.99605330535676
65426,3.99605330535676
65428,3.99605330535676
65431,3.99605330535676
65433,3.99605330535676
65437,3.99605330535676
65441,3.99605330535676
65444,3.99605330535676
65457,3.99605330535676
65463,3.99605330535676
65465,3.99605330535676
65470,3.99605330535676
65472,3.99605330535676
65479,3.99605330535676
65486,3.99605330535676
65494,3.99605330535676
65495,3.99605330535676
65500,3.99605330535676
65501,3.99605330535676
65503,3.99605330535676
65504,3.99605330535676
65505,3.99605330535676
65511,3.99605330535676
65513,3.99605330535676
65532,3.99605330535676
65533,3.99605330535676
65538,3.99605330535676
65539,3.99605330535676
65543,3.99605330535676
65552,3.99605330535676
65553,3.99605330535676
65555,3.99605330535676
65556,3.99605330535676
65566,3.99605330535676
65571,3.99605330535676
65573,3.99605330535676
65582,3.99605330535676
65585,3.99605330535676
65586,3.99605330535676
65595,3.99605330535676
65600,3.99605330535676
65605,3.99605330535676
65613,3.99605330535676
65615,3.99605330535676
65616,3.99605330535676
65621,3.99605330535676
65627,3.99605330535676
65646,3.99605330535676
65650,3.99605330535676
65654,3.99605330535676
65655,3.99605330535676
65657,3.99605330535676
65664,3.99605330535676
65666,3.99605330535676
65667,3.99605330535676
65671,3.99605330535676
65672,3.99605330535676
65675,3.99605330535676
65676,3.99605330535676
65682,3.99605330535676
65690,3.99605330535676
65695,3.99605330535676
65696,3.99605330535676
65697,3.99605330535676
65707,3.99605330535676
65713,3.99605330535676
65716,3.99605330535676
65719,3.99605330535676
65723,3.99605330535676
65728,3.99605330535676
65732,3.99605330535676
65736,3.99605330535676
65738,3.99605330535676
65743,3.99605330535676
65748,3.99605330535676
65759,3.99605330535676
65780,3.99605330535676
65788,3.99605330535676
65795,3.99605330535676
65807,3.99605330535676
65810,3.99605330535676
65813,3.99605330535676
65822,3.99605330535676
65823,3.99605330535676
65824,3.99605330535676
65832,3.99605330535676
65835,3.99605330535676
65842,3.99605330535676
65844,3.99605330535676
65850,3.99605330535676
65852,3.99605330535676
65862,3.99605330535676
65867,3.99605330535676
65872,3.99605330535676
65880,3.99605330535676
65882,3.99605330535676
65893,3.99605330535676
65905,3.99605330535676
65906,3.99605330535676
65908,3.99605330535676
65921,3.99605330535676
65929,3.99605330535676
65935,3.99605330535676
65942,3.99605330535676
65958,3.99605330535676
65961,3.99605330535676
65970,3.99605330535676
65972,3.99605330535676
65976,3.99605330535676
65979,3.99605330535676
65980,3.99605330535676
65984,3.99605330535676
65989,3.99605330535676
65996,3.99605330535676
66016,3.99605330535676
66020,3.99605330535676
66035,3.99605330535676
66036,3.99605330535676
66046,3.99605330535676
66049,3.99605330535676
66063,3.99605330535676
66070,3.99605330535676
66071,3.99605330535676
66076,3.99605330535676
66088,3.99605330535676
66090,3.99605330535676
66092,3.99605330535676
66093,3.99605330535676
66094,3.99605330535676
66095,3.99605330535676
66102,3.99605330535676
66103,3.99605330535676
66106,3.99605330535676
66107,3.99605330535676
66108,3.99605330535676
66110,3.99605330535676
66116,3.99605330535676
66118,3.99605330535676
66130,3.99605330535676
66135,3.99605330535676
66139,3.99605330535676
66142,3.99605330535676
66152,3.99605330535676
66154,3.99605330535676
66167,3.99605330535676
66169,3.99605330535676
66181,3.99605330535676
66184,3.99605330535676
66196,3.99605330535676
66205,3.99605330535676
66208,3.99605330535676
66209,3.99605330535676
66237,3.99605330535676
66239,3.99605330535676
66246,3.99605330535676
66247,3.99605330535676
66250,3.99605330535676
66254,3.99605330535676
66256,3.99605330535676
66310,3.99605330535676
66311,3.99605330535676
66312,3.99605330535676
66315,3.99605330535676
66316,3.99605330535676
66317,3.99605330535676
66323,3.99605330535676
66325,3.99605330535676
66328,3.99605330535676
66332,3.99605330535676
66344,3.99605330535676
66351,3.99605330535676
66358,3.99605330535676
66360,3.99605330535676
66367,3.99605330535676
66368,3.99605330535676
66371,3.99605330535676
66375,3.99605330535676
66376,3.99605330535676
66383,3.99605330535676
66398,3.99605330535676
66413,3.99605330535676
66427,3.99605330535676
66430,3.99605330535676
66433,3.99605330535676
66434,3.99605330535676
66437,3.99605330535676
66441,3.99605330535676
66446,3.99605330535676
66454,3.99605330535676
66458,3.99605330535676
66459,3.99605330535676
66466,3.99605330535676
66468,3.99605330535676
66475,3.99605330535676
66476,3.99605330535676
66485,3.99605330535676
66486,3.99605330535676
66506,3.99605330535676
66513,3.99605330535676
66522,3.99605330535676
66529,3.99605330535676
66533,3.99605330535676
66534,3.99605330535676
66538,3.99605330535676
66542,3.99605330535676
66544,3.99605330535676
66553,3.99605330535676
66558,3.99605330535676
66559,3.99605330535676
66560,3.99605330535676
66561,3.99605330535676
66563,3.99605330535676
66566,3.99605330535676
66568,3.99605330535676
66570,3.99605330535676
66574,3.99605330535676
66576,3.99605330535676
66581,3.99605330535676
66593,3.99605330535676
66595,3.99605330535676
66600,3.99605330535676
66601,3.99605330535676
66602,3.99605330535676
66609,3.99605330535676
66617,3.99605330535676
66621,3.99605330535676
66622,3.99605330535676
66633,3.99605330535676
66635,3.99605330535676
66639,3.99605330535676
66647,3.99605330535676
66658,3.99605330535676
66664,3.99605330535676
66665,3.99605330535676
66684,3.99605330535676
66685,3.99605330535676
66686,3.99605330535676
66687,3.99605330535676
66698,3.99605330535676
66705,3.99605330535676
66708,3.99605330535676
66715,3.99605330535676
66719,3.99605330535676
66725,3.99605330535676
66727,3.99605330535676
66729,3.99605330535676
66739,3.99605330535676
66749,3.99605330535676
66751,3.99605330535676
66752,3.99605330535676
66753,3.99605330535676
66760,3.99605330535676
66765,3.99605330535676
66770,3.99605330535676
66773,3.99605330535676
66775,3.99605330535676
66778,3.99605330535676
66781,3.99605330535676
66782,3.99605330535676
66788,3.99605330535676
66795,3.99605330535676
66797,3.99605330535676
66803,3.99605330535676
66814,3.99605330535676
66818,3.99605330535676
66822,3.99605330535676
66828,3.99605330535676
66830,3.99605330535676
66837,3.99605330535676
66845,3.99605330535676
66852,3.99605330535676
66863,3.99605330535676
66873,3.99605330535676
66882,3.99605330535676
66901,3.99605330535676
66902,3.99605330535676
66904,3.99605330535676
66907,3.99605330535676
66912,3.99605330535676
66915,3.99605330535676
66923,3.99605330535676
66927,3.99605330535676
66931,3.99605330535676
66935,3.99605330535676
66940,3.99605330535676
66942,3.99605330535676
66946,3.99605330535676
66950,3.99605330535676
66957,3.99605330535676
66959,3.99605330535676
66960,3.99605330535676
66967,3.99605330535676
66975,3.99605330535676
66985,3.99605330535676
66987,3.99605330535676
66989,3.99605330535676
66991,3.99605330535676
66994,3.99605330535676
66995,3.99605330535676
67003,3.99605330535676
67005,3.99605330535676
67017,3.99605330535676
67022,3.99605330535676
67038,3.99605330535676
67053,3.99605330535676
67063,3.99605330535676
67067,3.99605330535676
67071,3.99605330535676
67074,3.99605330535676
67077,3.99605330535676
67080,3.99605330535676
67081,3.99605330535676
67086,3.99605330535676
67089,3.99605330535676
67093,3.99605330535676
67094,3.99605330535676
67098,3.99605330535676
67103,3.99605330535676
67115,3.99605330535676
67116,3.99605330535676
67117,3.99605330535676
67118,3.99605330535676
67129,3.99605330535676
67131,3.99605330535676
67137,3.99605330535676
67146,3.99605330535676
67165,3.99605330535676
67175,3.99605330535676
67176,3.99605330535676
67186,3.99605330535676
67188,3.99605330535676
67190,3.99605330535676
67191,3.99605330535676
67206,3.99605330535676
67217,3.99605330535676
67219,3.99605330535676
67232,3.99605330535676
67233,3.99605330535676
67240,3.99605330535676
67242,3.99605330535676
67248,3.99605330535676
67277,3.99605330535676
67292,3.99605330535676
67303,3.99605330535676
67306,3.99605330535676
67308,3.99605330535676
67313,3.99605330535676
67320,3.99605330535676
67321,3.99605330535676
67324,3.99605330535676
67328,3.99605330535676
67330,3.99605330535676
67334,3.99605330535676
67337,3.99605330535676
67351,3.99605330535676
67352,3.99605330535676
67353,3.99605330535676
67363,3.99605330535676
67364,3.99605330535676
67368,3.99605330535676
67370,3.99605330535676
67375,3.99605330535676
67382,3.99605330535676
67384,3.99605330535676
67387,3.99605330535676
67397,3.99605330535676
67408,3.99605330535676
67413,3.99605330535676
67416,3.99605330535676
67423,3.99605330535676
67426,3.99605330535676
67427,3.99605330535676
67428,3.99605330535676
67438,3.99605330535676
67439,3.99605330535676
67447,3.99605330535676
67452,3.99605330535676
67454,3.99605330535676
67461,3.99605330535676
67463,3.99605330535676
67475,3.99605330535676
67488,3.99605330535676
67492,3.99605330535676
67496,3.99605330535676
67498,3.99605330535676
67503,3.99605330535676
67514,3.99605330535676
67515,3.99605330535676
67516,3.99605330535676
67533,3.99605330535676
67538,3.99605330535676
67539,3.99605330535676
67547,3.99605330535676
67548,3.99605330535676
67560,3.99605330535676
67564,3.99605330535676
67567,3.99605330535676
67573,3.99605330535676
67574,3.99605330535676
67584,3.99605330535676
67585,3.99605330535676
67589,3.99605330535676
67591,3.99605330535676
67592,3.99605330535676
67593,3.99605330535676
67598,3.99605330535676
67599,3.99605330535676
67601,3.99605330535676
67602,3.99605330535676
67603,3.99605330535676
67613,3.99605330535676
67620,3.99605330535676
67629,3.99605330535676
67637,3.99605330535676
67643,3.99605330535676
67656,3.99605330535676
67657,3.99605330535676
67662,3.99605330535676
67670,3.99605330535676
67674,3.99605330535676
67677,3.99605330535676
67689,3.99605330535676
67695,3.99605330535676
67705,3.99605330535676
67712,3.99605330535676
67717,3.99605330535676
67720,3.99605330535676
67729,3.99605330535676
67730,3.99605330535676
67733,3.99605330535676
67735,3.99605330535676
67737,3.99605330535676
67739,3.99605330535676
67741,3.99605330535676
67747,3.99605330535676
67752,3.99605330535676
67762,3.99605330535676
67781,3.99605330535676
67782,3.99605330535676
67793,3.99605330535676
67798,3.99605330535676
67804,3.99605330535676
67808,3.99605330535676
67815,3.99605330535676
67816,3.99605330535676
67818,3.99605330535676
67831,3.99605330535676
67832,3.99605330535676
67835,3.99605330535676
67836,3.99605330535676
67846,3.99605330535676
67857,3.99605330535676
67858,3.99605330535676
67871,3.99605330535676
67872,3.99605330535676
67880,3.99605330535676
67883,3.99605330535676
67888,3.99605330535676
67892,3.99605330535676
67904,3.99605330535676
67905,3.99605330535676
67907,3.99605330535676
67908,3.99605330535676
67910,3.99605330535676
67912,3.99605330535676
67927,3.99605330535676
67928,3.99605330535676
67929,3.99605330535676
67934,3.99605330535676
67936,3.99605330535676
67937,3.99605330535676
67942,3.99605330535676
67945,3.99605330535676
67952,3.99605330535676
67962,3.99605330535676
67963,3.99605330535676
67966,3.99605330535676
67973,3.99605330535676
67977,3.99605330535676
67978,3.99605330535676
67981,3.99605330535676
67983,3.99605330535676
67994,3.99605330535676
67996,3.99605330535676
67997,3.99605330535676
67999,3.99605330535676
68002,3.99605330535676
68007,3.99605330535676
68015,3.99605330535676
68024,3.99605330535676
68030,3.99605330535676
68031,3.99605330535676
68043,3.99605330535676
68048,3.99605330535676
68050,3.99605330535676
68053,3.99605330535676
68057,3.99605330535676
68069,3.99605330535676
68080,3.99605330535676
68084,3.99605330535676
68092,3.99605330535676
68099,3.99605330535676
68100,3.99605330535676
68107,3.99605330535676
68109,3.99605330535676
68120,3.99605330535676
68126,3.99605330535676
68128,3.99605330535676
68152,3.99605330535676
68153,3.99605330535676
68167,3.99605330535676
68170,3.99605330535676
68176,3.99605330535676
68195,3.99605330535676
68201,3.99605330535676
68202,3.99605330535676
68217,3.99605330535676
68220,3.99605330535676
68221,3.99605330535676
68228,3.99605330535676
68229,3.99605330535676
68236,3.99605330535676
68249,3.99605330535676
68256,3.99605330535676
68258,3.99605330535676
68265,3.99605330535676
68266,3.99605330535676
68268,3.99605330535676
68276,3.99605330535676
68279,3.99605330535676
68299,3.99605330535676
68304,3.99605330535676
68307,3.99605330535676
68316,3.99605330535676
68321,3.99605330535676
68323,3.99605330535676
68327,3.99605330535676
68340,3.99605330535676
68343,3.99605330535676
68344,3.99605330535676
68353,3.99605330535676
68354,3.99605330535676
68357,3.99605330535676
68359,3.99605330535676
68362,3.99605330535676
68364,3.99605330535676
68367,3.99605330535676
68371,3.99605330535676
68372,3.99605330535676
68373,3.99605330535676
68375,3.99605330535676
68379,3.99605330535676
68383,3.99605330535676
68390,3.99605330535676
68394,3.99605330535676
68406,3.99605330535676
68410,3.99605330535676
68411,3.99605330535676
68413,3.99605330535676
68418,3.99605330535676
68427,3.99605330535676
68436,3.99605330535676
68450,3.99605330535676
68455,3.99605330535676
68457,3.99605330535676
68461,3.99605330535676
68475,3.99605330535676
68476,3.99605330535676
68486,3.99605330535676
68493,3.99605330535676
68497,3.99605330535676
68509,3.99605330535676
68512,3.99605330535676
68517,3.99605330535676
68523,3.99605330535676
68525,3.99605330535676
68531,3.99605330535676
68532,3.99605330535676
68534,3.99605330535676
68538,3.99605330535676
68540,3.99605330535676
68541,3.99605330535676
68545,3.99605330535676
68554,3.99605330535676
68565,3.99605330535676
68571,3.99605330535676
68572,3.99605330535676
68574,3.99605330535676
68582,3.99605330535676
68586,3.99605330535676
68588,3.99605330535676
68590,3.99605330535676
68597,3.99605330535676
68602,3.99605330535676
68605,3.99605330535676
68607,3.99605330535676
68618,3.99605330535676
68629,3.99605330535676
68631,3.99605330535676
68648,3.99605330535676
68652,3.99605330535676
68654,3.99605330535676
68672,3.99605330535676
68682,3.99605330535676
68687,3.99605330535676
68691,3.99605330535676
68698,3.99605330535676
68704,3.99605330535676
68707,3.99605330535676
68709,3.99605330535676
68722,3.99605330535676
68723,3.99605330535676
68725,3.99605330535676
68733,3.99605330535676
68736,3.99605330535676
68740,3.99605330535676
68747,3.99605330535676
68754,3.99605330535676
68768,3.99605330535676
68776,3.99605330535676
68787,3.99605330535676
68788,3.99605330535676
68791,3.99605330535676
68796,3.99605330535676
68802,3.99605330535676
68804,3.99605330535676
68805,3.99605330535676
68818,3.99605330535676
68820,3.99605330535676
68825,3.99605330535676
68826,3.99605330535676
68827,3.99605330535676
68830,3.99605330535676
68831,3.99605330535676
68834,3.99605330535676
68839,3.99605330535676
68844,3.99605330535676
68859,3.99605330535676
68860,3.99605330535676
68862,3.99605330535676
68863,3.99605330535676
68868,3.99605330535676
68871,3.99605330535676
68876,3.99605330535676
68877,3.99605330535676
68879,3.99605330535676
68881,3.99605330535676
68882,3.99605330535676
68886,3.99605330535676
68887,3.99605330535676
68896,3.99605330535676
68899,3.99605330535676
68907,3.99605330535676
68910,3.99605330535676
68913,3.99605330535676
68915,3.99605330535676
68921,3.99605330535676
68922,3.99605330535676
68925,3.99605330535676
68927,3.99605330535676
68937,3.99605330535676
68942,3.99605330535676
68944,3.99605330535676
68947,3.99605330535676
68950,3.99605330535676
68953,3.99605330535676
68965,3.99605330535676
68980,3.99605330535676
68986,3.99605330535676
69010,3.99605330535676
69012,3.99605330535676
69016,3.99605330535676
69021,3.99605330535676
69023,3.99605330535676
69038,3.99605330535676
69044,3.99605330535676
69049,3.99605330535676
69051,3.99605330535676
69053,3.99605330535676
69057,3.99605330535676
69059,3.99605330535676
69062,3.99605330535676
69066,3.99605330535676
69078,3.99605330535676
69081,3.99605330535676
69082,3.99605330535676
69087,3.99605330535676
69095,3.99605330535676
69110,3.99605330535676
69111,3.99605330535676
69112,3.99605330535676
69113,3.99605330535676
69124,3.99605330535676
69127,3.99605330535676
69128,3.99605330535676
69135,3.99605330535676
69137,3.99605330535676
69141,3.99605330535676
69156,3.99605330535676
69164,3.99605330535676
69169,3.99605330535676
69177,3.99605330535676
69181,3.99605330535676
69187,3.99605330535676
69190,3.99605330535676
69194,3.99605330535676
69195,3.99605330535676
69202,3.99605330535676
69204,3.99605330535676
69208,3.99605330535676
69215,3.99605330535676
69217,3.99605330535676
69219,3.99605330535676
69229,3.99605330535676
69230,3.99605330535676
69231,3.99605330535676
69237,3.99605330535676
69247,3.99605330535676
69266,3.99605330535676
69268,3.99605330535676
69274,3.99605330535676
69276,3.99605330535676
69282,3.99605330535676
69283,3.99605330535676
69294,3.99605330535676
69295,3.99605330535676
69296,3.99605330535676
69297,3.99605330535676
69299,3.99605330535676
69306,3.99605330535676
69308,3.99605330535676
69347,3.99605330535676
69350,3.99605330535676
69351,3.99605330535676
69355,3.99605330535676
69357,3.99605330535676
69359,3.99605330535676
69364,3.99605330535676
69367,3.99605330535676
69369,3.99605330535676
69372,3.99605330535676
69376,3.99605330535676
69386,3.99605330535676
69390,3.99605330535676
69395,3.99605330535676
69409,3.99605330535676
69421,3.99605330535676
69428,3.99605330535676
69431,3.99605330535676
69443,3.99605330535676
69451,3.99605330535676
69455,3.99605330535676
69457,3.99605330535676
69466,3.99605330535676
69469,3.99605330535676
69470,3.99605330535676
69474,3.99605330535676
69475,3.99605330535676
69484,3.99605330535676
69489,3.99605330535676
69493,3.99605330535676
69496,3.99605330535676
69501,3.99605330535676
69505,3.99605330535676
69512,3.99605330535676
69514,3.99605330535676
69515,3.99605330535676
69520,3.99605330535676
69525,3.99605330535676
69527,3.99605330535676
69532,3.99605330535676
69543,3.99605330535676
69544,3.99605330535676
69555,3.99605330535676
69556,3.99605330535676
69557,3.99605330535676
69558,3.99605330535676
69570,3.99605330535676
69575,3.99605330535676
69577,3.99605330535676
69581,3.99605330535676
69588,3.99605330535676
69594,3.99605330535676
69605,3.99605330535676
69607,3.99605330535676
69615,3.99605330535676
69618,3.99605330535676
69632,3.99605330535676
69634,3.99605330535676
69635,3.99605330535676
69637,3.99605330535676
69638,3.99605330535676
69652,3.99605330535676
69653,3.99605330535676
69656,3.99605330535676
69662,3.99605330535676
69670,3.99605330535676
69674,3.99605330535676
69683,3.99605330535676
69685,3.99605330535676
69687,3.99605330535676
69688,3.99605330535676
69689,3.99605330535676
69692,3.99605330535676
69693,3.99605330535676
69696,3.99605330535676
69697,3.99605330535676
69706,3.99605330535676
69709,3.99605330535676
69710,3.99605330535676
69715,3.99605330535676
69724,3.99605330535676
69728,3.99605330535676
69740,3.99605330535676
69742,3.99605330535676
69743,3.99605330535676
69748,3.99605330535676
69753,3.99605330535676
69759,3.99605330535676
69760,3.99605330535676
69778,3.99605330535676
69790,3.99605330535676
69792,3.99605330535676
69794,3.99605330535676
69795,3.99605330535676
69799,3.99605330535676
69802,3.99605330535676
69807,3.99605330535676
69814,3.99605330535676
69815,3.99605330535676
69821,3.99605330535676
69835,3.99605330535676
69838,3.99605330535676
69839,3.99605330535676
69841,3.99605330535676
69842,3.99605330535676
69846,3.99605330535676
69855,3.99605330535676
69858,3.99605330535676
69865,3.99605330535676
69867,3.99605330535676
69869,3.99605330535676
69880,3.99605330535676
69881,3.99605330535676
69886,3.99605330535676
69887,3.99605330535676
69888,3.99605330535676
69892,3.99605330535676
69905,3.99605330535676
69907,3.99605330535676
69908,3.99605330535676
69912,3.99605330535676
69917,3.99605330535676
69927,3.99605330535676
69940,3.99605330535676
69944,3.99605330535676
69946,3.99605330535676
69953,3.99605330535676
69956,3.99605330535676
69971,3.99605330535676
69976,3.99605330535676
69988,3.99605330535676
69989,3.99605330535676
69990,3.99605330535676
69998,3.99605330535676
70013,3.99605330535676
70023,3.99605330535676
70027,3.99605330535676
70033,3.99605330535676
70039,3.99605330535676
70040,3.99605330535676
70044,3.99605330535676
70052,3.99605330535676
70053,3.99605330535676
70056,3.99605330535676
70057,3.99605330535676
70058,3.99605330535676
70060,3.99605330535676
70061,3.99605330535676
70062,3.99605330535676
70071,3.99605330535676
70072,3.99605330535676
70082,3.99605330535676
70092,3.99605330535676
70093,3.99605330535676
70099,3.99605330535676
70100,3.99605330535676
70106,3.99605330535676
70109,3.99605330535676
70113,3.99605330535676
70117,3.99605330535676
70120,3.99605330535676
70122,3.99605330535676
70127,3.99605330535676
70128,3.99605330535676
70134,3.99605330535676
70135,3.99605330535676
70139,3.99605330535676
70146,3.99605330535676
70150,3.99605330535676
70164,3.99605330535676
70165,3.99605330535676
70167,3.99605330535676
70178,3.99605330535676
70185,3.99605330535676
70186,3.99605330535676
70189,3.99605330535676
70193,3.99605330535676
70194,3.99605330535676
70199,3.99605330535676
70201,3.99605330535676
70209,3.99605330535676
70218,3.99605330535676
70219,3.99605330535676
70224,3.99605330535676
70225,3.99605330535676
70229,3.99605330535676
70233,3.99605330535676
70235,3.99605330535676
70237,3.99605330535676
70238,3.99605330535676
70241,3.99605330535676
70242,3.99605330535676
70243,3.99605330535676
70246,3.99605330535676
70256,3.99605330535676
70257,3.99605330535676
70263,3.99605330535676
70265,3.99605330535676
70272,3.99605330535676
70277,3.99605330535676
70281,3.99605330535676
70282,3.99605330535676
70289,3.99605330535676
70292,3.99605330535676
70298,3.99605330535676
70301,3.99605330535676
70302,3.99605330535676
70308,3.99605330535676
70319,3.99605330535676
70330,3.99605330535676
70331,3.99605330535676
70332,3.99605330535676
70334,3.99605330535676
70359,3.99605330535676
70364,3.99605330535676
70366,3.99605330535676
70372,3.99605330535676
70375,3.99605330535676
70378,3.99605330535676
70380,3.99605330535676
70381,3.99605330535676
70384,3.99605330535676
70389,3.99605330535676
70392,3.99605330535676
70393,3.99605330535676
70399,3.99605330535676
70403,3.99605330535676
70407,3.99605330535676
70412,3.99605330535676
70414,3.99605330535676
70422,3.99605330535676
70423,3.99605330535676
70424,3.99605330535676
70447,3.99605330535676
70452,3.99605330535676
70463,3.99605330535676
70473,3.99605330535676
70480,3.99605330535676
70481,3.99605330535676
70484,3.99605330535676
70490,3.99605330535676
70494,3.99605330535676
70496,3.99605330535676
70499,3.99605330535676
70501,3.99605330535676
70505,3.99605330535676
70508,3.99605330535676
70515,3.99605330535676
70519,3.99605330535676
70523,3.99605330535676
70526,3.99605330535676
70529,3.99605330535676
70543,3.99605330535676
70550,3.99605330535676
70553,3.99605330535676
70563,3.99605330535676
70564,3.99605330535676
70572,3.99605330535676
70580,3.99605330535676
70584,3.99605330535676
70594,3.99605330535676
70600,3.99605330535676
70603,3.99605330535676
70605,3.99605330535676
70608,3.99605330535676
70613,3.99605330535676
70625,3.99605330535676
70638,3.99605330535676
70639,3.99605330535676
70650,3.99605330535676
70653,3.99605330535676
70656,3.99605330535676
70668,3.99605330535676
70679,3.99605330535676
70684,3.99605330535676
70690,3.99605330535676
70705,3.99605330535676
70709,3.99605330535676
70711,3.99605330535676
70712,3.99605330535676
70714,3.99605330535676
70722,3.99605330535676
70728,3.99605330535676
70731,3.99605330535676
70733,3.99605330535676
70734,3.99605330535676
70735,3.99605330535676
70742,3.99605330535676
70745,3.99605330535676
70746,3.99605330535676
70747,3.99605330535676
70748,3.99605330535676
70749,3.99605330535676
70754,3.99605330535676
70760,3.99605330535676
70764,3.99605330535676
70768,3.99605330535676
70774,3.99605330535676
70775,3.99605330535676
70783,3.99605330535676
70786,3.99605330535676
70796,3.99605330535676
70798,3.99605330535676
70799,3.99605330535676
70804,3.99605330535676
70806,3.99605330535676
70807,3.99605330535676
70808,3.99605330535676
70814,3.99605330535676
70815,3.99605330535676
70823,3.99605330535676
70829,3.99605330535676
70831,3.99605330535676
70838,3.99605330535676
70848,3.99605330535676
70854,3.99605330535676
70862,3.99605330535676
70865,3.99605330535676
70868,3.99605330535676
70875,3.99605330535676
70881,3.99605330535676
70891,3.99605330535676
70897,3.99605330535676
70902,3.99605330535676
70904,3.99605330535676
70913,3.99605330535676
70922,3.99605330535676
70930,3.99605330535676
70934,3.99605330535676
70937,3.99605330535676
70941,3.99605330535676
70945,3.99605330535676
70950,3.99605330535676
70954,3.99605330535676
70956,3.99605330535676
70964,3.99605330535676
70967,3.99605330535676
70976,3.99605330535676
70986,3.99605330535676
70988,3.99605330535676
70992,3.99605330535676
70999,3.99605330535676
71013,3.99605330535676
71015,3.99605330535676
71025,3.99605330535676
71027,3.99605330535676
71028,3.99605330535676
71029,3.99605330535676
71030,3.99605330535676
71032,3.99605330535676
71040,3.99605330535676
71048,3.99605330535676
71057,3.99605330535676
71059,3.99605330535676
71066,3.99605330535676
71068,3.99605330535676
71077,3.99605330535676
71084,3.99605330535676
71086,3.99605330535676
71089,3.99605330535676
71095,3.99605330535676
71096,3.99605330535676
71098,3.99605330535676
71107,3.99605330535676
71112,3.99605330535676
71114,3.99605330535676
71116,3.99605330535676
71117,3.99605330535676
71125,3.99605330535676
71127,3.99605330535676
71128,3.99605330535676
71133,3.99605330535676
71135,3.99605330535676
71139,3.99605330535676
71142,3.99605330535676
71147,3.99605330535676
71157,3.99605330535676
71158,3.99605330535676
71165,3.99605330535676
71168,3.99605330535676
71171,3.99605330535676
71183,3.99605330535676
71187,3.99605330535676
71189,3.99605330535676
71190,3.99605330535676
71191,3.99605330535676
71194,3.99605330535676
71203,3.99605330535676
71204,3.99605330535676
71206,3.99605330535676
71222,3.99605330535676
71245,3.99605330535676
71246,3.99605330535676
71250,3.99605330535676
71254,3.99605330535676
71259,3.99605330535676
71262,3.99605330535676
71269,3.99605330535676
71277,3.99605330535676
71279,3.99605330535676
71280,3.99605330535676
71283,3.99605330535676
71285,3.99605330535676
71293,3.99605330535676
71295,3.99605330535676
71299,3.99605330535676
71307,3.99605330535676
71313,3.99605330535676
71326,3.99605330535676
71330,3.99605330535676
71339,3.99605330535676
71341,3.99605330535676
71342,3.99605330535676
71343,3.99605330535676
71351,3.99605330535676
71356,3.99605330535676
71359,3.99605330535676
71367,3.99605330535676
71368,3.99605330535676
71369,3.99605330535676
71371,3.99605330535676
71375,3.99605330535676
71386,3.99605330535676
71387,3.99605330535676
71392,3.99605330535676
71400,3.99605330535676
71405,3.99605330535676
71413,3.99605330535676
71415,3.99605330535676
71427,3.99605330535676
71429,3.99605330535676
71431,3.99605330535676
71432,3.99605330535676
71437,3.99605330535676
71438,3.99605330535676
71449,3.99605330535676
71450,3.99605330535676
71452,3.99605330535676
71457,3.99605330535676
71469,3.99605330535676
71493,3.99605330535676
71497,3.99605330535676
71503,3.99605330535676
71505,3.99605330535676
71506,3.99605330535676
71511,3.99605330535676
71513,3.99605330535676
71515,3.99605330535676
71517,3.99605330535676
71526,3.99605330535676
71528,3.99605330535676
71538,3.99605330535676
71542,3.99605330535676
71555,3.99605330535676
71559,3.99605330535676
71560,3.99605330535676
71563,3.99605330535676
71565,3.99605330535676
71566,3.99605330535676
71567,3.99605330535676
71568,3.99605330535676
71574,3.99605330535676
71575,3.99605330535676
71579,3.99605330535676
71596,3.99605330535676
71606,3.99605330535676
71613,3.99605330535676
71622,3.99605330535676
71642,3.99605330535676
71648,3.99605330535676
71674,3.99605330535676
71678,3.99605330535676
71680,3.99605330535676
71686,3.99605330535676
71691,3.99605330535676
71700,3.99605330535676
71706,3.99605330535676
71707,3.99605330535676
71710,3.99605330535676
71712,3.99605330535676
71713,3.99605330535676
71714,3.99605330535676
71717,3.99605330535676
71725,3.99605330535676
71726,3.99605330535676
71728,3.99605330535676
71734,3.99605330535676
71735,3.99605330535676
71744,3.99605330535676
71760,3.99605330535676
71762,3.99605330535676
71764,3.99605330535676
71765,3.99605330535676
71776,3.99605330535676
71783,3.99605330535676
71784,3.99605330535676
71790,3.99605330535676
71795,3.99605330535676
71797,3.99605330535676
71798,3.99605330535676
71806,3.99605330535676
71818,3.99605330535676
71821,3.99605330535676
71824,3.99605330535676
71825,3.99605330535676
71828,3.99605330535676
71830,3.99605330535676
71840,3.99605330535676
71844,3.99605330535676
71847,3.99605330535676
71851,3.99605330535676
71859,3.99605330535676
71867,3.99605330535676
71868,3.99605330535676
71869,3.99605330535676
71871,3.99605330535676
71872,3.99605330535676
71874,3.99605330535676
71877,3.99605330535676
71894,3.99605330535676
71895,3.99605330535676
71900,3.99605330535676
71903,3.99605330535676
71911,3.99605330535676
71912,3.99605330535676
71916,3.99605330535676
71919,3.99605330535676
71929,3.99605330535676
71952,3.99605330535676
71955,3.99605330535676
71957,3.99605330535676
71961,3.99605330535676
71963,3.99605330535676
71964,3.99605330535676
71968,3.99605330535676
71971,3.99605330535676
71972,3.99605330535676
71984,3.99605330535676
71987,3.99605330535676
71988,3.99605330535676
71996,3.99605330535676
72000,3.99605330535676
72009,3.99605330535676
72013,3.99605330535676
72018,3.99605330535676
72029,3.99605330535676
72035,3.99605330535676
72039,3.99605330535676
72041,3.99605330535676
72045,3.99605330535676
72054,3.99605330535676
72056,3.99605330535676
72062,3.99605330535676
72069,3.99605330535676
72074,3.99605330535676
72086,3.99605330535676
72092,3.99605330535676
72102,3.99605330535676
72103,3.99605330535676
72112,3.99605330535676
72114,3.99605330535676
72122,3.99605330535676
72140,3.99605330535676
72142,3.99605330535676
72149,3.99605330535676
72153,3.99605330535676
72160,3.99605330535676
72161,3.99605330535676
72167,3.99605330535676
72168,3.99605330535676
72172,3.99605330535676
72182,3.99605330535676
72187,3.99605330535676
72192,3.99605330535676
72195,3.99605330535676
72196,3.99605330535676
72197,3.99605330535676
72200,3.99605330535676
72204,3.99605330535676
72211,3.99605330535676
72229,3.99605330535676
72235,3.99605330535676
72236,3.99605330535676
72238,3.99605330535676
72239,3.99605330535676
72241,3.99605330535676
72243,3.99605330535676
72245,3.99605330535676
72246,3.99605330535676
72247,3.99605330535676
72248,3.99605330535676
72253,3.99605330535676
72256,3.99605330535676
72259,3.99605330535676
72274,3.99605330535676
72278,3.99605330535676
72287,3.99605330535676
72292,3.99605330535676
72299,3.99605330535676
72300,3.99605330535676
72305,3.99605330535676
72312,3.99605330535676
72322,3.99605330535676
72323,3.99605330535676
72340,3.99605330535676
72341,3.99605330535676
72351,3.99605330535676
72357,3.99605330535676
72364,3.99605330535676
72372,3.99605330535676
72374,3.99605330535676
72378,3.99605330535676
72382,3.99605330535676
72387,3.99605330535676
72389,3.99605330535676
72390,3.99605330535676
72401,3.99605330535676
72414,3.99605330535676
72427,3.99605330535676
72434,3.99605330535676
72440,3.99605330535676
72444,3.99605330535676
72453,3.99605330535676
72474,3.99605330535676
72476,3.99605330535676
72485,3.99605330535676
72486,3.99605330535676
72490,3.99605330535676
72495,3.99605330535676
72496,3.99605330535676
72497,3.99605330535676
72502,3.99605330535676
72503,3.99605330535676
72507,3.99605330535676
72524,3.99605330535676
72525,3.99605330535676
72533,3.99605330535676
72536,3.99605330535676
72544,3.99605330535676
72545,3.99605330535676
72552,3.99605330535676
72560,3.99605330535676
72563,3.99605330535676
72564,3.99605330535676
72567,3.99605330535676
72568,3.99605330535676
72571,3.99605330535676
72577,3.99605330535676
72579,3.99605330535676
72583,3.99605330535676
72589,3.99605330535676
72590,3.99605330535676
72595,3.99605330535676
72600,3.99605330535676
72606,3.99605330535676
72607,3.99605330535676
72618,3.99605330535676
72624,3.99605330535676
72635,3.99605330535676
72639,3.99605330535676
72644,3.99605330535676
72645,3.99605330535676
72647,3.99605330535676
72655,3.99605330535676
72657,3.99605330535676
72658,3.99605330535676
72666,3.99605330535676
72669,3.99605330535676
72672,3.99605330535676
72673,3.99605330535676
72674,3.99605330535676
72685,3.99605330535676
72687,3.99605330535676
72690,3.99605330535676
72691,3.99605330535676
72699,3.99605330535676
72703,3.99605330535676
72714,3.99605330535676
72717,3.99605330535676
72720,3.99605330535676
72725,3.99605330535676
72727,3.99605330535676
72729,3.99605330535676
72734,3.99605330535676
72735,3.99605330535676
72737,3.99605330535676
72738,3.99605330535676
72743,3.99605330535676
72746,3.99605330535676
72753,3.99605330535676
72756,3.99605330535676
72758,3.99605330535676
72760,3.99605330535676
72769,3.99605330535676
72771,3.99605330535676
72782,3.99605330535676
72789,3.99605330535676
72799,3.99605330535676
72802,3.99605330535676
72807,3.99605330535676
72808,3.99605330535676
72812,3.99605330535676
72816,3.99605330535676
72826,3.99605330535676
72836,3.99605330535676
72839,3.99605330535676
72841,3.99605330535676
72844,3.99605330535676
72853,3.99605330535676
72866,3.99605330535676
72894,3.99605330535676
72895,3.99605330535676
72900,3.99605330535676
72903,3.99605330535676
72907,3.99605330535676
72912,3.99605330535676
72914,3.99605330535676
72916,3.99605330535676
72919,3.99605330535676
72925,3.99605330535676
72927,3.99605330535676
72929,3.99605330535676
72938,3.99605330535676
72955,3.99605330535676
72958,3.99605330535676
72962,3.99605330535676
72978,3.99605330535676
72984,3.99605330535676
72997,3.99605330535676
73014,3.99605330535676
73015,3.99605330535676
73016,3.99605330535676
73023,3.99605330535676
73028,3.99605330535676
73029,3.99605330535676
73031,3.99605330535676
73033,3.99605330535676
73037,3.99605330535676
73049,3.99605330535676
73054,3.99605330535676
73055,3.99605330535676
73064,3.99605330535676
73067,3.99605330535676
73074,3.99605330535676
73090,3.99605330535676
73093,3.99605330535676
73095,3.99605330535676
73105,3.99605330535676
73119,3.99605330535676
73121,3.99605330535676
73127,3.99605330535676
73135,3.99605330535676
73149,3.99605330535676
73151,3.99605330535676
73163,3.99605330535676
73165,3.99605330535676
73166,3.99605330535676
73167,3.99605330535676
73174,3.99605330535676
73177,3.99605330535676
73179,3.99605330535676
73185,3.99605330535676
73186,3.99605330535676
73189,3.99605330535676
73196,3.99605330535676
73204,3.99605330535676
73208,3.99605330535676
73213,3.99605330535676
73224,3.99605330535676
73226,3.99605330535676
73235,3.99605330535676
73242,3.99605330535676
73244,3.99605330535676
73251,3.99605330535676
73253,3.99605330535676
73266,3.99605330535676
73267,3.99605330535676
73273,3.99605330535676
73279,3.99605330535676
73280,3.99605330535676
73291,3.99605330535676
73299,3.99605330535676
73304,3.99605330535676
73305,3.99605330535676
73306,3.99605330535676
73314,3.99605330535676
73318,3.99605330535676
73320,3.99605330535676
73321,3.99605330535676
73322,3.99605330535676
73336,3.99605330535676
73341,3.99605330535676
73342,3.99605330535676
73347,3.99605330535676
73357,3.99605330535676
73364,3.99605330535676
73369,3.99605330535676
73373,3.99605330535676
73383,3.99605330535676
73388,3.99605330535676
73393,3.99605330535676
73401,3.99605330535676
73406,3.99605330535676
73423,3.99605330535676
73427,3.99605330535676
73429,3.99605330535676
73430,3.99605330535676
73442,3.99605330535676
73445,3.99605330535676
73451,3.99605330535676
73453,3.99605330535676
73459,3.99605330535676
73461,3.99605330535676
73466,3.99605330535676
73471,3.99605330535676
73473,3.99605330535676
73478,3.99605330535676
73479,3.99605330535676
73480,3.99605330535676
73482,3.99605330535676
73483,3.99605330535676
73486,3.99605330535676
73487,3.99605330535676
73490,3.99605330535676
73502,3.99605330535676
73512,3.99605330535676
73513,3.99605330535676
73517,3.99605330535676
73518,3.99605330535676
73527,3.99605330535676
73532,3.99605330535676
73533,3.99605330535676
73550,3.99605330535676
73554,3.99605330535676
73555,3.99605330535676
73558,3.99605330535676
73559,3.99605330535676
73570,3.99605330535676
73571,3.99605330535676
73573,3.99605330535676
73574,3.99605330535676
73576,3.99605330535676
73580,3.99605330535676
73583,3.99605330535676
73585,3.99605330535676
73587,3.99605330535676
73590,3.99605330535676
73609,3.99605330535676
73610,3.99605330535676
73621,3.99605330535676
73625,3.99605330535676
73627,3.99605330535676
73628,3.99605330535676
73630,3.99605330535676
73632,3.99605330535676
73634,3.99605330535676
73639,3.99605330535676
73658,3.99605330535676
73660,3.99605330535676
73661,3.99605330535676
73667,3.99605330535676
73681,3.99605330535676
73682,3.99605330535676
73711,3.99605330535676
73718,3.99605330535676
73725,3.99605330535676
73730,3.99605330535676
73743,3.99605330535676
73756,3.99605330535676
73761,3.99605330535676
73767,3.99605330535676
73775,3.99605330535676
73785,3.99605330535676
73800,3.99605330535676
73802,3.99605330535676
73808,3.99605330535676
73809,3.99605330535676
73816,3.99605330535676
73822,3.99605330535676
73827,3.99605330535676
73831,3.99605330535676
73834,3.99605330535676
73847,3.99605330535676
73850,3.99605330535676
73858,3.99605330535676
73864,3.99605330535676
73868,3.99605330535676
73871,3.99605330535676
73872,3.99605330535676
73878,3.99605330535676
73884,3.99605330535676
73889,3.99605330535676
73890,3.99605330535676
73891,3.99605330535676
73894,3.99605330535676
73904,3.99605330535676
73908,3.99605330535676
73912,3.99605330535676
73916,3.99605330535676
73917,3.99605330535676
73918,3.99605330535676
73922,3.99605330535676
73924,3.99605330535676
73929,3.99605330535676
73932,3.99605330535676
73934,3.99605330535676
73936,3.99605330535676
73938,3.99605330535676
73949,3.99605330535676
73950,3.99605330535676
73953,3.99605330535676
73955,3.99605330535676
73963,3.99605330535676
73976,3.99605330535676
73978,3.99605330535676
73981,3.99605330535676
73982,3.99605330535676
73984,3.99605330535676
74005,3.99605330535676
74014,3.99605330535676
74016,3.99605330535676
74019,3.99605330535676
74020,3.99605330535676
74022,3.99605330535676
74027,3.99605330535676
74032,3.99605330535676
74033,3.99605330535676
74041,3.99605330535676
74049,3.99605330535676
74051,3.99605330535676
74052,3.99605330535676
74055,3.99605330535676
74058,3.99605330535676
74060,3.99605330535676
74062,3.99605330535676
74065,3.99605330535676
74074,3.99605330535676
74075,3.99605330535676
74076,3.99605330535676
74077,3.99605330535676
74078,3.99605330535676
74079,3.99605330535676
74084,3.99605330535676
74085,3.99605330535676
74096,3.99605330535676
74101,3.99605330535676
74106,3.99605330535676
74112,3.99605330535676
74113,3.99605330535676
74121,3.99605330535676
74128,3.99605330535676
74132,3.99605330535676
74135,3.99605330535676
74140,3.99605330535676
74160,3.99605330535676
74164,3.99605330535676
74175,3.99605330535676
74177,3.99605330535676
74179,3.99605330535676
74187,3.99605330535676
74190,3.99605330535676
74191,3.99605330535676
74196,3.99605330535676
74200,3.99605330535676
74214,3.99605330535676
74221,3.99605330535676
74230,3.99605330535676
74236,3.99605330535676
74239,3.99605330535676
74240,3.99605330535676
74246,3.99605330535676
74261,3.99605330535676
74266,3.99605330535676
74270,3.99605330535676
74272,3.99605330535676
74278,3.99605330535676
74289,3.99605330535676
74291,3.99605330535676
74305,3.99605330535676
74308,3.99605330535676
74316,3.99605330535676
74317,3.99605330535676
74328,3.99605330535676
74334,3.99605330535676
74336,3.99605330535676
74340,3.99605330535676
74350,3.99605330535676
74353,3.99605330535676
74360,3.99605330535676
74361,3.99605330535676
74362,3.99605330535676
74376,3.99605330535676
74377,3.99605330535676
74382,3.99605330535676
74383,3.99605330535676
74385,3.99605330535676
74401,3.99605330535676
74406,3.99605330535676
74409,3.99605330535676
74424,3.99605330535676
74429,3.99605330535676
74433,3.99605330535676
74436,3.99605330535676
74442,3.99605330535676
74444,3.99605330535676
74452,3.99605330535676
74456,3.99605330535676
74462,3.99605330535676
74464,3.99605330535676
74465,3.99605330535676
74476,3.99605330535676
74481,3.99605330535676
74483,3.99605330535676
74485,3.99605330535676
74488,3.99605330535676
74493,3.99605330535676
74498,3.99605330535676
74500,3.99605330535676
74504,3.99605330535676
74510,3.99605330535676
74514,3.99605330535676
74527,3.99605330535676
74534,3.99605330535676
74535,3.99605330535676
74549,3.99605330535676
74550,3.99605330535676
74552,3.99605330535676
74559,3.99605330535676
74560,3.99605330535676
74568,3.99605330535676
74569,3.99605330535676
74570,3.99605330535676
74576,3.99605330535676
74577,3.99605330535676
74580,3.99605330535676
74582,3.99605330535676
74586,3.99605330535676
74588,3.99605330535676
74590,3.99605330535676
74592,3.99605330535676
74593,3.99605330535676
74596,3.99605330535676
74598,3.99605330535676
74601,3.99605330535676
74602,3.99605330535676
74604,3.99605330535676
74607,3.99605330535676
74608,3.99605330535676
74609,3.99605330535676
74610,3.99605330535676
74611,3.99605330535676
74616,3.99605330535676
74621,3.99605330535676
74624,3.99605330535676
74627,3.99605330535676
74631,3.99605330535676
74634,3.99605330535676
74635,3.99605330535676
74637,3.99605330535676
74638,3.99605330535676
74640,3.99605330535676
74642,3.99605330535676
74645,3.99605330535676
74651,3.99605330535676
74656,3.99605330535676
74659,3.99605330535676
74660,3.99605330535676
74665,3.99605330535676
74670,3.99605330535676
74672,3.99605330535676
74680,3.99605330535676
74682,3.99605330535676
74683,3.99605330535676
74684,3.99605330535676
74695,3.99605330535676
74697,3.99605330535676
74700,3.99605330535676
74702,3.99605330535676
74712,3.99605330535676
74715,3.99605330535676
74718,3.99605330535676
74724,3.99605330535676
74725,3.99605330535676
74729,3.99605330535676
74737,3.99605330535676
74746,3.99605330535676
74749,3.99605330535676
74757,3.99605330535676
74758,3.99605330535676
74762,3.99605330535676
74763,3.99605330535676
74764,3.99605330535676
74767,3.99605330535676
74770,3.99605330535676
74775,3.99605330535676
74780,3.99605330535676
74788,3.99605330535676
74791,3.99605330535676
74796,3.99605330535676
74798,3.99605330535676
74801,3.99605330535676
74804,3.99605330535676
74808,3.99605330535676
74822,3.99605330535676
74824,3.99605330535676
74831,3.99605330535676
74836,3.99605330535676
74840,3.99605330535676
74847,3.99605330535676
74849,3.99605330535676
74853,3.99605330535676
74857,3.99605330535676
74861,3.99605330535676
74863,3.99605330535676
74867,3.99605330535676
74871,3.99605330535676
74872,3.99605330535676
74882,3.99605330535676
74886,3.99605330535676
74890,3.99605330535676
74902,3.99605330535676
74907,3.99605330535676
74927,3.99605330535676
74929,3.99605330535676
74930,3.99605330535676
74934,3.99605330535676
74942,3.99605330535676
74943,3.99605330535676
74944,3.99605330535676
74948,3.99605330535676
74952,3.99605330535676
74957,3.99605330535676
74963,3.99605330535676
74968,3.99605330535676
74972,3.99605330535676
74976,3.99605330535676
74977,3.99605330535676
74979,3.99605330535676
74980,3.99605330535676
74981,3.99605330535676
74983,3.99605330535676
74993,3.99605330535676
74995,3.99605330535676
74997,3.99605330535676
75011,3.99605330535676
75021,3.99605330535676
75024,3.99605330535676
75028,3.99605330535676
75034,3.99605330535676
75036,3.99605330535676
75047,3.99605330535676
75054,3.99605330535676
75060,3.99605330535676
75066,3.99605330535676
75069,3.99605330535676
75080,3.99605330535676
75084,3.99605330535676
75086,3.99605330535676
75101,3.99605330535676
75102,3.99605330535676
75105,3.99605330535676
75106,3.99605330535676
75109,3.99605330535676
75112,3.99605330535676
75118,3.99605330535676
75120,3.99605330535676
75122,3.99605330535676
75124,3.99605330535676
75125,3.99605330535676
75131,3.99605330535676
75133,3.99605330535676
75134,3.99605330535676
75136,3.99605330535676
75140,3.99605330535676
75151,3.99605330535676
75158,3.99605330535676
75161,3.99605330535676
75164,3.99605330535676
75167,3.99605330535676
75169,3.99605330535676
75176,3.99605330535676
75178,3.99605330535676
75180,3.99605330535676
75183,3.99605330535676
75197,3.99605330535676
75201,3.99605330535676
75210,3.99605330535676
75214,3.99605330535676
75216,3.99605330535676
75218,3.99605330535676
75220,3.99605330535676
75228,3.99605330535676
75232,3.99605330535676
75247,3.99605330535676
75255,3.99605330535676
75258,3.99605330535676
75259,3.99605330535676
75264,3.99605330535676
75276,3.99605330535676
75281,3.99605330535676
75283,3.99605330535676
75284,3.99605330535676
75290,3.99605330535676
75293,3.99605330535676
75296,3.99605330535676
75297,3.99605330535676
75305,3.99605330535676
75310,3.99605330535676
75318,3.99605330535676
75321,3.99605330535676
75328,3.99605330535676
75330,3.99605330535676
75332,3.99605330535676
75333,3.99605330535676
75339,3.99605330535676
75351,3.99605330535676
75364,3.99605330535676
75366,3.99605330535676
75368,3.99605330535676
75378,3.99605330535676
75379,3.99605330535676
75386,3.99605330535676
75401,3.99605330535676
75412,3.99605330535676
75413,3.99605330535676
75414,3.99605330535676
75415,3.99605330535676
75419,3.99605330535676
75424,3.99605330535676
75425,3.99605330535676
75426,3.99605330535676
75429,3.99605330535676
75433,3.99605330535676
75441,3.99605330535676
75446,3.99605330535676
75448,3.99605330535676
75451,3.99605330535676
75455,3.99605330535676
75460,3.99605330535676
75464,3.99605330535676
75467,3.99605330535676
75473,3.99605330535676
75487,3.99605330535676
75491,3.99605330535676
75495,3.99605330535676
75496,3.99605330535676
75497,3.99605330535676
75507,3.99605330535676
75508,3.99605330535676
75522,3.99605330535676
75525,3.99605330535676
75532,3.99605330535676
75542,3.99605330535676
75548,3.99605330535676
75557,3.99605330535676
75562,3.99605330535676
75566,3.99605330535676
75568,3.99605330535676
75569,3.99605330535676
75570,3.99605330535676
75576,3.99605330535676
75587,3.99605330535676
75590,3.99605330535676
75600,3.99605330535676
75602,3.99605330535676
75603,3.99605330535676
75607,3.99605330535676
75608,3.99605330535676
75611,3.99605330535676
75614,3.99605330535676
75627,3.99605330535676
75633,3.99605330535676
75634,3.99605330535676
75636,3.99605330535676
75644,3.99605330535676
75646,3.99605330535676
75653,3.99605330535676
75660,3.99605330535676
75661,3.99605330535676
75667,3.99605330535676
75670,3.99605330535676
75681,3.99605330535676
75691,3.99605330535676
75699,3.99605330535676
75708,3.99605330535676
75719,3.99605330535676
75732,3.99605330535676
75743,3.99605330535676
75744,3.99605330535676
75746,3.99605330535676
75750,3.99605330535676
75751,3.99605330535676
75767,3.99605330535676
75770,3.99605330535676
75776,3.99605330535676
75799,3.99605330535676
75800,3.99605330535676
75806,3.99605330535676
75824,3.99605330535676
75829,3.99605330535676
75832,3.99605330535676
75838,3.99605330535676
75840,3.99605330535676
75849,3.99605330535676
75850,3.99605330535676
75851,3.99605330535676
75855,3.99605330535676
75869,3.99605330535676
75873,3.99605330535676
75878,3.99605330535676
75881,3.99605330535676
75883,3.99605330535676
75884,3.99605330535676
75888,3.99605330535676
75893,3.99605330535676
75895,3.99605330535676
75896,3.99605330535676
75903,3.99605330535676
75915,3.99605330535676
75922,3.99605330535676
75925,3.99605330535676
75931,3.99605330535676
75938,3.99605330535676
75942,3.99605330535676
75948,3.99605330535676
75952,3.99605330535676
75961,3.99605330535676
75963,3.99605330535676
75964,3.99605330535676
75977,3.99605330535676
75979,3.99605330535676
75981,3.99605330535676
75987,3.99605330535676
75988,3.99605330535676
75999,3.99605330535676
76010,3.99605330535676
76011,3.99605330535676
76016,3.99605330535676
76017,3.99605330535676
76019,3.99605330535676
76020,3.99605330535676
76021,3.99605330535676
76023,3.99605330535676
76026,3.99605330535676
76030,3.99605330535676
76037,3.99605330535676
76041,3.99605330535676
76044,3.99605330535676
76045,3.99605330535676
76049,3.99605330535676
76064,3.99605330535676
76067,3.99605330535676
76069,3.99605330535676
76076,3.99605330535676
76079,3.99605330535676
76081,3.99605330535676
76085,3.99605330535676
76088,3.99605330535676
76096,3.99605330535676
76100,3.99605330535676
76101,3.99605330535676
76104,3.99605330535676
76110,3.99605330535676
76115,3.99605330535676
76120,3.99605330535676
76124,3.99605330535676
76132,3.99605330535676
76135,3.99605330535676
76149,3.99605330535676
76171,3.99605330535676
76188,3.99605330535676
76193,3.99605330535676
76195,3.99605330535676
76205,3.99605330535676
76208,3.99605330535676
76222,3.99605330535676
76223,3.99605330535676
76239,3.99605330535676
76244,3.99605330535676
76245,3.99605330535676
76247,3.99605330535676
76252,3.99605330535676
76258,3.99605330535676
76262,3.99605330535676
76265,3.99605330535676
76269,3.99605330535676
76275,3.99605330535676
76278,3.99605330535676
76279,3.99605330535676
76283,3.99605330535676
76286,3.99605330535676
76298,3.99605330535676
76305,3.99605330535676
76307,3.99605330535676
76308,3.99605330535676
76312,3.99605330535676
76328,3.99605330535676
76332,3.99605330535676
76335,3.99605330535676
76337,3.99605330535676
76340,3.99605330535676
76347,3.99605330535676
76353,3.99605330535676
76362,3.99605330535676
76363,3.99605330535676
76370,3.99605330535676
76373,3.99605330535676
76377,3.99605330535676
76387,3.99605330535676
76389,3.99605330535676
76394,3.99605330535676
76400,3.99605330535676
76402,3.99605330535676
76416,3.99605330535676
76418,3.99605330535676
76423,3.99605330535676
76431,3.99605330535676
76432,3.99605330535676
76434,3.99605330535676
76437,3.99605330535676
76455,3.99605330535676
76456,3.99605330535676
76460,3.99605330535676
76473,3.99605330535676
76474,3.99605330535676
76478,3.99605330535676
76480,3.99605330535676
76483,3.99605330535676
76485,3.99605330535676
76486,3.99605330535676
76495,3.99605330535676
76503,3.99605330535676
76506,3.99605330535676
76508,3.99605330535676
76514,3.99605330535676
76515,3.99605330535676
76518,3.99605330535676
76520,3.99605330535676
76529,3.99605330535676
76533,3.99605330535676
76543,3.99605330535676
76545,3.99605330535676
76549,3.99605330535676
76550,3.99605330535676
76555,3.99605330535676
76567,3.99605330535676
76573,3.99605330535676
76588,3.99605330535676
76596,3.99605330535676
76597,3.99605330535676
76600,3.99605330535676
76606,3.99605330535676
76608,3.99605330535676
76614,3.99605330535676
76625,3.99605330535676
76638,3.99605330535676
76645,3.99605330535676
76646,3.99605330535676
76647,3.99605330535676
76648,3.99605330535676
76650,3.99605330535676
76668,3.99605330535676
76669,3.99605330535676
76687,3.99605330535676
76688,3.99605330535676
76689,3.99605330535676
76710,3.99605330535676
76715,3.99605330535676
76717,3.99605330535676
76718,3.99605330535676
76720,3.99605330535676
76722,3.99605330535676
76726,3.99605330535676
76732,3.99605330535676
76734,3.99605330535676
76736,3.99605330535676
76742,3.99605330535676
76747,3.99605330535676
76754,3.99605330535676
76761,3.99605330535676
76764,3.99605330535676
76766,3.99605330535676
76773,3.99605330535676
76774,3.99605330535676
76780,3.99605330535676
76785,3.99605330535676
76791,3.99605330535676
76803,3.99605330535676
76808,3.99605330535676
76811,3.99605330535676
76814,3.99605330535676
76818,3.99605330535676
76827,3.99605330535676
76828,3.99605330535676
76833,3.99605330535676
76838,3.99605330535676
76840,3.99605330535676
76842,3.99605330535676
76843,3.99605330535676
76846,3.99605330535676
76848,3.99605330535676
76854,3.99605330535676
76860,3.99605330535676
76862,3.99605330535676
76864,3.99605330535676
76867,3.99605330535676
76875,3.99605330535676
76878,3.99605330535676
76881,3.99605330535676
76882,3.99605330535676
76883,3.99605330535676
76886,3.99605330535676
76891,3.99605330535676
76894,3.99605330535676
76896,3.99605330535676
76900,3.99605330535676
76901,3.99605330535676
76905,3.99605330535676
76908,3.99605330535676
76918,3.99605330535676
76931,3.99605330535676
76937,3.99605330535676
76943,3.99605330535676
76945,3.99605330535676
76947,3.99605330535676
76949,3.99605330535676
76951,3.99605330535676
76965,3.99605330535676
76966,3.99605330535676
76976,3.99605330535676
76986,3.99605330535676
76987,3.99605330535676
76988,3.99605330535676
76999,3.99605330535676
77003,3.99605330535676
77009,3.99605330535676
77018,3.99605330535676
77021,3.99605330535676
77022,3.99605330535676
77036,3.99605330535676
77037,3.99605330535676
77039,3.99605330535676
77041,3.99605330535676
77042,3.99605330535676
77044,3.99605330535676
77054,3.99605330535676
77061,3.99605330535676
77067,3.99605330535676
77071,3.99605330535676
77081,3.99605330535676
77098,3.99605330535676
77105,3.99605330535676
77106,3.99605330535676
77116,3.99605330535676
77117,3.99605330535676
77121,3.99605330535676
77130,3.99605330535676
77131,3.99605330535676
77141,3.99605330535676
77142,3.99605330535676
77147,3.99605330535676
77150,3.99605330535676
77156,3.99605330535676
77160,3.99605330535676
77163,3.99605330535676
77168,3.99605330535676
77179,3.99605330535676
77180,3.99605330535676
77186,3.99605330535676
77188,3.99605330535676
77200,3.99605330535676
77206,3.99605330535676
77208,3.99605330535676
77210,3.99605330535676
77211,3.99605330535676
77212,3.99605330535676
77213,3.99605330535676
77221,3.99605330535676
77237,3.99605330535676
77239,3.99605330535676
77246,3.99605330535676
77261,3.99605330535676
77267,3.99605330535676
77269,3.99605330535676
77272,3.99605330535676
77276,3.99605330535676
77285,3.99605330535676
77287,3.99605330535676
77298,3.99605330535676
77301,3.99605330535676
77303,3.99605330535676
77304,3.99605330535676
77305,3.99605330535676
77314,3.99605330535676
77338,3.99605330535676
77340,3.99605330535676
77342,3.99605330535676
77357,3.99605330535676
77358,3.99605330535676
77360,3.99605330535676
77369,3.99605330535676
77370,3.99605330535676
77382,3.99605330535676
77384,3.99605330535676
77387,3.99605330535676
77389,3.99605330535676
77395,3.99605330535676
77401,3.99605330535676
77409,3.99605330535676
77415,3.99605330535676
77420,3.99605330535676
77421,3.99605330535676
77424,3.99605330535676
77426,3.99605330535676
77434,3.99605330535676
77435,3.99605330535676
77440,3.99605330535676
77445,3.99605330535676
77450,3.99605330535676
77452,3.99605330535676
77463,3.99605330535676
77467,3.99605330535676
77468,3.99605330535676
77474,3.99605330535676
77488,3.99605330535676
77496,3.99605330535676
77502,3.99605330535676
77507,3.99605330535676
77523,3.99605330535676
77525,3.99605330535676
77526,3.99605330535676
77534,3.99605330535676
77535,3.99605330535676
77536,3.99605330535676
77539,3.99605330535676
77553,3.99605330535676
77556,3.99605330535676
77563,3.99605330535676
77569,3.99605330535676
77576,3.99605330535676
77582,3.99605330535676
77583,3.99605330535676
77588,3.99605330535676
77590,3.99605330535676
77591,3.99605330535676
77592,3.99605330535676
77600,3.99605330535676
77607,3.99605330535676
77608,3.99605330535676
77621,3.99605330535676
77632,3.99605330535676
77633,3.99605330535676
77642,3.99605330535676
77649,3.99605330535676
77654,3.99605330535676
77655,3.99605330535676
77657,3.99605330535676
77658,3.99605330535676
77661,3.99605330535676
77663,3.99605330535676
77669,3.99605330535676
77672,3.99605330535676
77678,3.99605330535676
77689,3.99605330535676
77698,3.99605330535676
77702,3.99605330535676
77703,3.99605330535676
77712,3.99605330535676
77715,3.99605330535676
77721,3.99605330535676
77724,3.99605330535676
77727,3.99605330535676
77728,3.99605330535676
77732,3.99605330535676
77735,3.99605330535676
77737,3.99605330535676
77738,3.99605330535676
77745,3.99605330535676
77750,3.99605330535676
77762,3.99605330535676
77767,3.99605330535676
77779,3.99605330535676
77787,3.99605330535676
77792,3.99605330535676
77794,3.99605330535676
77795,3.99605330535676
77801,3.99605330535676
77804,3.99605330535676
77806,3.99605330535676
77808,3.99605330535676
77814,3.99605330535676
77816,3.99605330535676
77817,3.99605330535676
77832,3.99605330535676
77833,3.99605330535676
77843,3.99605330535676
77853,3.99605330535676
77867,3.99605330535676
77870,3.99605330535676
77875,3.99605330535676
77881,3.99605330535676
77883,3.99605330535676
77887,3.99605330535676
77889,3.99605330535676
77891,3.99605330535676
77897,3.99605330535676
77903,3.99605330535676
77904,3.99605330535676
77907,3.99605330535676
77909,3.99605330535676
77911,3.99605330535676
77913,3.99605330535676
77915,3.99605330535676
77924,3.99605330535676
77930,3.99605330535676
77934,3.99605330535676
77935,3.99605330535676
77937,3.99605330535676
77938,3.99605330535676
77944,3.99605330535676
77947,3.99605330535676
77951,3.99605330535676
77966,3.99605330535676
77969,3.99605330535676
77970,3.99605330535676
77976,3.99605330535676
77984,3.99605330535676
77986,3.99605330535676
77994,3.99605330535676
77999,3.99605330535676
78017,3.99605330535676
78018,3.99605330535676
78021,3.99605330535676
78025,3.99605330535676
78029,3.99605330535676
78030,3.99605330535676
78036,3.99605330535676
78047,3.99605330535676
78049,3.99605330535676
78053,3.99605330535676
78058,3.99605330535676
78063,3.99605330535676
78064,3.99605330535676
78066,3.99605330535676
78074,3.99605330535676
78088,3.99605330535676
78095,3.99605330535676
78103,3.99605330535676
78104,3.99605330535676
78114,3.99605330535676
78127,3.99605330535676
78132,3.99605330535676
78134,3.99605330535676
78136,3.99605330535676
78138,3.99605330535676
78144,3.99605330535676
78146,3.99605330535676
78150,3.99605330535676
78153,3.99605330535676
78157,3.99605330535676
78158,3.99605330535676
78160,3.99605330535676
78163,3.99605330535676
78166,3.99605330535676
78170,3.99605330535676
78176,3.99605330535676
78177,3.99605330535676
78184,3.99605330535676
78189,3.99605330535676
78190,3.99605330535676
78198,3.99605330535676
78202,3.99605330535676
78203,3.99605330535676
78209,3.99605330535676
78212,3.99605330535676
78221,3.99605330535676
78223,3.99605330535676
78226,3.99605330535676
78227,3.99605330535676
78229,3.99605330535676
78237,3.99605330535676
78239,3.99605330535676
78243,3.99605330535676
78245,3.99605330535676
78254,3.99605330535676
78255,3.99605330535676
78262,3.99605330535676
78269,3.99605330535676
78282,3.99605330535676
78296,3.99605330535676
78304,3.99605330535676
78307,3.99605330535676
78310,3.99605330535676
78312,3.99605330535676
78316,3.99605330535676
78317,3.99605330535676
78319,3.99605330535676
78324,3.99605330535676
78331,3.99605330535676
78335,3.99605330535676
78337,3.99605330535676
78338,3.99605330535676
78352,3.99605330535676
78356,3.99605330535676
78357,3.99605330535676
78360,3.99605330535676
78364,3.99605330535676
78368,3.99605330535676
78371,3.99605330535676
78374,3.99605330535676
78392,3.99605330535676
78393,3.99605330535676
78400,3.99605330535676
78409,3.99605330535676
78413,3.99605330535676
78414,3.99605330535676
78416,3.99605330535676
78420,3.99605330535676
78422,3.99605330535676
78424,3.99605330535676
78428,3.99605330535676
78429,3.99605330535676
78433,3.99605330535676
78435,3.99605330535676
78437,3.99605330535676
78446,3.99605330535676
78449,3.99605330535676
78460,3.99605330535676
78461,3.99605330535676
78464,3.99605330535676
78466,3.99605330535676
78468,3.99605330535676
78469,3.99605330535676
78473,3.99605330535676
78481,3.99605330535676
78486,3.99605330535676
78487,3.99605330535676
78488,3.99605330535676
78489,3.99605330535676
78493,3.99605330535676
78494,3.99605330535676
78499,3.99605330535676
78501,3.99605330535676
78503,3.99605330535676
78508,3.99605330535676
78510,3.99605330535676
78513,3.99605330535676
78515,3.99605330535676
78516,3.99605330535676
78517,3.99605330535676
78521,3.99605330535676
78523,3.99605330535676
78526,3.99605330535676
78534,3.99605330535676
78552,3.99605330535676
78553,3.99605330535676
78557,3.99605330535676
78562,3.99605330535676
78563,3.99605330535676
78569,3.99605330535676
78577,3.99605330535676
78580,3.99605330535676
78597,3.99605330535676
78603,3.99605330535676
78605,3.99605330535676
78608,3.99605330535676
78611,3.99605330535676
78619,3.99605330535676
78620,3.99605330535676
78629,3.99605330535676
78632,3.99605330535676
78634,3.99605330535676
78642,3.99605330535676
78650,3.99605330535676
78653,3.99605330535676
78661,3.99605330535676
78663,3.99605330535676
78671,3.99605330535676
78681,3.99605330535676
78683,3.99605330535676
78685,3.99605330535676
78687,3.99605330535676
78688,3.99605330535676
78691,3.99605330535676
78692,3.99605330535676
78693,3.99605330535676
78700,3.99605330535676
78703,3.99605330535676
78724,3.99605330535676
78737,3.99605330535676
78746,3.99605330535676
78748,3.99605330535676
78752,3.99605330535676
78759,3.99605330535676
78760,3.99605330535676
78761,3.99605330535676
78762,3.99605330535676
78769,3.99605330535676
78772,3.99605330535676
78774,3.99605330535676
78782,3.99605330535676
78790,3.99605330535676
78799,3.99605330535676
78806,3.99605330535676
78807,3.99605330535676
78813,3.99605330535676
78816,3.99605330535676
78817,3.99605330535676
78822,3.99605330535676
78826,3.99605330535676
78830,3.99605330535676
78831,3.99605330535676
78833,3.99605330535676
78845,3.99605330535676
78848,3.99605330535676
78852,3.99605330535676
78864,3.99605330535676
78868,3.99605330535676
78869,3.99605330535676
78870,3.99605330535676
78871,3.99605330535676
78874,3.99605330535676
78875,3.99605330535676
78883,3.99605330535676
78900,3.99605330535676
78908,3.99605330535676
78917,3.99605330535676
78919,3.99605330535676
78923,3.99605330535676
78931,3.99605330535676
78939,3.99605330535676
78940,3.99605330535676
78944,3.99605330535676
78949,3.99605330535676
78952,3.99605330535676
78953,3.99605330535676
78969,3.99605330535676
78971,3.99605330535676
78972,3.99605330535676
78975,3.99605330535676
78977,3.99605330535676
78982,3.99605330535676
78988,3.99605330535676
78989,3.99605330535676
78992,3.99605330535676
78996,3.99605330535676
78999,3.99605330535676
79002,3.99605330535676
79003,3.99605330535676
79011,3.99605330535676
79018,3.99605330535676
79037,3.99605330535676
79046,3.99605330535676
79049,3.99605330535676
79051,3.99605330535676
79052,3.99605330535676
79057,3.99605330535676
79059,3.99605330535676
79062,3.99605330535676
79064,3.99605330535676
79072,3.99605330535676
79074,3.99605330535676
79075,3.99605330535676
79080,3.99605330535676
79088,3.99605330535676
79090,3.99605330535676
79094,3.99605330535676
79100,3.99605330535676
79104,3.99605330535676
79108,3.99605330535676
79109,3.99605330535676
79110,3.99605330535676
79113,3.99605330535676
79120,3.99605330535676
79135,3.99605330535676
79146,3.99605330535676
79149,3.99605330535676
79150,3.99605330535676
79153,3.99605330535676
79158,3.99605330535676
79160,3.99605330535676
79163,3.99605330535676
79164,3.99605330535676
79172,3.99605330535676
79175,3.99605330535676
79182,3.99605330535676
79184,3.99605330535676
79185,3.99605330535676
79187,3.99605330535676
79191,3.99605330535676
79197,3.99605330535676
79204,3.99605330535676
79224,3.99605330535676
79227,3.99605330535676
79229,3.99605330535676
79236,3.99605330535676
79239,3.99605330535676
79242,3.99605330535676
79244,3.99605330535676
79249,3.99605330535676
79256,3.99605330535676
79263,3.99605330535676
79270,3.99605330535676
79272,3.99605330535676
79280,3.99605330535676
79282,3.99605330535676
79296,3.99605330535676
79301,3.99605330535676
79302,3.99605330535676
79310,3.99605330535676
79311,3.99605330535676
79322,3.99605330535676
79324,3.99605330535676
79337,3.99605330535676
79348,3.99605330535676
79363,3.99605330535676
79366,3.99605330535676
79384,3.99605330535676
79387,3.99605330535676
79388,3.99605330535676
79409,3.99605330535676
79411,3.99605330535676
79413,3.99605330535676
79414,3.99605330535676
79417,3.99605330535676
79418,3.99605330535676
79429,3.99605330535676
79430,3.99605330535676
79434,3.99605330535676
79438,3.99605330535676
79441,3.99605330535676
79448,3.99605330535676
79451,3.99605330535676
79452,3.99605330535676
79458,3.99605330535676
79471,3.99605330535676
79472,3.99605330535676
79479,3.99605330535676
79481,3.99605330535676
79489,3.99605330535676
79490,3.99605330535676
79491,3.99605330535676
79512,3.99605330535676
79522,3.99605330535676
79527,3.99605330535676
79531,3.99605330535676
79537,3.99605330535676
79550,3.99605330535676
79552,3.99605330535676
79555,3.99605330535676
79558,3.99605330535676
79561,3.99605330535676
79566,3.99605330535676
79574,3.99605330535676
79586,3.99605330535676
79605,3.99605330535676
79606,3.99605330535676
79617,3.99605330535676
79626,3.99605330535676
79630,3.99605330535676
79632,3.99605330535676
79633,3.99605330535676
79637,3.99605330535676
79643,3.99605330535676
79645,3.99605330535676
79647,3.99605330535676
79654,3.99605330535676
79662,3.99605330535676
79668,3.99605330535676
79680,3.99605330535676
79681,3.99605330535676
79687,3.99605330535676
79690,3.99605330535676
79693,3.99605330535676
79708,3.99605330535676
79711,3.99605330535676
79713,3.99605330535676
79716,3.99605330535676
79718,3.99605330535676
79721,3.99605330535676
79728,3.99605330535676
79734,3.99605330535676
79742,3.99605330535676
79748,3.99605330535676
79764,3.99605330535676
79772,3.99605330535676
79774,3.99605330535676
79778,3.99605330535676
79780,3.99605330535676
79784,3.99605330535676
79785,3.99605330535676
79786,3.99605330535676
79794,3.99605330535676
79798,3.99605330535676
79802,3.99605330535676
79806,3.99605330535676
79815,3.99605330535676
79830,3.99605330535676
79831,3.99605330535676
79839,3.99605330535676
79841,3.99605330535676
79849,3.99605330535676
79855,3.99605330535676
79860,3.99605330535676
79863,3.99605330535676
79866,3.99605330535676
79883,3.99605330535676
79887,3.99605330535676
79906,3.99605330535676
79910,3.99605330535676
79912,3.99605330535676
79924,3.99605330535676
79927,3.99605330535676
79929,3.99605330535676
79933,3.99605330535676
79935,3.99605330535676
79945,3.99605330535676
79962,3.99605330535676
79976,3.99605330535676
79977,3.99605330535676
79988,3.99605330535676
79995,3.99605330535676
79998,3.99605330535676
80003,3.99605330535676
80005,3.99605330535676
80012,3.99605330535676
80019,3.99605330535676
80033,3.99605330535676
80041,3.99605330535676
80054,3.99605330535676
80056,3.99605330535676
80062,3.99605330535676
80065,3.99605330535676
80075,3.99605330535676
80077,3.99605330535676
80091,3.99605330535676
80092,3.99605330535676
80093,3.99605330535676
80102,3.99605330535676
80109,3.99605330535676
80118,3.99605330535676
80127,3.99605330535676
80132,3.99605330535676
80140,3.99605330535676
80143,3.99605330535676
80145,3.99605330535676
80149,3.99605330535676
80167,3.99605330535676
80174,3.99605330535676
80180,3.99605330535676
80185,3.99605330535676
80196,3.99605330535676
80198,3.99605330535676
80201,3.99605330535676
80203,3.99605330535676
80211,3.99605330535676
80213,3.99605330535676
80218,3.99605330535676
80221,3.99605330535676
80222,3.99605330535676
80233,3.99605330535676
80235,3.99605330535676
80243,3.99605330535676
80247,3.99605330535676
80255,3.99605330535676
80261,3.99605330535676
80263,3.99605330535676
80280,3.99605330535676
80289,3.99605330535676
80290,3.99605330535676
80291,3.99605330535676
80296,3.99605330535676
80297,3.99605330535676
80307,3.99605330535676
80319,3.99605330535676
80331,3.99605330535676
80332,3.99605330535676
80337,3.99605330535676
80343,3.99605330535676
80347,3.99605330535676
80349,3.99605330535676
80354,3.99605330535676
80357,3.99605330535676
80360,3.99605330535676
80366,3.99605330535676
80379,3.99605330535676
80380,3.99605330535676
80383,3.99605330535676
80387,3.99605330535676
80393,3.99605330535676
80394,3.99605330535676
80395,3.99605330535676
80403,3.99605330535676
80407,3.99605330535676
80408,3.99605330535676
80414,3.99605330535676
80422,3.99605330535676
80424,3.99605330535676
80426,3.99605330535676
80428,3.99605330535676
80432,3.99605330535676
80435,3.99605330535676
80441,3.99605330535676
80443,3.99605330535676
80446,3.99605330535676
80454,3.99605330535676
80456,3.99605330535676
80458,3.99605330535676
80471,3.99605330535676
80479,3.99605330535676
80480,3.99605330535676
80490,3.99605330535676
80522,3.99605330535676
80528,3.99605330535676
80535,3.99605330535676
80541,3.99605330535676
80542,3.99605330535676
80554,3.99605330535676
80558,3.99605330535676
80559,3.99605330535676
80560,3.99605330535676
80568,3.99605330535676
80571,3.99605330535676
80574,3.99605330535676
80575,3.99605330535676
80576,3.99605330535676
80578,3.99605330535676
80579,3.99605330535676
80587,3.99605330535676
80598,3.99605330535676
80611,3.99605330535676
80613,3.99605330535676
80615,3.99605330535676
80617,3.99605330535676
80619,3.99605330535676
80622,3.99605330535676
80623,3.99605330535676
80626,3.99605330535676
80628,3.99605330535676
80630,3.99605330535676
80636,3.99605330535676
80639,3.99605330535676
80644,3.99605330535676
80647,3.99605330535676
80648,3.99605330535676
80655,3.99605330535676
80656,3.99605330535676
80660,3.99605330535676
80664,3.99605330535676
80667,3.99605330535676
80669,3.99605330535676
80670,3.99605330535676
80674,3.99605330535676
80678,3.99605330535676
80711,3.99605330535676
80712,3.99605330535676
80713,3.99605330535676
80714,3.99605330535676
80715,3.99605330535676
80716,3.99605330535676
80717,3.99605330535676
80719,3.99605330535676
80725,3.99605330535676
80728,3.99605330535676
80729,3.99605330535676
80732,3.99605330535676
80749,3.99605330535676
80750,3.99605330535676
80760,3.99605330535676
80766,3.99605330535676
80767,3.99605330535676
80773,3.99605330535676
80774,3.99605330535676
80781,3.99605330535676
80784,3.99605330535676
80787,3.99605330535676
80789,3.99605330535676
80799,3.99605330535676
80805,3.99605330535676
80807,3.99605330535676
80811,3.99605330535676
80815,3.99605330535676
80816,3.99605330535676
80820,3.99605330535676
80830,3.99605330535676
80835,3.99605330535676
80837,3.99605330535676
80846,3.99605330535676
80847,3.99605330535676
80852,3.99605330535676
80854,3.99605330535676
80856,3.99605330535676
80860,3.99605330535676
80866,3.99605330535676
80876,3.99605330535676
80885,3.99605330535676
80886,3.99605330535676
80887,3.99605330535676
80888,3.99605330535676
80898,3.99605330535676
80899,3.99605330535676
80901,3.99605330535676
80909,3.99605330535676
80911,3.99605330535676
80916,3.99605330535676
80917,3.99605330535676
80919,3.99605330535676
80922,3.99605330535676
80926,3.99605330535676
80927,3.99605330535676
80932,3.99605330535676
80933,3.99605330535676
80935,3.99605330535676
80938,3.99605330535676
80941,3.99605330535676
80942,3.99605330535676
80944,3.99605330535676
80947,3.99605330535676
80953,3.99605330535676
80955,3.99605330535676
80956,3.99605330535676
80964,3.99605330535676
80966,3.99605330535676
80971,3.99605330535676
80972,3.99605330535676
80974,3.99605330535676
80982,3.99605330535676
81003,3.99605330535676
81007,3.99605330535676
81010,3.99605330535676
81022,3.99605330535676
81026,3.99605330535676
81034,3.99605330535676
81036,3.99605330535676
81039,3.99605330535676
81041,3.99605330535676
81049,3.99605330535676
81052,3.99605330535676
81057,3.99605330535676
81058,3.99605330535676
81061,3.99605330535676
81076,3.99605330535676
81077,3.99605330535676
81083,3.99605330535676
81089,3.99605330535676
81090,3.99605330535676
81095,3.99605330535676
81098,3.99605330535676
81104,3.99605330535676
81107,3.99605330535676
81108,3.99605330535676
81110,3.99605330535676
81115,3.99605330535676
81118,3.99605330535676
81119,3.99605330535676
81128,3.99605330535676
81130,3.99605330535676
81136,3.99605330535676
81154,3.99605330535676
81155,3.99605330535676
81158,3.99605330535676
81167,3.99605330535676
81168,3.99605330535676
81169,3.99605330535676
81170,3.99605330535676
81179,3.99605330535676
81185,3.99605330535676
81195,3.99605330535676
81208,3.99605330535676
81213,3.99605330535676
81216,3.99605330535676
81219,3.99605330535676
81225,3.99605330535676
81226,3.99605330535676
81232,3.99605330535676
81236,3.99605330535676
81240,3.99605330535676
81246,3.99605330535676
81247,3.99605330535676
81253,3.99605330535676
81257,3.99605330535676
81258,3.99605330535676
81260,3.99605330535676
81262,3.99605330535676
81264,3.99605330535676
81266,3.99605330535676
81270,3.99605330535676
81272,3.99605330535676
81276,3.99605330535676
81280,3.99605330535676
81291,3.99605330535676
81293,3.99605330535676
81299,3.99605330535676
81307,3.99605330535676
81312,3.99605330535676
81316,3.99605330535676
81321,3.99605330535676
81322,3.99605330535676
81326,3.99605330535676
81329,3.99605330535676
81333,3.99605330535676
81336,3.99605330535676
81338,3.99605330535676
81340,3.99605330535676
81347,3.99605330535676
81351,3.99605330535676
81353,3.99605330535676
81359,3.99605330535676
81363,3.99605330535676
81384,3.99605330535676
81391,3.99605330535676
81396,3.99605330535676
81399,3.99605330535676
81404,3.99605330535676
81408,3.99605330535676
81410,3.99605330535676
81413,3.99605330535676
81418,3.99605330535676
81430,3.99605330535676
81436,3.99605330535676
81440,3.99605330535676
81442,3.99605330535676
81454,3.99605330535676
81457,3.99605330535676
81459,3.99605330535676
81464,3.99605330535676
81468,3.99605330535676
81488,3.99605330535676
81493,3.99605330535676
81500,3.99605330535676
81502,3.99605330535676
81514,3.99605330535676
81520,3.99605330535676
81533,3.99605330535676
81534,3.99605330535676
81535,3.99605330535676
81542,3.99605330535676
81555,3.99605330535676
81564,3.99605330535676
81568,3.99605330535676
81570,3.99605330535676
81575,3.99605330535676
81577,3.99605330535676
81578,3.99605330535676
81579,3.99605330535676
81583,3.99605330535676
81584,3.99605330535676
81590,3.99605330535676
81593,3.99605330535676
81596,3.99605330535676
81599,3.99605330535676
81601,3.99605330535676
81605,3.99605330535676
81607,3.99605330535676
81608,3.99605330535676
81617,3.99605330535676
81618,3.99605330535676
81619,3.99605330535676
81622,3.99605330535676
81633,3.99605330535676
81640,3.99605330535676
81643,3.99605330535676
81644,3.99605330535676
81652,3.99605330535676
81660,3.99605330535676
81668,3.99605330535676
81676,3.99605330535676
81681,3.99605330535676
81683,3.99605330535676
81689,3.99605330535676
81691,3.99605330535676
81695,3.99605330535676
81707,3.99605330535676
81710,3.99605330535676
81718,3.99605330535676
81724,3.99605330535676
81734,3.99605330535676
81741,3.99605330535676
81756,3.99605330535676
81760,3.99605330535676
81761,3.99605330535676
81768,3.99605330535676
81770,3.99605330535676
81777,3.99605330535676
81784,3.99605330535676
81788,3.99605330535676
81789,3.99605330535676
81790,3.99605330535676
81803,3.99605330535676
81805,3.99605330535676
81807,3.99605330535676
81810,3.99605330535676
81820,3.99605330535676
81821,3.99605330535676
81825,3.99605330535676
81831,3.99605330535676
81843,3.99605330535676
81848,3.99605330535676
81850,3.99605330535676
81853,3.99605330535676
81855,3.99605330535676
81856,3.99605330535676
81864,3.99605330535676
81865,3.99605330535676
81873,3.99605330535676
81878,3.99605330535676
81879,3.99605330535676
81882,3.99605330535676
81883,3.99605330535676
81891,3.99605330535676
81893,3.99605330535676
81895,3.99605330535676
81897,3.99605330535676
81902,3.99605330535676
81905,3.99605330535676
81907,3.99605330535676
81913,3.99605330535676
81914,3.99605330535676
81920,3.99605330535676
81922,3.99605330535676
81927,3.99605330535676
81937,3.99605330535676
81938,3.99605330535676
81943,3.99605330535676
81946,3.99605330535676
81947,3.99605330535676
81948,3.99605330535676
81952,3.99605330535676
81954,3.99605330535676
81955,3.99605330535676
81966,3.99605330535676
81968,3.99605330535676
81976,3.99605330535676
81987,3.99605330535676
81988,3.99605330535676
81993,3.99605330535676
81995,3.99605330535676
81998,3.99605330535676
82004,3.99605330535676
82007,3.99605330535676
82013,3.99605330535676
82017,3.99605330535676
82018,3.99605330535676
82021,3.99605330535676
82033,3.99605330535676
82034,3.99605330535676
82060,3.99605330535676
82062,3.99605330535676
82065,3.99605330535676
82068,3.99605330535676
82074,3.99605330535676
82077,3.99605330535676
82078,3.99605330535676
82079,3.99605330535676
82085,3.99605330535676
82089,3.99605330535676
82090,3.99605330535676
82096,3.99605330535676
82100,3.99605330535676
82111,3.99605330535676
82112,3.99605330535676
82119,3.99605330535676
82129,3.99605330535676
82136,3.99605330535676
82144,3.99605330535676
82149,3.99605330535676
82157,3.99605330535676
82159,3.99605330535676
82160,3.99605330535676
82165,3.99605330535676
82172,3.99605330535676
82174,3.99605330535676
82191,3.99605330535676
82197,3.99605330535676
82202,3.99605330535676
82224,3.99605330535676
82227,3.99605330535676
82231,3.99605330535676
82232,3.99605330535676
82238,3.99605330535676
82239,3.99605330535676
82241,3.99605330535676
82244,3.99605330535676
82250,3.99605330535676
82256,3.99605330535676
82257,3.99605330535676
82263,3.99605330535676
82264,3.99605330535676
82273,3.99605330535676
82275,3.99605330535676
82276,3.99605330535676
82278,3.99605330535676
82282,3.99605330535676
82295,3.99605330535676
82298,3.99605330535676
82300,3.99605330535676
82305,3.99605330535676
82330,3.99605330535676
82335,3.99605330535676
82336,3.99605330535676
82337,3.99605330535676
82340,3.99605330535676
82341,3.99605330535676
82342,3.99605330535676
82343,3.99605330535676
82344,3.99605330535676
82350,3.99605330535676
82351,3.99605330535676
82355,3.99605330535676
82358,3.99605330535676
82359,3.99605330535676
82373,3.99605330535676
82375,3.99605330535676
82380,3.99605330535676
82382,3.99605330535676
82393,3.99605330535676
82394,3.99605330535676
82399,3.99605330535676
82405,3.99605330535676
82406,3.99605330535676
82412,3.99605330535676
82418,3.99605330535676
82420,3.99605330535676
82422,3.99605330535676
82426,3.99605330535676
82427,3.99605330535676
82429,3.99605330535676
82439,3.99605330535676
82446,3.99605330535676
82447,3.99605330535676
82450,3.99605330535676
82468,3.99605330535676
82471,3.99605330535676
82473,3.99605330535676
82474,3.99605330535676
82478,3.99605330535676
82483,3.99605330535676
82498,3.99605330535676
82500,3.99605330535676
82512,3.99605330535676
82513,3.99605330535676
82516,3.99605330535676
82522,3.99605330535676
82524,3.99605330535676
82532,3.99605330535676
82535,3.99605330535676
82537,3.99605330535676
82538,3.99605330535676
82544,3.99605330535676
82554,3.99605330535676
82559,3.99605330535676
82561,3.99605330535676
82565,3.99605330535676
82572,3.99605330535676
82574,3.99605330535676
82575,3.99605330535676
82577,3.99605330535676
82581,3.99605330535676
82583,3.99605330535676
82585,3.99605330535676
82591,3.99605330535676
82595,3.99605330535676
82596,3.99605330535676
82601,3.99605330535676
82603,3.99605330535676
82607,3.99605330535676
82610,3.99605330535676
82611,3.99605330535676
82614,3.99605330535676
82617,3.99605330535676
82618,3.99605330535676
82627,3.99605330535676
82628,3.99605330535676
82631,3.99605330535676
82633,3.99605330535676
82644,3.99605330535676
82645,3.99605330535676
82647,3.99605330535676
82648,3.99605330535676
82652,3.99605330535676
82653,3.99605330535676
82658,3.99605330535676
82659,3.99605330535676
82660,3.99605330535676
82685,3.99605330535676
82688,3.99605330535676
82691,3.99605330535676
82693,3.99605330535676
82697,3.99605330535676
82699,3.99605330535676
82701,3.99605330535676
82710,3.99605330535676
82717,3.99605330535676
82718,3.99605330535676
82723,3.99605330535676
82725,3.99605330535676
82730,3.99605330535676
82735,3.99605330535676
82736,3.99605330535676
82741,3.99605330535676
82749,3.99605330535676
82754,3.99605330535676
82755,3.99605330535676
82757,3.99605330535676
82763,3.99605330535676
82771,3.99605330535676
82775,3.99605330535676
82789,3.99605330535676
82792,3.99605330535676
82795,3.99605330535676
82799,3.99605330535676
82807,3.99605330535676
82809,3.99605330535676
82821,3.99605330535676
82831,3.99605330535676
82837,3.99605330535676
82845,3.99605330535676
82848,3.99605330535676
82854,3.99605330535676
82858,3.99605330535676
82864,3.99605330535676
82865,3.99605330535676
82867,3.99605330535676
82870,3.99605330535676
82879,3.99605330535676
82880,3.99605330535676
82883,3.99605330535676
82884,3.99605330535676
82889,3.99605330535676
82890,3.99605330535676
82900,3.99605330535676
82906,3.99605330535676
82909,3.99605330535676
82911,3.99605330535676
82917,3.99605330535676
82918,3.99605330535676
82922,3.99605330535676
82928,3.99605330535676
82930,3.99605330535676
82937,3.99605330535676
82940,3.99605330535676
82943,3.99605330535676
82949,3.99605330535676
82950,3.99605330535676
82961,3.99605330535676
82962,3.99605330535676
82963,3.99605330535676
82965,3.99605330535676
82968,3.99605330535676
82972,3.99605330535676
82981,3.99605330535676
82985,3.99605330535676
82988,3.99605330535676
82990,3.99605330535676
82991,3.99605330535676
82997,3.99605330535676
83011,3.99605330535676
83012,3.99605330535676
83025,3.99605330535676
83046,3.99605330535676
83048,3.99605330535676
83052,3.99605330535676
83086,3.99605330535676
83096,3.99605330535676
83097,3.99605330535676
83099,3.99605330535676
83101,3.99605330535676
83105,3.99605330535676
83107,3.99605330535676
83109,3.99605330535676
83135,3.99605330535676
83145,3.99605330535676
83161,3.99605330535676
83171,3.99605330535676
83173,3.99605330535676
83175,3.99605330535676
83176,3.99605330535676
83180,3.99605330535676
83184,3.99605330535676
83190,3.99605330535676
83200,3.99605330535676
83208,3.99605330535676
83210,3.99605330535676
83225,3.99605330535676
83227,3.99605330535676
83228,3.99605330535676
83229,3.99605330535676
83234,3.99605330535676
83238,3.99605330535676
83243,3.99605330535676
83247,3.99605330535676
83250,3.99605330535676
83252,3.99605330535676
83255,3.99605330535676
83266,3.99605330535676
83267,3.99605330535676
83268,3.99605330535676
83269,3.99605330535676
83270,3.99605330535676
83271,3.99605330535676
83278,3.99605330535676
83290,3.99605330535676
83292,3.99605330535676
83300,3.99605330535676
83302,3.99605330535676
83303,3.99605330535676
83310,3.99605330535676
83315,3.99605330535676
83319,3.99605330535676
83322,3.99605330535676
83325,3.99605330535676
83327,3.99605330535676
83334,3.99605330535676
83335,3.99605330535676
83340,3.99605330535676
83342,3.99605330535676
83348,3.99605330535676
83359,3.99605330535676
83367,3.99605330535676
83382,3.99605330535676
83383,3.99605330535676
83390,3.99605330535676
83391,3.99605330535676
83396,3.99605330535676
83400,3.99605330535676
83402,3.99605330535676
83409,3.99605330535676
83410,3.99605330535676
83411,3.99605330535676
83412,3.99605330535676
83414,3.99605330535676
83420,3.99605330535676
83421,3.99605330535676
83430,3.99605330535676
83437,3.99605330535676
83440,3.99605330535676
83445,3.99605330535676
83446,3.99605330535676
83448,3.99605330535676
83460,3.99605330535676
83461,3.99605330535676
83464,3.99605330535676
83483,3.99605330535676
83484,3.99605330535676
83504,3.99605330535676
83509,3.99605330535676
83511,3.99605330535676
83520,3.99605330535676
83523,3.99605330535676
83527,3.99605330535676
83530,3.99605330535676
83553,3.99605330535676
83555,3.99605330535676
83557,3.99605330535676
83558,3.99605330535676
83570,3.99605330535676
83583,3.99605330535676
83603,3.99605330535676
83605,3.99605330535676
83616,3.99605330535676
83618,3.99605330535676
83619,3.99605330535676
83620,3.99605330535676
83631,3.99605330535676
83633,3.99605330535676
83634,3.99605330535676
83638,3.99605330535676
83644,3.99605330535676
83650,3.99605330535676
83651,3.99605330535676
83654,3.99605330535676
83659,3.99605330535676
83663,3.99605330535676
83674,3.99605330535676
83676,3.99605330535676
83680,3.99605330535676
83691,3.99605330535676
83699,3.99605330535676
83702,3.99605330535676
83705,3.99605330535676
83708,3.99605330535676
83709,3.99605330535676
83713,3.99605330535676
83720,3.99605330535676
83724,3.99605330535676
83725,3.99605330535676
83727,3.99605330535676
83728,3.99605330535676
83736,3.99605330535676
83740,3.99605330535676
83746,3.99605330535676
83747,3.99605330535676
83748,3.99605330535676
83754,3.99605330535676
83756,3.99605330535676
83762,3.99605330535676
83765,3.99605330535676
83768,3.99605330535676
83778,3.99605330535676
83782,3.99605330535676
83821,3.99605330535676
83822,3.99605330535676
83850,3.99605330535676
83856,3.99605330535676
83862,3.99605330535676
83863,3.99605330535676
83864,3.99605330535676
83868,3.99605330535676
83870,3.99605330535676
83882,3.99605330535676
83885,3.99605330535676
83886,3.99605330535676
83894,3.99605330535676
83896,3.99605330535676
83902,3.99605330535676
83914,3.99605330535676
83924,3.99605330535676
83933,3.99605330535676
83937,3.99605330535676
83938,3.99605330535676
83941,3.99605330535676
83952,3.99605330535676
83958,3.99605330535676
83959,3.99605330535676
83961,3.99605330535676
83965,3.99605330535676
83966,3.99605330535676
83968,3.99605330535676
83974,3.99605330535676
83979,3.99605330535676
83981,3.99605330535676
83990,3.99605330535676
83993,3.99605330535676
84002,3.99605330535676
84003,3.99605330535676
84004,3.99605330535676
84006,3.99605330535676
84011,3.99605330535676
84027,3.99605330535676
84032,3.99605330535676
84049,3.99605330535676
84051,3.99605330535676
84055,3.99605330535676
84056,3.99605330535676
84063,3.99605330535676
84065,3.99605330535676
84073,3.99605330535676
84080,3.99605330535676
84082,3.99605330535676
84084,3.99605330535676
84092,3.99605330535676
84093,3.99605330535676
84097,3.99605330535676
84102,3.99605330535676
84103,3.99605330535676
84109,3.99605330535676
84112,3.99605330535676
84115,3.99605330535676
84116,3.99605330535676
84123,3.99605330535676
84129,3.99605330535676
84131,3.99605330535676
84133,3.99605330535676
84137,3.99605330535676
84138,3.99605330535676
84145,3.99605330535676
84146,3.99605330535676
84155,3.99605330535676
84170,3.99605330535676
84171,3.99605330535676
84174,3.99605330535676
84177,3.99605330535676
84179,3.99605330535676
84188,3.99605330535676
84194,3.99605330535676
84196,3.99605330535676
84201,3.99605330535676
84207,3.99605330535676
84209,3.99605330535676
84215,3.99605330535676
84221,3.99605330535676
84228,3.99605330535676
84232,3.99605330535676
84233,3.99605330535676
84236,3.99605330535676
84243,3.99605330535676
84248,3.99605330535676
84252,3.99605330535676
84265,3.99605330535676
84270,3.99605330535676
84286,3.99605330535676
84291,3.99605330535676
84301,3.99605330535676
84307,3.99605330535676
84314,3.99605330535676
84317,3.99605330535676
84318,3.99605330535676
84331,3.99605330535676
84337,3.99605330535676
84338,3.99605330535676
84344,3.99605330535676
84349,3.99605330535676
84350,3.99605330535676
84351,3.99605330535676
84353,3.99605330535676
84356,3.99605330535676
84369,3.99605330535676
84375,3.99605330535676
84376,3.99605330535676
84379,3.99605330535676
84384,3.99605330535676
84387,3.99605330535676
84389,3.99605330535676
84395,3.99605330535676
84398,3.99605330535676
84405,3.99605330535676
84415,3.99605330535676
84421,3.99605330535676
84429,3.99605330535676
84431,3.99605330535676
84432,3.99605330535676
84439,3.99605330535676
84442,3.99605330535676
84446,3.99605330535676
84460,3.99605330535676
84473,3.99605330535676
84474,3.99605330535676
84484,3.99605330535676
84488,3.99605330535676
84491,3.99605330535676
84503,3.99605330535676
84509,3.99605330535676
84511,3.99605330535676
84515,3.99605330535676
84518,3.99605330535676
84520,3.99605330535676
84523,3.99605330535676
84526,3.99605330535676
84527,3.99605330535676
84533,3.99605330535676
84541,3.99605330535676
84542,3.99605330535676
84544,3.99605330535676
84547,3.99605330535676
84549,3.99605330535676
84550,3.99605330535676
84552,3.99605330535676
84557,3.99605330535676
84566,3.99605330535676
84573,3.99605330535676
84588,3.99605330535676
84596,3.99605330535676
84608,3.99605330535676
84614,3.99605330535676
84615,3.99605330535676
84631,3.99605330535676
84636,3.99605330535676
84646,3.99605330535676
84653,3.99605330535676
84661,3.99605330535676
84670,3.99605330535676
84693,3.99605330535676
84701,3.99605330535676
84709,3.99605330535676
84710,3.99605330535676
84713,3.99605330535676
84715,3.99605330535676
84718,3.99605330535676
84719,3.99605330535676
84728,3.99605330535676
84735,3.99605330535676
84736,3.99605330535676
84740,3.99605330535676
84741,3.99605330535676
84746,3.99605330535676
84748,3.99605330535676
84749,3.99605330535676
84752,3.99605330535676
84753,3.99605330535676
84764,3.99605330535676
84767,3.99605330535676
84769,3.99605330535676
84774,3.99605330535676
84783,3.99605330535676
84786,3.99605330535676
84787,3.99605330535676
84788,3.99605330535676
84794,3.99605330535676
84800,3.99605330535676
84816,3.99605330535676
84817,3.99605330535676
84822,3.99605330535676
84824,3.99605330535676
84827,3.99605330535676
84829,3.99605330535676
84831,3.99605330535676
84835,3.99605330535676
84836,3.99605330535676
84847,3.99605330535676
84850,3.99605330535676
84864,3.99605330535676
84883,3.99605330535676
84886,3.99605330535676
84891,3.99605330535676
84901,3.99605330535676
84902,3.99605330535676
84903,3.99605330535676
84904,3.99605330535676
84906,3.99605330535676
84914,3.99605330535676
84915,3.99605330535676
84916,3.99605330535676
84917,3.99605330535676
84924,3.99605330535676
84925,3.99605330535676
84928,3.99605330535676
84930,3.99605330535676
84933,3.99605330535676
84939,3.99605330535676
84941,3.99605330535676
84942,3.99605330535676
84949,3.99605330535676
84952,3.99605330535676
84956,3.99605330535676
84973,3.99605330535676
84987,3.99605330535676
84989,3.99605330535676
84990,3.99605330535676
84993,3.99605330535676
84994,3.99605330535676
84996,3.99605330535676
84999,3.99605330535676
85000,3.99605330535676
85008,3.99605330535676
85019,3.99605330535676
85022,3.99605330535676
85029,3.99605330535676
85034,3.99605330535676
85037,3.99605330535676
85038,3.99605330535676
85041,3.99605330535676
85043,3.99605330535676
85044,3.99605330535676
85045,3.99605330535676
85048,3.99605330535676
85049,3.99605330535676
85053,3.99605330535676
85060,3.99605330535676
85061,3.99605330535676
85075,3.99605330535676
85079,3.99605330535676
85087,3.99605330535676
85089,3.99605330535676
85094,3.99605330535676
85098,3.99605330535676
85117,3.99605330535676
85130,3.99605330535676
85143,3.99605330535676
85145,3.99605330535676
85148,3.99605330535676
85156,3.99605330535676
85167,3.99605330535676
85169,3.99605330535676
85170,3.99605330535676
85172,3.99605330535676
85174,3.99605330535676
85177,3.99605330535676
85178,3.99605330535676
85185,3.99605330535676
85186,3.99605330535676
85192,3.99605330535676
85196,3.99605330535676
85200,3.99605330535676
85201,3.99605330535676
85202,3.99605330535676
85211,3.99605330535676
85214,3.99605330535676
85220,3.99605330535676
85228,3.99605330535676
85235,3.99605330535676
85245,3.99605330535676
85247,3.99605330535676
85250,3.99605330535676
85253,3.99605330535676
85259,3.99605330535676
85261,3.99605330535676
85263,3.99605330535676
85265,3.99605330535676
85269,3.99605330535676
85279,3.99605330535676
85284,3.99605330535676
85286,3.99605330535676
85287,3.99605330535676
85290,3.99605330535676
85297,3.99605330535676
85301,3.99605330535676
85306,3.99605330535676
85312,3.99605330535676
85325,3.99605330535676
85327,3.99605330535676
85339,3.99605330535676
85343,3.99605330535676
85346,3.99605330535676
85350,3.99605330535676
85368,3.99605330535676
85370,3.99605330535676
85372,3.99605330535676
85377,3.99605330535676
85378,3.99605330535676
85385,3.99605330535676
85386,3.99605330535676
85400,3.99605330535676
85401,3.99605330535676
85404,3.99605330535676
85426,3.99605330535676
85435,3.99605330535676
85471,3.99605330535676
85480,3.99605330535676
85482,3.99605330535676
85484,3.99605330535676
85491,3.99605330535676
85500,3.99605330535676
85506,3.99605330535676
85522,3.99605330535676
85526,3.99605330535676
85533,3.99605330535676
85535,3.99605330535676
85539,3.99605330535676
85543,3.99605330535676
85545,3.99605330535676
85554,3.99605330535676
85555,3.99605330535676
85560,3.99605330535676
85563,3.99605330535676
85570,3.99605330535676
85575,3.99605330535676
85576,3.99605330535676
85578,3.99605330535676
85581,3.99605330535676
85582,3.99605330535676
85584,3.99605330535676
85585,3.99605330535676
85592,3.99605330535676
85594,3.99605330535676
85602,3.99605330535676
85604,3.99605330535676
85608,3.99605330535676
85627,3.99605330535676
85628,3.99605330535676
85642,3.99605330535676
85647,3.99605330535676
85652,3.99605330535676
85655,3.99605330535676
85666,3.99605330535676
85671,3.99605330535676
85674,3.99605330535676
85678,3.99605330535676
85685,3.99605330535676
85686,3.99605330535676
85688,3.99605330535676
85698,3.99605330535676
85714,3.99605330535676
85719,3.99605330535676
85720,3.99605330535676
85727,3.99605330535676
85735,3.99605330535676
85737,3.99605330535676
85740,3.99605330535676
85741,3.99605330535676
85752,3.99605330535676
85758,3.99605330535676
85761,3.99605330535676
85762,3.99605330535676
85774,3.99605330535676
85777,3.99605330535676
85778,3.99605330535676
85779,3.99605330535676
85786,3.99605330535676
85789,3.99605330535676
85791,3.99605330535676
85801,3.99605330535676
85802,3.99605330535676
85809,3.99605330535676
85821,3.99605330535676
85822,3.99605330535676
85823,3.99605330535676
85824,3.99605330535676
85828,3.99605330535676
85830,3.99605330535676
85836,3.99605330535676
85838,3.99605330535676
85840,3.99605330535676
85845,3.99605330535676
85849,3.99605330535676
85856,3.99605330535676
85859,3.99605330535676
85873,3.99605330535676
85883,3.99605330535676
85884,3.99605330535676
85887,3.99605330535676
85888,3.99605330535676
85893,3.99605330535676
85899,3.99605330535676
85910,3.99605330535676
85916,3.99605330535676
85918,3.99605330535676
85924,3.99605330535676
85927,3.99605330535676
85929,3.99605330535676
85932,3.99605330535676
85934,3.99605330535676
85943,3.99605330535676
85951,3.99605330535676
85978,3.99605330535676
85980,3.99605330535676
85983,3.99605330535676
85990,3.99605330535676
85993,3.99605330535676
85994,3.99605330535676
86001,3.99605330535676
86003,3.99605330535676
86005,3.99605330535676
86010,3.99605330535676
86011,3.99605330535676
86021,3.99605330535676
86026,3.99605330535676
86031,3.99605330535676
86036,3.99605330535676
86038,3.99605330535676
86039,3.99605330535676
86042,3.99605330535676
86048,3.99605330535676
86049,3.99605330535676
86054,3.99605330535676
86059,3.99605330535676
86066,3.99605330535676
86069,3.99605330535676
86071,3.99605330535676
86072,3.99605330535676
86074,3.99605330535676
86076,3.99605330535676
86078,3.99605330535676
86090,3.99605330535676
86091,3.99605330535676
86093,3.99605330535676
86103,3.99605330535676
86107,3.99605330535676
86113,3.99605330535676
86122,3.99605330535676
86128,3.99605330535676
86134,3.99605330535676
86138,3.99605330535676
86142,3.99605330535676
86143,3.99605330535676
86149,3.99605330535676
86152,3.99605330535676
86154,3.99605330535676
86156,3.99605330535676
86159,3.99605330535676
86167,3.99605330535676
86168,3.99605330535676
86171,3.99605330535676
86172,3.99605330535676
86176,3.99605330535676
86178,3.99605330535676
86185,3.99605330535676
86186,3.99605330535676
86187,3.99605330535676
86188,3.99605330535676
86189,3.99605330535676
86192,3.99605330535676
86198,3.99605330535676
86200,3.99605330535676
86206,3.99605330535676
86215,3.99605330535676
86221,3.99605330535676
86226,3.99605330535676
86229,3.99605330535676
86239,3.99605330535676
86256,3.99605330535676
86271,3.99605330535676
86273,3.99605330535676
86280,3.99605330535676
86288,3.99605330535676
86289,3.99605330535676
86290,3.99605330535676
86294,3.99605330535676
86295,3.99605330535676
86303,3.99605330535676
86305,3.99605330535676
86307,3.99605330535676
86309,3.99605330535676
86311,3.99605330535676
86317,3.99605330535676
86319,3.99605330535676
86320,3.99605330535676
86331,3.99605330535676
86344,3.99605330535676
86348,3.99605330535676
86354,3.99605330535676
86355,3.99605330535676
86358,3.99605330535676
86362,3.99605330535676
86363,3.99605330535676
86364,3.99605330535676
86373,3.99605330535676
86378,3.99605330535676
86380,3.99605330535676
86388,3.99605330535676
86390,3.99605330535676
86392,3.99605330535676
86395,3.99605330535676
86403,3.99605330535676
86411,3.99605330535676
86413,3.99605330535676
86415,3.99605330535676
86424,3.99605330535676
86425,3.99605330535676
86430,3.99605330535676
86431,3.99605330535676
86435,3.99605330535676
86436,3.99605330535676
86438,3.99605330535676
86441,3.99605330535676
86447,3.99605330535676
86454,3.99605330535676
86457,3.99605330535676
86458,3.99605330535676
86469,3.99605330535676
86482,3.99605330535676
86485,3.99605330535676
86490,3.99605330535676
86499,3.99605330535676
86508,3.99605330535676
86515,3.99605330535676
86518,3.99605330535676
86522,3.99605330535676
86525,3.99605330535676
86528,3.99605330535676
86529,3.99605330535676
86533,3.99605330535676
86534,3.99605330535676
86542,3.99605330535676
86564,3.99605330535676
86568,3.99605330535676
86574,3.99605330535676
86575,3.99605330535676
86576,3.99605330535676
86577,3.99605330535676
86579,3.99605330535676
86588,3.99605330535676
86597,3.99605330535676
86598,3.99605330535676
86601,3.99605330535676
86610,3.99605330535676
86620,3.99605330535676
86621,3.99605330535676
86627,3.99605330535676
86635,3.99605330535676
86638,3.99605330535676
86639,3.99605330535676
86647,3.99605330535676
86650,3.99605330535676
86654,3.99605330535676
86657,3.99605330535676
86661,3.99605330535676
86664,3.99605330535676
86665,3.99605330535676
86666,3.99605330535676
86672,3.99605330535676
86675,3.99605330535676
86676,3.99605330535676
86677,3.99605330535676
86685,3.99605330535676
86687,3.99605330535676
86699,3.99605330535676
86706,3.99605330535676
86708,3.99605330535676
86710,3.99605330535676
86712,3.99605330535676
86731,3.99605330535676
86732,3.99605330535676
86734,3.99605330535676
86741,3.99605330535676
86746,3.99605330535676
86748,3.99605330535676
86754,3.99605330535676
86755,3.99605330535676
86758,3.99605330535676
86759,3.99605330535676
86769,3.99605330535676
86771,3.99605330535676
86775,3.99605330535676
86776,3.99605330535676
86780,3.99605330535676
86782,3.99605330535676
86784,3.99605330535676
86789,3.99605330535676
86799,3.99605330535676
86801,3.99605330535676
86810,3.99605330535676
86814,3.99605330535676
86817,3.99605330535676
86821,3.99605330535676
86824,3.99605330535676
86827,3.99605330535676
86828,3.99605330535676
86830,3.99605330535676
86831,3.99605330535676
86834,3.99605330535676
86843,3.99605330535676
86844,3.99605330535676
86847,3.99605330535676
86851,3.99605330535676
86855,3.99605330535676
86860,3.99605330535676
86873,3.99605330535676
86878,3.99605330535676
86882,3.99605330535676
86892,3.99605330535676
86893,3.99605330535676
86895,3.99605330535676
86898,3.99605330535676
86899,3.99605330535676
86900,3.99605330535676
86907,3.99605330535676
86920,3.99605330535676
86922,3.99605330535676
86924,3.99605330535676
86935,3.99605330535676
86936,3.99605330535676
86947,3.99605330535676
86949,3.99605330535676
86961,3.99605330535676
86986,3.99605330535676
86997,3.99605330535676
86998,3.99605330535676
87001,3.99605330535676
87013,3.99605330535676
87017,3.99605330535676
87018,3.99605330535676
87020,3.99605330535676
87024,3.99605330535676
87026,3.99605330535676
87032,3.99605330535676
87056,3.99605330535676
87063,3.99605330535676
87064,3.99605330535676
87067,3.99605330535676
87069,3.99605330535676
87081,3.99605330535676
87084,3.99605330535676
87099,3.99605330535676
87100,3.99605330535676
87103,3.99605330535676
87107,3.99605330535676
87109,3.99605330535676
87117,3.99605330535676
87123,3.99605330535676
87124,3.99605330535676
87125,3.99605330535676
87131,3.99605330535676
87133,3.99605330535676
87135,3.99605330535676
87141,3.99605330535676
87152,3.99605330535676
87157,3.99605330535676
87166,3.99605330535676
87167,3.99605330535676
87168,3.99605330535676
87169,3.99605330535676
87172,3.99605330535676
87174,3.99605330535676
87175,3.99605330535676
87178,3.99605330535676
87187,3.99605330535676
87191,3.99605330535676
87198,3.99605330535676
87200,3.99605330535676
87209,3.99605330535676
87210,3.99605330535676
87216,3.99605330535676
87218,3.99605330535676
87226,3.99605330535676
87228,3.99605330535676
87231,3.99605330535676
87258,3.99605330535676
87259,3.99605330535676
87262,3.99605330535676
87269,3.99605330535676
87278,3.99605330535676
87280,3.99605330535676
87281,3.99605330535676
87283,3.99605330535676
87297,3.99605330535676
87300,3.99605330535676
87302,3.99605330535676
87316,3.99605330535676
87320,3.99605330535676
87323,3.99605330535676
87326,3.99605330535676
87335,3.99605330535676
87336,3.99605330535676
87352,3.99605330535676
87353,3.99605330535676
87358,3.99605330535676
87360,3.99605330535676
87364,3.99605330535676
87381,3.99605330535676
87383,3.99605330535676
87393,3.99605330535676
87397,3.99605330535676
87401,3.99605330535676
87403,3.99605330535676
87405,3.99605330535676
87407,3.99605330535676
87430,3.99605330535676
87437,3.99605330535676
87441,3.99605330535676
87450,3.99605330535676
87456,3.99605330535676
87465,3.99605330535676
87466,3.99605330535676
87467,3.99605330535676
87473,3.99605330535676
87475,3.99605330535676
87476,3.99605330535676
87483,3.99605330535676
87490,3.99605330535676
87493,3.99605330535676
87495,3.99605330535676
87499,3.99605330535676
87509,3.99605330535676
87513,3.99605330535676
87519,3.99605330535676
87520,3.99605330535676
87529,3.99605330535676
87534,3.99605330535676
87537,3.99605330535676
87540,3.99605330535676
87543,3.99605330535676
87556,3.99605330535676
87574,3.99605330535676
87580,3.99605330535676
87582,3.99605330535676
87583,3.99605330535676
87597,3.99605330535676
87598,3.99605330535676
87601,3.99605330535676
87602,3.99605330535676
87623,3.99605330535676
87626,3.99605330535676
87630,3.99605330535676
87633,3.99605330535676
87659,3.99605330535676
87669,3.99605330535676
87680,3.99605330535676
87682,3.99605330535676
87693,3.99605330535676
87701,3.99605330535676
87703,3.99605330535676
87715,3.99605330535676
87719,3.99605330535676
87729,3.99605330535676
87731,3.99605330535676
87736,3.99605330535676
87742,3.99605330535676
87745,3.99605330535676
87753,3.99605330535676
87756,3.99605330535676
87774,3.99605330535676
87779,3.99605330535676
87780,3.99605330535676
87782,3.99605330535676
87796,3.99605330535676
87800,3.99605330535676
87802,3.99605330535676
87811,3.99605330535676
87813,3.99605330535676
87818,3.99605330535676
87819,3.99605330535676
87823,3.99605330535676
87824,3.99605330535676
87828,3.99605330535676
87836,3.99605330535676
87840,3.99605330535676
87842,3.99605330535676
87849,3.99605330535676
87856,3.99605330535676
87860,3.99605330535676
87863,3.99605330535676
87865,3.99605330535676
87870,3.99605330535676
87876,3.99605330535676
87877,3.99605330535676
87879,3.99605330535676
87882,3.99605330535676
87891,3.99605330535676
87908,3.99605330535676
87917,3.99605330535676
87925,3.99605330535676
87926,3.99605330535676
87934,3.99605330535676
87949,3.99605330535676
87966,3.99605330535676
87967,3.99605330535676
87968,3.99605330535676
87971,3.99605330535676
87973,3.99605330535676
87974,3.99605330535676
87978,3.99605330535676
87983,3.99605330535676
87988,3.99605330535676
87990,3.99605330535676
87992,3.99605330535676
87993,3.99605330535676
87994,3.99605330535676
87998,3.99605330535676
88007,3.99605330535676
88017,3.99605330535676
88024,3.99605330535676
88030,3.99605330535676
88032,3.99605330535676
88034,3.99605330535676
88035,3.99605330535676
88049,3.99605330535676
88052,3.99605330535676
88057,3.99605330535676
88058,3.99605330535676
88067,3.99605330535676
88069,3.99605330535676
88070,3.99605330535676
88072,3.99605330535676
88075,3.99605330535676
88082,3.99605330535676
88087,3.99605330535676
88089,3.99605330535676
88091,3.99605330535676
88106,3.99605330535676
88109,3.99605330535676
88111,3.99605330535676
88112,3.99605330535676
88123,3.99605330535676
88140,3.99605330535676
88142,3.99605330535676
88143,3.99605330535676
88145,3.99605330535676
88150,3.99605330535676
88152,3.99605330535676
88176,3.99605330535676
88182,3.99605330535676
88184,3.99605330535676
88187,3.99605330535676
88199,3.99605330535676
88200,3.99605330535676
88202,3.99605330535676
88204,3.99605330535676
88206,3.99605330535676
88208,3.99605330535676
88209,3.99605330535676
88213,3.99605330535676
88217,3.99605330535676
88222,3.99605330535676
88224,3.99605330535676
88227,3.99605330535676
88228,3.99605330535676
88253,3.99605330535676
88261,3.99605330535676
88262,3.99605330535676
88268,3.99605330535676
88278,3.99605330535676
88281,3.99605330535676
88285,3.99605330535676
88293,3.99605330535676
88294,3.99605330535676
88296,3.99605330535676
88310,3.99605330535676
88313,3.99605330535676
88327,3.99605330535676
88331,3.99605330535676
88344,3.99605330535676
88345,3.99605330535676
88348,3.99605330535676
88355,3.99605330535676
88363,3.99605330535676
88370,3.99605330535676
88375,3.99605330535676
88379,3.99605330535676
88385,3.99605330535676
88388,3.99605330535676
88389,3.99605330535676
88398,3.99605330535676
88399,3.99605330535676
88403,3.99605330535676
88406,3.99605330535676
88408,3.99605330535676
88419,3.99605330535676
88425,3.99605330535676
88432,3.99605330535676
88434,3.99605330535676
88439,3.99605330535676
88447,3.99605330535676
88454,3.99605330535676
88459,3.99605330535676
88467,3.99605330535676
88472,3.99605330535676
88475,3.99605330535676
88478,3.99605330535676
88487,3.99605330535676
88498,3.99605330535676
88502,3.99605330535676
88517,3.99605330535676
88523,3.99605330535676
88528,3.99605330535676
88529,3.99605330535676
88530,3.99605330535676
88532,3.99605330535676
88534,3.99605330535676
88536,3.99605330535676
88542,3.99605330535676
88547,3.99605330535676
88551,3.99605330535676
88559,3.99605330535676
88560,3.99605330535676
88565,3.99605330535676
88583,3.99605330535676
88586,3.99605330535676
88588,3.99605330535676
88589,3.99605330535676
88590,3.99605330535676
88591,3.99605330535676
88595,3.99605330535676
88601,3.99605330535676
88605,3.99605330535676
88606,3.99605330535676
88608,3.99605330535676
88611,3.99605330535676
88627,3.99605330535676
88633,3.99605330535676
88653,3.99605330535676
88654,3.99605330535676
88658,3.99605330535676
88662,3.99605330535676
88666,3.99605330535676
88674,3.99605330535676
88679,3.99605330535676
88688,3.99605330535676
88689,3.99605330535676
88693,3.99605330535676
88697,3.99605330535676
88699,3.99605330535676
88714,3.99605330535676
88724,3.99605330535676
88725,3.99605330535676
88734,3.99605330535676
88736,3.99605330535676
88743,3.99605330535676
88744,3.99605330535676
88745,3.99605330535676
88748,3.99605330535676
88749,3.99605330535676
88752,3.99605330535676
88754,3.99605330535676
88755,3.99605330535676
88756,3.99605330535676
88757,3.99605330535676
88764,3.99605330535676
88773,3.99605330535676
88776,3.99605330535676
88784,3.99605330535676
88787,3.99605330535676
88788,3.99605330535676
88790,3.99605330535676
88791,3.99605330535676
88797,3.99605330535676
88799,3.99605330535676
88801,3.99605330535676
88805,3.99605330535676
88807,3.99605330535676
88813,3.99605330535676
88818,3.99605330535676
88827,3.99605330535676
88835,3.99605330535676
88839,3.99605330535676
88844,3.99605330535676
88858,3.99605330535676
88860,3.99605330535676
88870,3.99605330535676
88874,3.99605330535676
88875,3.99605330535676
88877,3.99605330535676
88895,3.99605330535676
88909,3.99605330535676
88911,3.99605330535676
88918,3.99605330535676
88927,3.99605330535676
88933,3.99605330535676
88934,3.99605330535676
88940,3.99605330535676
88943,3.99605330535676
88944,3.99605330535676
88945,3.99605330535676
88950,3.99605330535676
88957,3.99605330535676
88959,3.99605330535676
88960,3.99605330535676
88963,3.99605330535676
88964,3.99605330535676
88967,3.99605330535676
88970,3.99605330535676
88971,3.99605330535676
88980,3.99605330535676
88986,3.99605330535676
88989,3.99605330535676
88991,3.99605330535676
89004,3.99605330535676
89014,3.99605330535676
89017,3.99605330535676
89028,3.99605330535676
89029,3.99605330535676
89033,3.99605330535676
89046,3.99605330535676
89049,3.99605330535676
89050,3.99605330535676
89051,3.99605330535676
89053,3.99605330535676
89065,3.99605330535676
89068,3.99605330535676
89069,3.99605330535676
89075,3.99605330535676
89079,3.99605330535676
89083,3.99605330535676
89099,3.99605330535676
89100,3.99605330535676
89104,3.99605330535676
89107,3.99605330535676
89116,3.99605330535676
89117,3.99605330535676
89120,3.99605330535676
89124,3.99605330535676
89138,3.99605330535676
89144,3.99605330535676
89148,3.99605330535676
89150,3.99605330535676
89152,3.99605330535676
89154,3.99605330535676
89158,3.99605330535676
89169,3.99605330535676
89176,3.99605330535676
89178,3.99605330535676
89179,3.99605330535676
89181,3.99605330535676
89185,3.99605330535676
89189,3.99605330535676
89190,3.99605330535676
89200,3.99605330535676
89202,3.99605330535676
89204,3.99605330535676
89205,3.99605330535676
89209,3.99605330535676
89224,3.99605330535676
89230,3.99605330535676
89232,3.99605330535676
89233,3.99605330535676
89240,3.99605330535676
89242,3.99605330535676
89245,3.99605330535676
89249,3.99605330535676
89258,3.99605330535676
89260,3.99605330535676
89270,3.99605330535676
89274,3.99605330535676
89290,3.99605330535676
89294,3.99605330535676
89297,3.99605330535676
89310,3.99605330535676
89318,3.99605330535676
89327,3.99605330535676
89329,3.99605330535676
89330,3.99605330535676
89336,3.99605330535676
89343,3.99605330535676
89352,3.99605330535676
89358,3.99605330535676
89359,3.99605330535676
89367,3.99605330535676
89368,3.99605330535676
89378,3.99605330535676
89379,3.99605330535676
89386,3.99605330535676
89388,3.99605330535676
89393,3.99605330535676
89394,3.99605330535676
89395,3.99605330535676
89401,3.99605330535676
89416,3.99605330535676
89419,3.99605330535676
89422,3.99605330535676
89425,3.99605330535676
89427,3.99605330535676
89434,3.99605330535676
89440,3.99605330535676
89442,3.99605330535676
89446,3.99605330535676
89447,3.99605330535676
89457,3.99605330535676
89470,3.99605330535676
89472,3.99605330535676
89477,3.99605330535676
89491,3.99605330535676
89496,3.99605330535676
89499,3.99605330535676
89500,3.99605330535676
89502,3.99605330535676
89503,3.99605330535676
89508,3.99605330535676
89512,3.99605330535676
89522,3.99605330535676
89524,3.99605330535676
89534,3.99605330535676
89547,3.99605330535676
89552,3.99605330535676
89556,3.99605330535676
89558,3.99605330535676
89563,3.99605330535676
89564,3.99605330535676
89566,3.99605330535676
89567,3.99605330535676
89568,3.99605330535676
89582,3.99605330535676
89586,3.99605330535676
89595,3.99605330535676
89598,3.99605330535676
89608,3.99605330535676
89611,3.99605330535676
89620,3.99605330535676
89621,3.99605330535676
89622,3.99605330535676
89627,3.99605330535676
89628,3.99605330535676
89630,3.99605330535676
89633,3.99605330535676
89639,3.99605330535676
89645,3.99605330535676
89646,3.99605330535676
89648,3.99605330535676
89656,3.99605330535676
89658,3.99605330535676
89660,3.99605330535676
89661,3.99605330535676
89662,3.99605330535676
89663,3.99605330535676
89664,3.99605330535676
89667,3.99605330535676
89681,3.99605330535676
89688,3.99605330535676
89691,3.99605330535676
89703,3.99605330535676
89705,3.99605330535676
89718,3.99605330535676
89729,3.99605330535676
89734,3.99605330535676
89744,3.99605330535676
89745,3.99605330535676
89748,3.99605330535676
89751,3.99605330535676
89759,3.99605330535676
89761,3.99605330535676
89766,3.99605330535676
89769,3.99605330535676
89773,3.99605330535676
89777,3.99605330535676
89778,3.99605330535676
89781,3.99605330535676
89785,3.99605330535676
89788,3.99605330535676
89791,3.99605330535676
89796,3.99605330535676
89799,3.99605330535676
89801,3.99605330535676
89803,3.99605330535676
89804,3.99605330535676
89807,3.99605330535676
89814,3.99605330535676
89815,3.99605330535676
89816,3.99605330535676
89818,3.99605330535676
89820,3.99605330535676
89821,3.99605330535676
89823,3.99605330535676
89825,3.99605330535676
89827,3.99605330535676
89828,3.99605330535676
89829,3.99605330535676
89833,3.99605330535676
89838,3.99605330535676
89840,3.99605330535676
89844,3.99605330535676
89848,3.99605330535676
89849,3.99605330535676
89855,3.99605330535676
89859,3.99605330535676
89862,3.99605330535676
89863,3.99605330535676
89864,3.99605330535676
89873,3.99605330535676
89875,3.99605330535676
89882,3.99605330535676
89910,3.99605330535676
89912,3.99605330535676
89916,3.99605330535676
89927,3.99605330535676
89930,3.99605330535676
89935,3.99605330535676
89936,3.99605330535676
89939,3.99605330535676
89941,3.99605330535676
89945,3.99605330535676
89957,3.99605330535676
89960,3.99605330535676
89965,3.99605330535676
89966,3.99605330535676
89970,3.99605330535676
89971,3.99605330535676
89976,3.99605330535676
89981,3.99605330535676
89983,3.99605330535676
89986,3.99605330535676
89987,3.99605330535676
89990,3.99605330535676
90006,3.99605330535676
90010,3.99605330535676
90014,3.99605330535676
90016,3.99605330535676
90017,3.99605330535676
90019,3.99605330535676
90023,3.99605330535676
90029,3.99605330535676
90039,3.99605330535676
90045,3.99605330535676
90050,3.99605330535676
90060,3.99605330535676
90062,3.99605330535676
90079,3.99605330535676
90082,3.99605330535676
90091,3.99605330535676
90097,3.99605330535676
90101,3.99605330535676
90106,3.99605330535676
90107,3.99605330535676
90110,3.99605330535676
90111,3.99605330535676
90118,3.99605330535676
90123,3.99605330535676
90124,3.99605330535676
90127,3.99605330535676
90129,3.99605330535676
90137,3.99605330535676
90139,3.99605330535676
90142,3.99605330535676
90153,3.99605330535676
90154,3.99605330535676
90156,3.99605330535676
90158,3.99605330535676
90163,3.99605330535676
90164,3.99605330535676
90166,3.99605330535676
90170,3.99605330535676
90181,3.99605330535676
90182,3.99605330535676
90187,3.99605330535676
90189,3.99605330535676
90197,3.99605330535676
90199,3.99605330535676
90211,3.99605330535676
90217,3.99605330535676
90219,3.99605330535676
90220,3.99605330535676
90224,3.99605330535676
90230,3.99605330535676
90231,3.99605330535676
90234,3.99605330535676
90236,3.99605330535676
90237,3.99605330535676
90243,3.99605330535676
90245,3.99605330535676
90249,3.99605330535676
90254,3.99605330535676
90258,3.99605330535676
90259,3.99605330535676
90265,3.99605330535676
90267,3.99605330535676
90271,3.99605330535676
90275,3.99605330535676
90276,3.99605330535676
90284,3.99605330535676
90285,3.99605330535676
90291,3.99605330535676
90309,3.99605330535676
90312,3.99605330535676
90320,3.99605330535676
90328,3.99605330535676
90335,3.99605330535676
90339,3.99605330535676
90346,3.99605330535676
90347,3.99605330535676
90351,3.99605330535676
90373,3.99605330535676
90378,3.99605330535676
90391,3.99605330535676
90394,3.99605330535676
90398,3.99605330535676
90401,3.99605330535676
90411,3.99605330535676
90414,3.99605330535676
90417,3.99605330535676
90418,3.99605330535676
90420,3.99605330535676
90424,3.99605330535676
90430,3.99605330535676
90448,3.99605330535676
90459,3.99605330535676
90468,3.99605330535676
90471,3.99605330535676
90473,3.99605330535676
90474,3.99605330535676
90486,3.99605330535676
90488,3.99605330535676
90490,3.99605330535676
90504,3.99605330535676
90507,3.99605330535676
90508,3.99605330535676
90520,3.99605330535676
90524,3.99605330535676
90533,3.99605330535676
90540,3.99605330535676
90545,3.99605330535676
90547,3.99605330535676
90551,3.99605330535676
90552,3.99605330535676
90554,3.99605330535676
90555,3.99605330535676
90557,3.99605330535676
90559,3.99605330535676
90571,3.99605330535676
90572,3.99605330535676
90575,3.99605330535676
90577,3.99605330535676
90582,3.99605330535676
90586,3.99605330535676
90588,3.99605330535676
90592,3.99605330535676
90606,3.99605330535676
90612,3.99605330535676
90620,3.99605330535676
90622,3.99605330535676
90623,3.99605330535676
90625,3.99605330535676
90639,3.99605330535676
90655,3.99605330535676
90662,3.99605330535676
90663,3.99605330535676
90667,3.99605330535676
90671,3.99605330535676
90672,3.99605330535676
90673,3.99605330535676
90675,3.99605330535676
90685,3.99605330535676
90687,3.99605330535676
90691,3.99605330535676
90695,3.99605330535676
90696,3.99605330535676
90702,3.99605330535676
90720,3.99605330535676
90722,3.99605330535676
90724,3.99605330535676
90725,3.99605330535676
90730,3.99605330535676
90732,3.99605330535676
90733,3.99605330535676
90734,3.99605330535676
90739,3.99605330535676
90746,3.99605330535676
90747,3.99605330535676
90753,3.99605330535676
90758,3.99605330535676
90767,3.99605330535676
90769,3.99605330535676
90770,3.99605330535676
90776,3.99605330535676
90788,3.99605330535676
90790,3.99605330535676
90800,3.99605330535676
90807,3.99605330535676
90810,3.99605330535676
90813,3.99605330535676
90814,3.99605330535676
90821,3.99605330535676
90824,3.99605330535676
90831,3.99605330535676
90834,3.99605330535676
90835,3.99605330535676
90840,3.99605330535676
90844,3.99605330535676
90851,3.99605330535676
90861,3.99605330535676
90863,3.99605330535676
90866,3.99605330535676
90873,3.99605330535676
90878,3.99605330535676
90879,3.99605330535676
90884,3.99605330535676
90887,3.99605330535676
90891,3.99605330535676
90892,3.99605330535676
90904,3.99605330535676
90925,3.99605330535676
90928,3.99605330535676
90935,3.99605330535676
90936,3.99605330535676
90940,3.99605330535676
90943,3.99605330535676
90944,3.99605330535676
90947,3.99605330535676
90951,3.99605330535676
90953,3.99605330535676
90956,3.99605330535676
90961,3.99605330535676
90962,3.99605330535676
90964,3.99605330535676
90969,3.99605330535676
90971,3.99605330535676
90976,3.99605330535676
90977,3.99605330535676
90979,3.99605330535676
90980,3.99605330535676
90981,3.99605330535676
90982,3.99605330535676
90983,3.99605330535676
90984,3.99605330535676
90987,3.99605330535676
90988,3.99605330535676
90993,3.99605330535676
90995,3.99605330535676
90996,3.99605330535676
91007,3.99605330535676
91011,3.99605330535676
91022,3.99605330535676
91026,3.99605330535676
91028,3.99605330535676
91041,3.99605330535676
91055,3.99605330535676
91056,3.99605330535676
91061,3.99605330535676
91072,3.99605330535676
91074,3.99605330535676
91077,3.99605330535676
91103,3.99605330535676
91104,3.99605330535676
91107,3.99605330535676
91110,3.99605330535676
91114,3.99605330535676
91118,3.99605330535676
91132,3.99605330535676
91135,3.99605330535676
91140,3.99605330535676
91144,3.99605330535676
91145,3.99605330535676
91147,3.99605330535676
91150,3.99605330535676
91161,3.99605330535676
91174,3.99605330535676
91176,3.99605330535676
91180,3.99605330535676
91184,3.99605330535676
91188,3.99605330535676
91196,3.99605330535676
91199,3.99605330535676
91204,3.99605330535676
91210,3.99605330535676
91216,3.99605330535676
91224,3.99605330535676
91226,3.99605330535676
91227,3.99605330535676
91232,3.99605330535676
91233,3.99605330535676
91244,3.99605330535676
91245,3.99605330535676
91251,3.99605330535676
91258,3.99605330535676
91259,3.99605330535676
91269,3.99605330535676
91272,3.99605330535676
91280,3.99605330535676
91283,3.99605330535676
91288,3.99605330535676
91299,3.99605330535676
91304,3.99605330535676
91308,3.99605330535676
91312,3.99605330535676
91315,3.99605330535676
91321,3.99605330535676
91322,3.99605330535676
91326,3.99605330535676
91327,3.99605330535676
91334,3.99605330535676
91337,3.99605330535676
91339,3.99605330535676
91344,3.99605330535676
91346,3.99605330535676
91356,3.99605330535676
91357,3.99605330535676
91358,3.99605330535676
91361,3.99605330535676
91364,3.99605330535676
91370,3.99605330535676
91374,3.99605330535676
91383,3.99605330535676
91384,3.99605330535676
91387,3.99605330535676
91390,3.99605330535676
91396,3.99605330535676
91397,3.99605330535676
91400,3.99605330535676
91405,3.99605330535676
91410,3.99605330535676
91417,3.99605330535676
91423,3.99605330535676
91425,3.99605330535676
91436,3.99605330535676
91446,3.99605330535676
91449,3.99605330535676
91453,3.99605330535676
91460,3.99605330535676
91462,3.99605330535676
91464,3.99605330535676
91466,3.99605330535676
91469,3.99605330535676
91472,3.99605330535676
91483,3.99605330535676
91484,3.99605330535676
91489,3.99605330535676
91493,3.99605330535676
91498,3.99605330535676
91500,3.99605330535676
91501,3.99605330535676
91511,3.99605330535676
91512,3.99605330535676
91530,3.99605330535676
91532,3.99605330535676
91535,3.99605330535676
91536,3.99605330535676
91548,3.99605330535676
91551,3.99605330535676
91559,3.99605330535676
91568,3.99605330535676
91577,3.99605330535676
91580,3.99605330535676
91581,3.99605330535676
91597,3.99605330535676
91599,3.99605330535676
91606,3.99605330535676
91607,3.99605330535676
91608,3.99605330535676
91609,3.99605330535676
91611,3.99605330535676
91615,3.99605330535676
91624,3.99605330535676
91631,3.99605330535676
91635,3.99605330535676
91638,3.99605330535676
91644,3.99605330535676
91646,3.99605330535676
91656,3.99605330535676
91660,3.99605330535676
91664,3.99605330535676
91665,3.99605330535676
91671,3.99605330535676
91672,3.99605330535676
91676,3.99605330535676
91680,3.99605330535676
91684,3.99605330535676
91687,3.99605330535676
91709,3.99605330535676
91710,3.99605330535676
91712,3.99605330535676
91718,3.99605330535676
91727,3.99605330535676
91732,3.99605330535676
91736,3.99605330535676
91737,3.99605330535676
91739,3.99605330535676
91740,3.99605330535676
91742,3.99605330535676
91745,3.99605330535676
91747,3.99605330535676
91768,3.99605330535676
91773,3.99605330535676
91782,3.99605330535676
91784,3.99605330535676
91785,3.99605330535676
91793,3.99605330535676
91795,3.99605330535676
91799,3.99605330535676
91800,3.99605330535676
91807,3.99605330535676
91813,3.99605330535676
91815,3.99605330535676
91821,3.99605330535676
91824,3.99605330535676
91831,3.99605330535676
91835,3.99605330535676
91842,3.99605330535676
91846,3.99605330535676
91856,3.99605330535676
91860,3.99605330535676
91863,3.99605330535676
91865,3.99605330535676
91872,3.99605330535676
91874,3.99605330535676
91876,3.99605330535676
91882,3.99605330535676
91887,3.99605330535676
91897,3.99605330535676
91898,3.99605330535676
91899,3.99605330535676
91904,3.99605330535676
91913,3.99605330535676
91919,3.99605330535676
91922,3.99605330535676
91924,3.99605330535676
91926,3.99605330535676
91931,3.99605330535676
91936,3.99605330535676
91954,3.99605330535676
91961,3.99605330535676
91967,3.99605330535676
91969,3.99605330535676
91972,3.99605330535676
91975,3.99605330535676
91977,3.99605330535676
91979,3.99605330535676
91980,3.99605330535676
91985,3.99605330535676
91987,3.99605330535676
91997,3.99605330535676
92006,3.99605330535676
92011,3.99605330535676
92013,3.99605330535676
92017,3.99605330535676
92018,3.99605330535676
92020,3.99605330535676
92022,3.99605330535676
92028,3.99605330535676
92032,3.99605330535676
92053,3.99605330535676
92057,3.99605330535676
92060,3.99605330535676
92063,3.99605330535676
92064,3.99605330535676
92075,3.99605330535676
92087,3.99605330535676
92093,3.99605330535676
92102,3.99605330535676
92104,3.99605330535676
92109,3.99605330535676
92111,3.99605330535676
92113,3.99605330535676
92119,3.99605330535676
92120,3.99605330535676
92124,3.99605330535676
92129,3.99605330535676
92136,3.99605330535676
92137,3.99605330535676
92138,3.99605330535676
92143,3.99605330535676
92147,3.99605330535676
92154,3.99605330535676
92160,3.99605330535676
92161,3.99605330535676
92166,3.99605330535676
92167,3.99605330535676
92169,3.99605330535676
92170,3.99605330535676
92178,3.99605330535676
92181,3.99605330535676
92183,3.99605330535676
92186,3.99605330535676
92189,3.99605330535676
92192,3.99605330535676
92197,3.99605330535676
92199,3.99605330535676
92202,3.99605330535676
92212,3.99605330535676
92216,3.99605330535676
92222,3.99605330535676
92224,3.99605330535676
92226,3.99605330535676
92228,3.99605330535676
92232,3.99605330535676
92234,3.99605330535676
92272,3.99605330535676
92275,3.99605330535676
92279,3.99605330535676
92283,3.99605330535676
92284,3.99605330535676
92285,3.99605330535676
92286,3.99605330535676
92288,3.99605330535676
92292,3.99605330535676
92293,3.99605330535676
92295,3.99605330535676
92310,3.99605330535676
92312,3.99605330535676
92316,3.99605330535676
92320,3.99605330535676
92321,3.99605330535676
92330,3.99605330535676
92331,3.99605330535676
92336,3.99605330535676
92341,3.99605330535676
92342,3.99605330535676
92347,3.99605330535676
92350,3.99605330535676
92370,3.99605330535676
92371,3.99605330535676
92374,3.99605330535676
92375,3.99605330535676
92379,3.99605330535676
92389,3.99605330535676
92390,3.99605330535676
92391,3.99605330535676
92394,3.99605330535676
92395,3.99605330535676
92396,3.99605330535676
92397,3.99605330535676
92398,3.99605330535676
92399,3.99605330535676
92426,3.99605330535676
92427,3.99605330535676
92444,3.99605330535676
92445,3.99605330535676
92451,3.99605330535676
92460,3.99605330535676
92468,3.99605330535676
92469,3.99605330535676
92483,3.99605330535676
92489,3.99605330535676
92490,3.99605330535676
92494,3.99605330535676
92498,3.99605330535676
92505,3.99605330535676
92515,3.99605330535676
92520,3.99605330535676
92526,3.99605330535676
92527,3.99605330535676
92530,3.99605330535676
92541,3.99605330535676
92542,3.99605330535676
92543,3.99605330535676
92548,3.99605330535676
92558,3.99605330535676
92559,3.99605330535676
92560,3.99605330535676
92561,3.99605330535676
92562,3.99605330535676
92567,3.99605330535676
92571,3.99605330535676
92573,3.99605330535676
92575,3.99605330535676
92577,3.99605330535676
92591,3.99605330535676
92594,3.99605330535676
92600,3.99605330535676
92607,3.99605330535676
92619,3.99605330535676
92625,3.99605330535676
92644,3.99605330535676
92677,3.99605330535676
92683,3.99605330535676
92690,3.99605330535676
92693,3.99605330535676
92705,3.99605330535676
92715,3.99605330535676
92717,3.99605330535676
92722,3.99605330535676
92725,3.99605330535676
92743,3.99605330535676
92750,3.99605330535676
92751,3.99605330535676
92752,3.99605330535676
92758,3.99605330535676
92759,3.99605330535676
92776,3.99605330535676
92777,3.99605330535676
92783,3.99605330535676
92786,3.99605330535676
92795,3.99605330535676
92796,3.99605330535676
92799,3.99605330535676
92800,3.99605330535676
92801,3.99605330535676
92807,3.99605330535676
92815,3.99605330535676
92816,3.99605330535676
92819,3.99605330535676
92821,3.99605330535676
92826,3.99605330535676
92828,3.99605330535676
92830,3.99605330535676
92834,3.99605330535676
92836,3.99605330535676
92844,3.99605330535676
92855,3.99605330535676
92866,3.99605330535676
92874,3.99605330535676
92879,3.99605330535676
92880,3.99605330535676
92887,3.99605330535676
92888,3.99605330535676
92889,3.99605330535676
92893,3.99605330535676
92894,3.99605330535676
92899,3.99605330535676
92904,3.99605330535676
92907,3.99605330535676
92910,3.99605330535676
92913,3.99605330535676
92922,3.99605330535676
92924,3.99605330535676
92927,3.99605330535676
92931,3.99605330535676
92944,3.99605330535676
92945,3.99605330535676
92953,3.99605330535676
92956,3.99605330535676
92959,3.99605330535676
92962,3.99605330535676
92968,3.99605330535676
92983,3.99605330535676
92986,3.99605330535676
92987,3.99605330535676
92992,3.99605330535676
92993,3.99605330535676
92996,3.99605330535676
92997,3.99605330535676
93005,3.99605330535676
93011,3.99605330535676
93012,3.99605330535676
93018,3.99605330535676
93019,3.99605330535676
93022,3.99605330535676
93024,3.99605330535676
93027,3.99605330535676
93033,3.99605330535676
93035,3.99605330535676
93042,3.99605330535676
93060,3.99605330535676
93064,3.99605330535676
93076,3.99605330535676
93086,3.99605330535676
93090,3.99605330535676
93096,3.99605330535676
93115,3.99605330535676
93119,3.99605330535676
93121,3.99605330535676
93126,3.99605330535676
93129,3.99605330535676
93132,3.99605330535676
93147,3.99605330535676
93150,3.99605330535676
93151,3.99605330535676
93154,3.99605330535676
93157,3.99605330535676
93160,3.99605330535676
93163,3.99605330535676
93168,3.99605330535676
93174,3.99605330535676
93176,3.99605330535676
93181,3.99605330535676
93188,3.99605330535676
93193,3.99605330535676
93198,3.99605330535676
93201,3.99605330535676
93212,3.99605330535676
93215,3.99605330535676
93219,3.99605330535676
93222,3.99605330535676
93225,3.99605330535676
93226,3.99605330535676
93229,3.99605330535676
93244,3.99605330535676
93250,3.99605330535676
93253,3.99605330535676
93256,3.99605330535676
93269,3.99605330535676
93272,3.99605330535676
93273,3.99605330535676
93276,3.99605330535676
93283,3.99605330535676
93288,3.99605330535676
93290,3.99605330535676
93291,3.99605330535676
93293,3.99605330535676
93298,3.99605330535676
93300,3.99605330535676
93303,3.99605330535676
93308,3.99605330535676
93309,3.99605330535676
93310,3.99605330535676
93318,3.99605330535676
93322,3.99605330535676
93324,3.99605330535676
93328,3.99605330535676
93329,3.99605330535676
93331,3.99605330535676
93333,3.99605330535676
93340,3.99605330535676
93343,3.99605330535676
93345,3.99605330535676
93346,3.99605330535676
93366,3.99605330535676
93367,3.99605330535676
93369,3.99605330535676
93386,3.99605330535676
93388,3.99605330535676
93389,3.99605330535676
93392,3.99605330535676
93395,3.99605330535676
93401,3.99605330535676
93402,3.99605330535676
93404,3.99605330535676
93408,3.99605330535676
93416,3.99605330535676
93424,3.99605330535676
93426,3.99605330535676
93443,3.99605330535676
93451,3.99605330535676
93460,3.99605330535676
93461,3.99605330535676
93464,3.99605330535676
93465,3.99605330535676
93477,3.99605330535676
93481,3.99605330535676
93484,3.99605330535676
93491,3.99605330535676
93492,3.99605330535676
93499,3.99605330535676
93501,3.99605330535676
93519,3.99605330535676
93529,3.99605330535676
93530,3.99605330535676
93532,3.99605330535676
93533,3.99605330535676
93540,3.99605330535676
93541,3.99605330535676
93544,3.99605330535676
93548,3.99605330535676
93550,3.99605330535676
93552,3.99605330535676
93555,3.99605330535676
93557,3.99605330535676
93564,3.99605330535676
93570,3.99605330535676
93574,3.99605330535676
93577,3.99605330535676
93579,3.99605330535676
93581,3.99605330535676
93584,3.99605330535676
93597,3.99605330535676
93603,3.99605330535676
93608,3.99605330535676
93610,3.99605330535676
93612,3.99605330535676
93633,3.99605330535676
93640,3.99605330535676
93663,3.99605330535676
93664,3.99605330535676
93672,3.99605330535676
93676,3.99605330535676
93679,3.99605330535676
93685,3.99605330535676
93692,3.99605330535676
93693,3.99605330535676
93695,3.99605330535676
93699,3.99605330535676
93703,3.99605330535676
93706,3.99605330535676
93709,3.99605330535676
93711,3.99605330535676
93712,3.99605330535676
93715,3.99605330535676
93716,3.99605330535676
93720,3.99605330535676
93723,3.99605330535676
93726,3.99605330535676
93727,3.99605330535676
93730,3.99605330535676
93731,3.99605330535676
93735,3.99605330535676
93752,3.99605330535676
93759,3.99605330535676
93770,3.99605330535676
93772,3.99605330535676
93776,3.99605330535676
93778,3.99605330535676
93782,3.99605330535676
93785,3.99605330535676
93786,3.99605330535676
93791,3.99605330535676
93795,3.99605330535676
93806,3.99605330535676
93814,3.99605330535676
93817,3.99605330535676
93819,3.99605330535676
93827,3.99605330535676
93835,3.99605330535676
93839,3.99605330535676
93846,3.99605330535676
93847,3.99605330535676
93849,3.99605330535676
93857,3.99605330535676
93858,3.99605330535676
93862,3.99605330535676
93879,3.99605330535676
93883,3.99605330535676
93884,3.99605330535676
93886,3.99605330535676
93895,3.99605330535676
93906,3.99605330535676
93907,3.99605330535676
93911,3.99605330535676
93919,3.99605330535676
93931,3.99605330535676
93946,3.99605330535676
93958,3.99605330535676
93962,3.99605330535676
93965,3.99605330535676
93967,3.99605330535676
93969,3.99605330535676
93970,3.99605330535676
93972,3.99605330535676
93984,3.99605330535676
93988,3.99605330535676
93995,3.99605330535676
93996,3.99605330535676
93997,3.99605330535676
93999,3.99605330535676
94004,3.99605330535676
94010,3.99605330535676
94020,3.99605330535676
94021,3.99605330535676
94023,3.99605330535676
94024,3.99605330535676
94037,3.99605330535676
94039,3.99605330535676
94041,3.99605330535676
94053,3.99605330535676
94054,3.99605330535676
94059,3.99605330535676
94066,3.99605330535676
94079,3.99605330535676
94082,3.99605330535676
94090,3.99605330535676
94100,3.99605330535676
94102,3.99605330535676
94103,3.99605330535676
94111,3.99605330535676
94121,3.99605330535676
94126,3.99605330535676
94131,3.99605330535676
94133,3.99605330535676
94136,3.99605330535676
94145,3.99605330535676
94150,3.99605330535676
94151,3.99605330535676
94160,3.99605330535676
94165,3.99605330535676
94167,3.99605330535676
94168,3.99605330535676
94175,3.99605330535676
94180,3.99605330535676
94181,3.99605330535676
94182,3.99605330535676
94187,3.99605330535676
94198,3.99605330535676
94201,3.99605330535676
94208,3.99605330535676
94212,3.99605330535676
94214,3.99605330535676
94223,3.99605330535676
94233,3.99605330535676
94238,3.99605330535676
94240,3.99605330535676
94241,3.99605330535676
94250,3.99605330535676
94263,3.99605330535676
94270,3.99605330535676
94273,3.99605330535676
94274,3.99605330535676
94284,3.99605330535676
94285,3.99605330535676
94286,3.99605330535676
94288,3.99605330535676
94289,3.99605330535676
94295,3.99605330535676
94313,3.99605330535676
94316,3.99605330535676
94324,3.99605330535676
94326,3.99605330535676
94333,3.99605330535676
94335,3.99605330535676
94338,3.99605330535676
94350,3.99605330535676
94353,3.99605330535676
94362,3.99605330535676
94363,3.99605330535676
94364,3.99605330535676
94365,3.99605330535676
94367,3.99605330535676
94375,3.99605330535676
94376,3.99605330535676
94379,3.99605330535676
94383,3.99605330535676
94384,3.99605330535676
94389,3.99605330535676
94391,3.99605330535676
94396,3.99605330535676
94401,3.99605330535676
94408,3.99605330535676
94411,3.99605330535676
94415,3.99605330535676
94434,3.99605330535676
94437,3.99605330535676
94446,3.99605330535676
94448,3.99605330535676
94453,3.99605330535676
94454,3.99605330535676
94458,3.99605330535676
94460,3.99605330535676
94463,3.99605330535676
94464,3.99605330535676
94469,3.99605330535676
94470,3.99605330535676
94477,3.99605330535676
94481,3.99605330535676
94482,3.99605330535676
94488,3.99605330535676
94501,3.99605330535676
94508,3.99605330535676
94526,3.99605330535676
94529,3.99605330535676
94535,3.99605330535676
94536,3.99605330535676
94538,3.99605330535676
94540,3.99605330535676
94549,3.99605330535676
94553,3.99605330535676
94558,3.99605330535676
94566,3.99605330535676
94567,3.99605330535676
94570,3.99605330535676
94579,3.99605330535676
94582,3.99605330535676
94586,3.99605330535676
94587,3.99605330535676
94591,3.99605330535676
94596,3.99605330535676
94600,3.99605330535676
94610,3.99605330535676
94616,3.99605330535676
94618,3.99605330535676
94619,3.99605330535676
94624,3.99605330535676
94642,3.99605330535676
94643,3.99605330535676
94649,3.99605330535676
94656,3.99605330535676
94659,3.99605330535676
94666,3.99605330535676
94670,3.99605330535676
94671,3.99605330535676
94674,3.99605330535676
94678,3.99605330535676
94679,3.99605330535676
94692,3.99605330535676
94695,3.99605330535676
94704,3.99605330535676
94708,3.99605330535676
94709,3.99605330535676
94718,3.99605330535676
94721,3.99605330535676
94724,3.99605330535676
94727,3.99605330535676
94735,3.99605330535676
94740,3.99605330535676
94741,3.99605330535676
94744,3.99605330535676
94745,3.99605330535676
94746,3.99605330535676
94749,3.99605330535676
94751,3.99605330535676
94752,3.99605330535676
94753,3.99605330535676
94761,3.99605330535676
94762,3.99605330535676
94765,3.99605330535676
94768,3.99605330535676
94769,3.99605330535676
94775,3.99605330535676
94777,3.99605330535676
94781,3.99605330535676
94788,3.99605330535676
94790,3.99605330535676
94805,3.99605330535676
94809,3.99605330535676
94813,3.99605330535676
94814,3.99605330535676
94818,3.99605330535676
94822,3.99605330535676
94838,3.99605330535676
94839,3.99605330535676
94842,3.99605330535676
94844,3.99605330535676
94845,3.99605330535676
94854,3.99605330535676
94858,3.99605330535676
94864,3.99605330535676
94873,3.99605330535676
94877,3.99605330535676
94889,3.99605330535676
94891,3.99605330535676
94909,3.99605330535676
94910,3.99605330535676
94916,3.99605330535676
94930,3.99605330535676
94936,3.99605330535676
94940,3.99605330535676
94945,3.99605330535676
94960,3.99605330535676
94968,3.99605330535676
94969,3.99605330535676
94970,3.99605330535676
94973,3.99605330535676
94977,3.99605330535676
94978,3.99605330535676
94983,3.99605330535676
94984,3.99605330535676
95018,3.99605330535676
95022,3.99605330535676
95024,3.99605330535676
95046,3.99605330535676
95047,3.99605330535676
95065,3.99605330535676
95066,3.99605330535676
95070,3.99605330535676
95071,3.99605330535676
95073,3.99605330535676
95089,3.99605330535676
95091,3.99605330535676
95094,3.99605330535676
95096,3.99605330535676
95097,3.99605330535676
95103,3.99605330535676
95105,3.99605330535676
95109,3.99605330535676
95111,3.99605330535676
95112,3.99605330535676
95116,3.99605330535676
95118,3.99605330535676
95119,3.99605330535676
95132,3.99605330535676
95143,3.99605330535676
95144,3.99605330535676
95146,3.99605330535676
95149,3.99605330535676
95155,3.99605330535676
95164,3.99605330535676
95175,3.99605330535676
95180,3.99605330535676
95181,3.99605330535676
95185,3.99605330535676
95186,3.99605330535676
95187,3.99605330535676
95190,3.99605330535676
95192,3.99605330535676
95196,3.99605330535676
95200,3.99605330535676
95208,3.99605330535676
95223,3.99605330535676
95225,3.99605330535676
95228,3.99605330535676
95239,3.99605330535676
95242,3.99605330535676
95249,3.99605330535676
95253,3.99605330535676
95260,3.99605330535676
95262,3.99605330535676
95263,3.99605330535676
95265,3.99605330535676
95267,3.99605330535676
95269,3.99605330535676
95280,3.99605330535676
95282,3.99605330535676
95288,3.99605330535676
95295,3.99605330535676
95297,3.99605330535676
95298,3.99605330535676
95300,3.99605330535676
95305,3.99605330535676
95306,3.99605330535676
95307,3.99605330535676
95308,3.99605330535676
95310,3.99605330535676
95316,3.99605330535676
95324,3.99605330535676
95325,3.99605330535676
95326,3.99605330535676
95331,3.99605330535676
95342,3.99605330535676
95343,3.99605330535676
95345,3.99605330535676
95348,3.99605330535676
95356,3.99605330535676
95368,3.99605330535676
95369,3.99605330535676
95378,3.99605330535676
95384,3.99605330535676
95386,3.99605330535676
95389,3.99605330535676
95400,3.99605330535676
95409,3.99605330535676
95414,3.99605330535676
95416,3.99605330535676
95427,3.99605330535676
95430,3.99605330535676
95432,3.99605330535676
95434,3.99605330535676
95441,3.99605330535676
95446,3.99605330535676
95447,3.99605330535676
95448,3.99605330535676
95450,3.99605330535676
95467,3.99605330535676
95468,3.99605330535676
95472,3.99605330535676
95479,3.99605330535676
95480,3.99605330535676
95487,3.99605330535676
95492,3.99605330535676
95494,3.99605330535676
95495,3.99605330535676
95499,3.99605330535676
95502,3.99605330535676
95504,3.99605330535676
95505,3.99605330535676
95518,3.99605330535676
95521,3.99605330535676
95523,3.99605330535676
95527,3.99605330535676
95535,3.99605330535676
95545,3.99605330535676
95553,3.99605330535676
95561,3.99605330535676
95572,3.99605330535676
95574,3.99605330535676
95576,3.99605330535676
95588,3.99605330535676
95590,3.99605330535676
95596,3.99605330535676
95597,3.99605330535676
95598,3.99605330535676
95603,3.99605330535676
95606,3.99605330535676
95608,3.99605330535676
95614,3.99605330535676
95626,3.99605330535676
95637,3.99605330535676
95639,3.99605330535676
95646,3.99605330535676
95649,3.99605330535676
95658,3.99605330535676
95661,3.99605330535676
95669,3.99605330535676
95670,3.99605330535676
95677,3.99605330535676
95686,3.99605330535676
95688,3.99605330535676
95689,3.99605330535676
95692,3.99605330535676
95701,3.99605330535676
95703,3.99605330535676
95708,3.99605330535676
95709,3.99605330535676
95710,3.99605330535676
95718,3.99605330535676
95728,3.99605330535676
95736,3.99605330535676
95739,3.99605330535676
95740,3.99605330535676
95750,3.99605330535676
95751,3.99605330535676
95755,3.99605330535676
95762,3.99605330535676
95764,3.99605330535676
95765,3.99605330535676
95771,3.99605330535676
95789,3.99605330535676
95794,3.99605330535676
95799,3.99605330535676
95800,3.99605330535676
95806,3.99605330535676
95810,3.99605330535676
95815,3.99605330535676
95817,3.99605330535676
95818,3.99605330535676
95828,3.99605330535676
95830,3.99605330535676
95836,3.99605330535676
95844,3.99605330535676
95846,3.99605330535676
95847,3.99605330535676
95848,3.99605330535676
95855,3.99605330535676
95871,3.99605330535676
95872,3.99605330535676
95874,3.99605330535676
95876,3.99605330535676
95890,3.99605330535676
95902,3.99605330535676
95903,3.99605330535676
95904,3.99605330535676
95912,3.99605330535676
95917,3.99605330535676
95921,3.99605330535676
95933,3.99605330535676
95935,3.99605330535676
95936,3.99605330535676
95947,3.99605330535676
95949,3.99605330535676
95964,3.99605330535676
95967,3.99605330535676
95969,3.99605330535676
95975,3.99605330535676
95977,3.99605330535676
95990,3.99605330535676
95991,3.99605330535676
95992,3.99605330535676
95998,3.99605330535676
96004,3.99605330535676
96007,3.99605330535676
96024,3.99605330535676
96025,3.99605330535676
96026,3.99605330535676
96027,3.99605330535676
96030,3.99605330535676
96038,3.99605330535676
96042,3.99605330535676
96044,3.99605330535676
96045,3.99605330535676
96046,3.99605330535676
96052,3.99605330535676
96056,3.99605330535676
96058,3.99605330535676
96060,3.99605330535676
96064,3.99605330535676
96069,3.99605330535676
96078,3.99605330535676
96094,3.99605330535676
96096,3.99605330535676
96101,3.99605330535676
96107,3.99605330535676
96112,3.99605330535676
96115,3.99605330535676
96121,3.99605330535676
96122,3.99605330535676
96126,3.99605330535676
96127,3.99605330535676
96138,3.99605330535676
96145,3.99605330535676
96164,3.99605330535676
96166,3.99605330535676
96167,3.99605330535676
96175,3.99605330535676
96185,3.99605330535676
96188,3.99605330535676
96190,3.99605330535676
96201,3.99605330535676
96203,3.99605330535676
96206,3.99605330535676
96208,3.99605330535676
96220,3.99605330535676
96229,3.99605330535676
96237,3.99605330535676
96238,3.99605330535676
96244,3.99605330535676
96246,3.99605330535676
96250,3.99605330535676
96252,3.99605330535676
96255,3.99605330535676
96257,3.99605330535676
96261,3.99605330535676
96262,3.99605330535676
96265,3.99605330535676
96275,3.99605330535676
96281,3.99605330535676
96283,3.99605330535676
96284,3.99605330535676
96285,3.99605330535676
96288,3.99605330535676
96293,3.99605330535676
96294,3.99605330535676
96295,3.99605330535676
96296,3.99605330535676
96298,3.99605330535676
96305,3.99605330535676
96308,3.99605330535676
96309,3.99605330535676
96311,3.99605330535676
96320,3.99605330535676
96322,3.99605330535676
96338,3.99605330535676
96347,3.99605330535676
96353,3.99605330535676
96359,3.99605330535676
96361,3.99605330535676
96363,3.99605330535676
96364,3.99605330535676
96366,3.99605330535676
96368,3.99605330535676
96372,3.99605330535676
96376,3.99605330535676
96384,3.99605330535676
96389,3.99605330535676
96390,3.99605330535676
96393,3.99605330535676
96399,3.99605330535676
96403,3.99605330535676
96411,3.99605330535676
96415,3.99605330535676
96417,3.99605330535676
96419,3.99605330535676
96431,3.99605330535676
96433,3.99605330535676
96438,3.99605330535676
96442,3.99605330535676
96444,3.99605330535676
96452,3.99605330535676
96461,3.99605330535676
96462,3.99605330535676
96464,3.99605330535676
96474,3.99605330535676
96479,3.99605330535676
96481,3.99605330535676
96485,3.99605330535676
96497,3.99605330535676
96500,3.99605330535676
96503,3.99605330535676
96517,3.99605330535676
96522,3.99605330535676
96529,3.99605330535676
96534,3.99605330535676
96535,3.99605330535676
96540,3.99605330535676
96545,3.99605330535676
96546,3.99605330535676
96552,3.99605330535676
96559,3.99605330535676
96569,3.99605330535676
96580,3.99605330535676
96582,3.99605330535676
96593,3.99605330535676
96594,3.99605330535676
96595,3.99605330535676
96596,3.99605330535676
96602,3.99605330535676
96605,3.99605330535676
96608,3.99605330535676
96613,3.99605330535676
96614,3.99605330535676
96617,3.99605330535676
96621,3.99605330535676
96630,3.99605330535676
96643,3.99605330535676
96644,3.99605330535676
96647,3.99605330535676
96655,3.99605330535676
96659,3.99605330535676
96662,3.99605330535676
96672,3.99605330535676
96674,3.99605330535676
96680,3.99605330535676
96682,3.99605330535676
96685,3.99605330535676
96686,3.99605330535676
96687,3.99605330535676
96695,3.99605330535676
96701,3.99605330535676
96706,3.99605330535676
96710,3.99605330535676
96714,3.99605330535676
96716,3.99605330535676
96717,3.99605330535676
96718,3.99605330535676
96723,3.99605330535676
96725,3.99605330535676
96730,3.99605330535676
96737,3.99605330535676
96749,3.99605330535676
96755,3.99605330535676
96756,3.99605330535676
96759,3.99605330535676
96773,3.99605330535676
96780,3.99605330535676
96790,3.99605330535676
96791,3.99605330535676
96798,3.99605330535676
96800,3.99605330535676
96806,3.99605330535676
96812,3.99605330535676
96817,3.99605330535676
96820,3.99605330535676
96824,3.99605330535676
96834,3.99605330535676
96835,3.99605330535676
96836,3.99605330535676
96837,3.99605330535676
96846,3.99605330535676
96853,3.99605330535676
96855,3.99605330535676
96856,3.99605330535676
96860,3.99605330535676
96864,3.99605330535676
96871,3.99605330535676
96876,3.99605330535676
96882,3.99605330535676
96883,3.99605330535676
96887,3.99605330535676
96888,3.99605330535676
96896,3.99605330535676
96898,3.99605330535676
96902,3.99605330535676
96909,3.99605330535676
96911,3.99605330535676
96912,3.99605330535676
96927,3.99605330535676
96930,3.99605330535676
96933,3.99605330535676
96936,3.99605330535676
96945,3.99605330535676
96949,3.99605330535676
96950,3.99605330535676
96955,3.99605330535676
96956,3.99605330535676
96957,3.99605330535676
96971,3.99605330535676
96987,3.99605330535676
96992,3.99605330535676
96993,3.99605330535676
96995,3.99605330535676
97000,3.99605330535676
97001,3.99605330535676
97006,3.99605330535676
97009,3.99605330535676
97013,3.99605330535676
97017,3.99605330535676
97024,3.99605330535676
97025,3.99605330535676
97029,3.99605330535676
97048,3.99605330535676
97058,3.99605330535676
97060,3.99605330535676
97072,3.99605330535676
97076,3.99605330535676
97090,3.99605330535676
97095,3.99605330535676
97098,3.99605330535676
97101,3.99605330535676
97109,3.99605330535676
97118,3.99605330535676
97126,3.99605330535676
97127,3.99605330535676
97133,3.99605330535676
97136,3.99605330535676
97141,3.99605330535676
97147,3.99605330535676
97153,3.99605330535676
97154,3.99605330535676
97157,3.99605330535676
97164,3.99605330535676
97173,3.99605330535676
97176,3.99605330535676
97180,3.99605330535676
97185,3.99605330535676
97188,3.99605330535676
97193,3.99605330535676
97198,3.99605330535676
97208,3.99605330535676
97210,3.99605330535676
97216,3.99605330535676
97222,3.99605330535676
97225,3.99605330535676
97240,3.99605330535676
97245,3.99605330535676
97250,3.99605330535676
97254,3.99605330535676
97261,3.99605330535676
97263,3.99605330535676
97266,3.99605330535676
97270,3.99605330535676
97285,3.99605330535676
97321,3.99605330535676
97333,3.99605330535676
97338,3.99605330535676
97345,3.99605330535676
97352,3.99605330535676
97353,3.99605330535676
97356,3.99605330535676
97357,3.99605330535676
97365,3.99605330535676
97368,3.99605330535676
97371,3.99605330535676
97376,3.99605330535676
97382,3.99605330535676
97383,3.99605330535676
97390,3.99605330535676
97392,3.99605330535676
97398,3.99605330535676
97401,3.99605330535676
97402,3.99605330535676
97403,3.99605330535676
97405,3.99605330535676
97410,3.99605330535676
97412,3.99605330535676
97413,3.99605330535676
97416,3.99605330535676
97419,3.99605330535676
97422,3.99605330535676
97441,3.99605330535676
97446,3.99605330535676
97450,3.99605330535676
97467,3.99605330535676
97485,3.99605330535676
97488,3.99605330535676
97499,3.99605330535676
97513,3.99605330535676
97526,3.99605330535676
97531,3.99605330535676
97534,3.99605330535676
97546,3.99605330535676
97554,3.99605330535676
97559,3.99605330535676
97564,3.99605330535676
97566,3.99605330535676
97568,3.99605330535676
97569,3.99605330535676
97572,3.99605330535676
97579,3.99605330535676
97589,3.99605330535676
97592,3.99605330535676
97595,3.99605330535676
97597,3.99605330535676
97601,3.99605330535676
97605,3.99605330535676
97606,3.99605330535676
97621,3.99605330535676
97626,3.99605330535676
97631,3.99605330535676
97648,3.99605330535676
97650,3.99605330535676
97653,3.99605330535676
97656,3.99605330535676
97665,3.99605330535676
97669,3.99605330535676
97672,3.99605330535676
97674,3.99605330535676
97677,3.99605330535676
97678,3.99605330535676
97683,3.99605330535676
97684,3.99605330535676
97686,3.99605330535676
97696,3.99605330535676
97698,3.99605330535676
97700,3.99605330535676
97706,3.99605330535676
97717,3.99605330535676
97736,3.99605330535676
97743,3.99605330535676
97751,3.99605330535676
97754,3.99605330535676
97757,3.99605330535676
97758,3.99605330535676
97764,3.99605330535676
97777,3.99605330535676
97812,3.99605330535676
97828,3.99605330535676
97836,3.99605330535676
97839,3.99605330535676
97845,3.99605330535676
97847,3.99605330535676
97851,3.99605330535676
97854,3.99605330535676
97866,3.99605330535676
97868,3.99605330535676
97871,3.99605330535676
97873,3.99605330535676
97883,3.99605330535676
97885,3.99605330535676
97886,3.99605330535676
97895,3.99605330535676
97897,3.99605330535676
97901,3.99605330535676
97906,3.99605330535676
97908,3.99605330535676
97909,3.99605330535676
97911,3.99605330535676
97921,3.99605330535676
97933,3.99605330535676
97937,3.99605330535676
97938,3.99605330535676
97942,3.99605330535676
97951,3.99605330535676
97953,3.99605330535676
97955,3.99605330535676
97957,3.99605330535676
97960,3.99605330535676
97964,3.99605330535676
97967,3.99605330535676
97968,3.99605330535676
97974,3.99605330535676
97978,3.99605330535676
97999,3.99605330535676
98001,3.99605330535676
98002,3.99605330535676
98003,3.99605330535676
98008,3.99605330535676
98010,3.99605330535676
98016,3.99605330535676
98017,3.99605330535676
98021,3.99605330535676
98023,3.99605330535676
98034,3.99605330535676
98035,3.99605330535676
98037,3.99605330535676
98038,3.99605330535676
98039,3.99605330535676
98048,3.99605330535676
98069,3.99605330535676
98072,3.99605330535676
98082,3.99605330535676
98083,3.99605330535676
98089,3.99605330535676
98090,3.99605330535676
98096,3.99605330535676
98101,3.99605330535676
98113,3.99605330535676
98120,3.99605330535676
98128,3.99605330535676
98132,3.99605330535676
98134,3.99605330535676
98137,3.99605330535676
98148,3.99605330535676
98149,3.99605330535676
98151,3.99605330535676
98156,3.99605330535676
98170,3.99605330535676
98171,3.99605330535676
98193,3.99605330535676
98198,3.99605330535676
98212,3.99605330535676
98216,3.99605330535676
98220,3.99605330535676
98230,3.99605330535676
98233,3.99605330535676
98241,3.99605330535676
98245,3.99605330535676
98254,3.99605330535676
98260,3.99605330535676
98266,3.99605330535676
98268,3.99605330535676
98275,3.99605330535676
98282,3.99605330535676
98286,3.99605330535676
98288,3.99605330535676
98290,3.99605330535676
98296,3.99605330535676
98297,3.99605330535676
98304,3.99605330535676
98305,3.99605330535676
98316,3.99605330535676
98321,3.99605330535676
98326,3.99605330535676
98333,3.99605330535676
98339,3.99605330535676
98347,3.99605330535676
98357,3.99605330535676
98360,3.99605330535676
98367,3.99605330535676
98373,3.99605330535676
98375,3.99605330535676
98378,3.99605330535676
98384,3.99605330535676
98388,3.99605330535676
98392,3.99605330535676
98393,3.99605330535676
98394,3.99605330535676
98395,3.99605330535676
98396,3.99605330535676
98397,3.99605330535676
98401,3.99605330535676
98409,3.99605330535676
98412,3.99605330535676
98414,3.99605330535676
98416,3.99605330535676
98423,3.99605330535676
98427,3.99605330535676
98428,3.99605330535676
98442,3.99605330535676
98444,3.99605330535676
98451,3.99605330535676
98458,3.99605330535676
98459,3.99605330535676
98460,3.99605330535676
98461,3.99605330535676
98474,3.99605330535676
98479,3.99605330535676
98480,3.99605330535676
98481,3.99605330535676
98488,3.99605330535676
98497,3.99605330535676
98499,3.99605330535676
98502,3.99605330535676
98504,3.99605330535676
98512,3.99605330535676
98517,3.99605330535676
98521,3.99605330535676
98522,3.99605330535676
98529,3.99605330535676
98533,3.99605330535676
98534,3.99605330535676
98540,3.99605330535676
98550,3.99605330535676
98561,3.99605330535676
98566,3.99605330535676
98567,3.99605330535676
98583,3.99605330535676
98595,3.99605330535676
98621,3.99605330535676
98629,3.99605330535676
98631,3.99605330535676
98635,3.99605330535676
98662,3.99605330535676
98670,3.99605330535676
98671,3.99605330535676
98674,3.99605330535676
98690,3.99605330535676
98691,3.99605330535676
98695,3.99605330535676
98697,3.99605330535676
98698,3.99605330535676
98700,3.99605330535676
98702,3.99605330535676
98711,3.99605330535676
98713,3.99605330535676
98714,3.99605330535676
98717,3.99605330535676
98720,3.99605330535676
98728,3.99605330535676
98735,3.99605330535676
98736,3.99605330535676
98745,3.99605330535676
98747,3.99605330535676
98759,3.99605330535676
98760,3.99605330535676
98762,3.99605330535676
98770,3.99605330535676
98773,3.99605330535676
98774,3.99605330535676
98775,3.99605330535676
98779,3.99605330535676
98782,3.99605330535676
98791,3.99605330535676
98800,3.99605330535676
98813,3.99605330535676
98817,3.99605330535676
98818,3.99605330535676
98820,3.99605330535676
98831,3.99605330535676
98833,3.99605330535676
98835,3.99605330535676
98844,3.99605330535676
98845,3.99605330535676
98853,3.99605330535676
98856,3.99605330535676
98859,3.99605330535676
98868,3.99605330535676
98881,3.99605330535676
98887,3.99605330535676
98899,3.99605330535676
98905,3.99605330535676
98914,3.99605330535676
98919,3.99605330535676
98924,3.99605330535676
98933,3.99605330535676
98939,3.99605330535676
98941,3.99605330535676
98942,3.99605330535676
98948,3.99605330535676
98956,3.99605330535676
98957,3.99605330535676
98961,3.99605330535676
98963,3.99605330535676
98975,3.99605330535676
98979,3.99605330535676
98980,3.99605330535676
98982,3.99605330535676
98983,3.99605330535676
98986,3.99605330535676
98992,3.99605330535676
98995,3.99605330535676
98997,3.99605330535676
99006,3.99605330535676
99014,3.99605330535676
99028,3.99605330535676
99030,3.99605330535676
99031,3.99605330535676
99043,3.99605330535676
99052,3.99605330535676
99054,3.99605330535676
99061,3.99605330535676
99062,3.99605330535676
99063,3.99605330535676
99066,3.99605330535676
99067,3.99605330535676
99068,3.99605330535676
99075,3.99605330535676
99081,3.99605330535676
99082,3.99605330535676
99084,3.99605330535676
99088,3.99605330535676
99091,3.99605330535676
99092,3.99605330535676
99093,3.99605330535676
99098,3.99605330535676
99105,3.99605330535676
99127,3.99605330535676
99133,3.99605330535676
99134,3.99605330535676
99136,3.99605330535676
99140,3.99605330535676
99143,3.99605330535676
99153,3.99605330535676
99163,3.99605330535676
99166,3.99605330535676
99167,3.99605330535676
99168,3.99605330535676
99170,3.99605330535676
99173,3.99605330535676
99180,3.99605330535676
99187,3.99605330535676
99190,3.99605330535676
99200,3.99605330535676
99209,3.99605330535676
99214,3.99605330535676
99216,3.99605330535676
99224,3.99605330535676
99238,3.99605330535676
99241,3.99605330535676
99245,3.99605330535676
99257,3.99605330535676
99258,3.99605330535676
99260,3.99605330535676
99262,3.99605330535676
99268,3.99605330535676
99269,3.99605330535676
99270,3.99605330535676
99277,3.99605330535676
99278,3.99605330535676
99282,3.99605330535676
99289,3.99605330535676
99295,3.99605330535676
99300,3.99605330535676
99304,3.99605330535676
99305,3.99605330535676
99307,3.99605330535676
99308,3.99605330535676
99310,3.99605330535676
99317,3.99605330535676
99326,3.99605330535676
99329,3.99605330535676
99330,3.99605330535676
99354,3.99605330535676
99355,3.99605330535676
99357,3.99605330535676
99362,3.99605330535676
99364,3.99605330535676
99368,3.99605330535676
99380,3.99605330535676
99381,3.99605330535676
99392,3.99605330535676
99393,3.99605330535676
99397,3.99605330535676
99400,3.99605330535676
99406,3.99605330535676
99408,3.99605330535676
99413,3.99605330535676
99420,3.99605330535676
99425,3.99605330535676
99428,3.99605330535676
99434,3.99605330535676
99437,3.99605330535676
99441,3.99605330535676
99444,3.99605330535676
99447,3.99605330535676
99455,3.99605330535676
99464,3.99605330535676
99466,3.99605330535676
99469,3.99605330535676
99473,3.99605330535676
99475,3.99605330535676
99476,3.99605330535676
99484,3.99605330535676
99488,3.99605330535676
99494,3.99605330535676
99495,3.99605330535676
99499,3.99605330535676
99506,3.99605330535676
99508,3.99605330535676
99524,3.99605330535676
99525,3.99605330535676
99529,3.99605330535676
99533,3.99605330535676
99535,3.99605330535676
99540,3.99605330535676
99543,3.99605330535676
99546,3.99605330535676
99549,3.99605330535676
99552,3.99605330535676
99553,3.99605330535676
99554,3.99605330535676
99560,3.99605330535676
99562,3.99605330535676
99564,3.99605330535676
99567,3.99605330535676
99570,3.99605330535676
99573,3.99605330535676
99585,3.99605330535676
99588,3.99605330535676
99606,3.99605330535676
99607,3.99605330535676
99613,3.99605330535676
99615,3.99605330535676
99616,3.99605330535676
99628,3.99605330535676
99629,3.99605330535676
99630,3.99605330535676
99634,3.99605330535676
99635,3.99605330535676
99641,3.99605330535676
99644,3.99605330535676
99646,3.99605330535676
99647,3.99605330535676
99651,3.99605330535676
99657,3.99605330535676
99663,3.99605330535676
99668,3.99605330535676
99674,3.99605330535676
99675,3.99605330535676
99684,3.99605330535676
99687,3.99605330535676
99688,3.99605330535676
99696,3.99605330535676
99704,3.99605330535676
99713,3.99605330535676
99718,3.99605330535676
99721,3.99605330535676
99732,3.99605330535676
99741,3.99605330535676
99743,3.99605330535676
99749,3.99605330535676
99766,3.99605330535676
99767,3.99605330535676
99770,3.99605330535676
99772,3.99605330535676
99776,3.99605330535676
99779,3.99605330535676
99780,3.99605330535676
99784,3.99605330535676
99801,3.99605330535676
99804,3.99605330535676
99806,3.99605330535676
99810,3.99605330535676
99813,3.99605330535676
99814,3.99605330535676
99817,3.99605330535676
99819,3.99605330535676
99822,3.99605330535676
99826,3.99605330535676
99829,3.99605330535676
99839,3.99605330535676
99840,3.99605330535676
99849,3.99605330535676
99854,3.99605330535676
99857,3.99605330535676
99858,3.99605330535676
99859,3.99605330535676
99861,3.99605330535676
99862,3.99605330535676
99864,3.99605330535676
99869,3.99605330535676
99873,3.99605330535676
99874,3.99605330535676
99885,3.99605330535676
99888,3.99605330535676
99897,3.99605330535676
99902,3.99605330535676
99904,3.99605330535676
99908,3.99605330535676
99911,3.99605330535676
99921,3.99605330535676
99926,3.99605330535676
99927,3.99605330535676
99930,3.99605330535676
99934,3.99605330535676
99941,3.99605330535676
99949,3.99605330535676
99955,3.99605330535676
99959,3.99605330535676
99960,3.99605330535676
99961,3.99605330535676
99962,3.99605330535676
99964,3.99605330535676
99969,3.99605330535676
99977,3.99605330535676
99987,3.99605330535676
99995,3.99605330535676
99996,3.99605330535676
99999,3.99605330535676
